2026-08-01 17:45:55  WARNING   nexus.test  Demo readiness check -- logging test entry
2026-08-01 23:11:50  INFO      __main__  === Indexer run started (workers=None) ===
2026-08-01 23:11:50  INFO      discovery  Scanning: C:\Users\acer\Documents\Aadhisesha
2026-08-01 23:11:50  INFO      __main__  Discovery complete: 14 file(s) found
2026-08-01 23:11:50  INFO      __main__  Indexer setup — System CPUs: 8 | CPU Process Workers: 7 | Ollama Thread Workers: 4
2026-08-01 23:11:53  DEBUG     chromadb.config  Starting component System
2026-08-01 23:11:53  DEBUG     chromadb.config  Starting component Posthog
2026-08-01 23:11:53  DEBUG     __main__  SKIP Aadhisesha_35x35.jpeg (mtime unchanged)
2026-08-01 23:11:53  DEBUG     __main__  SKIP aadhisesha_resume.pdf (mtime unchanged)
2026-08-01 23:11:53  DEBUG     __main__  SKIP Aadhi_Passport_Photo.jpeg (mtime unchanged)
2026-08-01 23:11:53  DEBUG     __main__  SKIP Aadhi_Passport_Photo_white.jpeg (mtime unchanged)
2026-08-01 23:11:53  DEBUG     __main__  SKIP Aadhi_Passport_raw.JPG (mtime unchanged)
2026-08-01 23:11:53  DEBUG     __main__  SKIP College_ID_Card.jpeg (mtime unchanged)
2026-08-01 23:11:53  DEBUG     __main__  SKIP College_ID_Card.pdf (mtime unchanged)
2026-08-01 23:11:53  DEBUG     __main__  SKIP College_ID_Card2.jpeg (mtime unchanged)
2026-08-01 23:11:53  DEBUG     __main__  SKIP CT20265021581_Application_Form.pdf (mtime unchanged)
2026-08-01 23:11:53  DEBUG     __main__  SKIP Info_Document.pdf (mtime unchanged)
2026-08-01 23:11:53  DEBUG     __main__  SKIP tcsnowhite.jpeg (mtime unchanged)
2026-08-01 23:11:53  DEBUG     __main__  SKIP tcsoriginal.jpeg (mtime unchanged)
2026-08-01 23:11:53  DEBUG     __main__  SKIP tcs_application.pdf (mtime unchanged)
2026-08-01 23:11:53  DEBUG     __main__  SKIP TITAN LeAP - CS Dept.xlsx (mtime unchanged)
2026-08-01 23:11:53  INFO      __main__  === Indexer run complete — indexed=0 skipped=14 failed=0 total_time=3.07s ===
2026-08-02 00:03:20  INFO      __main__  === Indexer run started (workers=None) ===
2026-08-02 00:03:20  INFO      discovery  Scanning: C:\Users\acer\Documents\Aadhisesha
2026-08-02 00:03:20  INFO      __main__  Discovery complete: 14 file(s) found
2026-08-02 00:03:20  INFO      __main__  Indexer setup — System CPUs: 8 | CPU Process Workers: 7 | Ollama Thread Workers: 4
2026-08-02 00:03:23  DEBUG     chromadb.config  Starting component System
2026-08-02 00:03:23  DEBUG     chromadb.config  Starting component Posthog
2026-08-02 00:03:23  DEBUG     __main__  SKIP Aadhisesha_35x35.jpeg (mtime unchanged)
2026-08-02 00:03:23  DEBUG     __main__  SKIP aadhisesha_resume.pdf (mtime unchanged)
2026-08-02 00:03:23  DEBUG     __main__  SKIP Aadhi_Passport_Photo.jpeg (mtime unchanged)
2026-08-02 00:03:23  DEBUG     __main__  SKIP Aadhi_Passport_Photo_white.jpeg (mtime unchanged)
2026-08-02 00:03:23  DEBUG     __main__  SKIP Aadhi_Passport_raw.JPG (mtime unchanged)
2026-08-02 00:03:23  DEBUG     __main__  SKIP College_ID_Card.jpeg (mtime unchanged)
2026-08-02 00:03:23  DEBUG     __main__  SKIP College_ID_Card.pdf (mtime unchanged)
2026-08-02 00:03:23  DEBUG     __main__  SKIP College_ID_Card2.jpeg (mtime unchanged)
2026-08-02 00:03:23  DEBUG     __main__  SKIP CT20265021581_Application_Form.pdf (mtime unchanged)
2026-08-02 00:03:23  DEBUG     __main__  SKIP Info_Document.pdf (mtime unchanged)
2026-08-02 00:03:23  DEBUG     __main__  SKIP tcsnowhite.jpeg (mtime unchanged)
2026-08-02 00:03:23  DEBUG     __main__  SKIP tcsoriginal.jpeg (mtime unchanged)
2026-08-02 00:03:23  DEBUG     __main__  SKIP tcs_application.pdf (mtime unchanged)
2026-08-02 00:03:23  DEBUG     __main__  SKIP TITAN LeAP - CS Dept.xlsx (mtime unchanged)
2026-08-02 00:03:23  INFO      __main__  === Indexer run complete — indexed=0 skipped=14 failed=0 total_time=3.55s ===
2026-08-02 00:04:38  INFO      __main__  === Indexer run started (workers=None) ===
2026-08-02 00:04:38  INFO      discovery  Scanning: C:\Users\acer\Documents\Aadhisesha
2026-08-02 00:04:38  INFO      __main__  Discovery complete: 14 file(s) found
2026-08-02 00:04:38  INFO      __main__  Indexer setup — System CPUs: 8 | CPU Process Workers: 7 | Ollama Thread Workers: 4
2026-08-02 00:04:40  DEBUG     chromadb.config  Starting component System
2026-08-02 00:04:40  DEBUG     chromadb.config  Starting component Posthog
2026-08-02 00:04:40  DEBUG     __main__  SKIP Aadhisesha_35x35.jpeg (mtime unchanged)
2026-08-02 00:04:40  DEBUG     __main__  SKIP aadhisesha_resume.pdf (mtime unchanged)
2026-08-02 00:04:41  DEBUG     __main__  SKIP Aadhi_Passport_Photo.jpeg (mtime unchanged)
2026-08-02 00:04:41  DEBUG     __main__  SKIP Aadhi_Passport_Photo_white.jpeg (mtime unchanged)
2026-08-02 00:04:41  DEBUG     __main__  SKIP Aadhi_Passport_raw.JPG (mtime unchanged)
2026-08-02 00:04:41  DEBUG     __main__  SKIP College_ID_Card.jpeg (mtime unchanged)
2026-08-02 00:04:41  DEBUG     __main__  SKIP College_ID_Card.pdf (mtime unchanged)
2026-08-02 00:04:41  DEBUG     __main__  SKIP College_ID_Card2.jpeg (mtime unchanged)
2026-08-02 00:04:41  DEBUG     __main__  SKIP CT20265021581_Application_Form.pdf (mtime unchanged)
2026-08-02 00:04:41  DEBUG     __main__  SKIP Info_Document.pdf (mtime unchanged)
2026-08-02 00:04:41  DEBUG     __main__  SKIP tcsnowhite.jpeg (mtime unchanged)
2026-08-02 00:04:41  DEBUG     __main__  SKIP tcsoriginal.jpeg (mtime unchanged)
2026-08-02 00:04:41  DEBUG     __main__  SKIP tcs_application.pdf (mtime unchanged)
2026-08-02 00:04:41  DEBUG     __main__  SKIP TITAN LeAP - CS Dept.xlsx (mtime unchanged)
2026-08-02 00:04:41  INFO      __main__  === Indexer run complete — indexed=0 skipped=14 failed=0 total_time=2.15s ===
2026-08-02 00:05:01  INFO      __main__  === Indexer run started (workers=None) ===
2026-08-02 00:05:01  INFO      discovery  Scanning: C:\Users\acer\Documents\Aadhisesha
2026-08-02 00:05:01  INFO      __main__  Discovery complete: 14 file(s) found
2026-08-02 00:05:01  INFO      __main__  Indexer setup — System CPUs: 8 | CPU Process Workers: 7 | Ollama Thread Workers: 4
2026-08-02 00:05:03  DEBUG     chromadb.config  Starting component System
2026-08-02 00:05:03  DEBUG     chromadb.config  Starting component Posthog
2026-08-02 00:05:06  DEBUG     httpcore.connection  connect_tcp.started host='127.0.0.1' port=11434 local_address=None timeout=None socket_options=None
2026-08-02 00:05:06  DEBUG     httpcore.connection  connect_tcp.started host='127.0.0.1' port=11434 local_address=None timeout=None socket_options=None
2026-08-02 00:05:06  DEBUG     httpcore.connection  connect_tcp.started host='127.0.0.1' port=11434 local_address=None timeout=None socket_options=None
2026-08-02 00:05:06  DEBUG     httpcore.connection  connect_tcp.started host='127.0.0.1' port=11434 local_address=None timeout=None socket_options=None
2026-08-02 00:05:06  DEBUG     httpcore.connection  connect_tcp.complete return_value=<httpcore._backends.sync.SyncStream object at 0x00000265334E6A50>
2026-08-02 00:05:06  DEBUG     httpcore.connection  connect_tcp.complete return_value=<httpcore._backends.sync.SyncStream object at 0x0000026533658910>
2026-08-02 00:05:06  DEBUG     httpcore.http11  send_request_headers.started request=<Request [b'POST']>
2026-08-02 00:05:06  DEBUG     httpcore.connection  connect_tcp.complete return_value=<httpcore._backends.sync.SyncStream object at 0x0000026533658CD0>
2026-08-02 00:05:06  DEBUG     httpcore.http11  send_request_headers.started request=<Request [b'POST']>
2026-08-02 00:05:06  DEBUG     httpcore.connection  connect_tcp.complete return_value=<httpcore._backends.sync.SyncStream object at 0x0000026533601F30>
2026-08-02 00:05:06  DEBUG     httpcore.http11  send_request_headers.started request=<Request [b'POST']>
2026-08-02 00:05:06  DEBUG     httpcore.http11  send_request_headers.complete
2026-08-02 00:05:06  DEBUG     httpcore.http11  send_request_body.started request=<Request [b'POST']>
2026-08-02 00:05:06  DEBUG     httpcore.http11  send_request_headers.complete
2026-08-02 00:05:06  DEBUG     httpcore.http11  send_request_body.started request=<Request [b'POST']>
2026-08-02 00:05:06  DEBUG     httpcore.http11  send_request_headers.complete
2026-08-02 00:05:06  DEBUG     httpcore.http11  send_request_headers.started request=<Request [b'POST']>
2026-08-02 00:05:06  DEBUG     httpcore.http11  send_request_body.complete
2026-08-02 00:05:06  DEBUG     httpcore.http11  receive_response_headers.started request=<Request [b'POST']>
2026-08-02 00:05:06  DEBUG     httpcore.http11  send_request_body.started request=<Request [b'POST']>
2026-08-02 00:05:06  DEBUG     httpcore.http11  send_request_body.complete
2026-08-02 00:05:06  DEBUG     httpcore.http11  receive_response_headers.started request=<Request [b'POST']>
2026-08-02 00:05:06  DEBUG     httpcore.http11  send_request_headers.complete
2026-08-02 00:05:06  DEBUG     httpcore.http11  send_request_body.started request=<Request [b'POST']>
2026-08-02 00:05:06  DEBUG     httpcore.http11  send_request_body.complete
2026-08-02 00:05:06  DEBUG     httpcore.http11  receive_response_headers.started request=<Request [b'POST']>
2026-08-02 00:05:06  DEBUG     httpcore.http11  send_request_body.complete
2026-08-02 00:05:06  DEBUG     httpcore.http11  receive_response_headers.started request=<Request [b'POST']>
2026-08-02 00:05:48  DEBUG     httpcore.http11  receive_response_headers.complete return_value=(b'HTTP/1.1', 200, b'OK', [(b'Content-Type', b'application/json; charset=utf-8'), (b'Date', b'Sat, 01 Aug 2026 18:35:48 GMT'), (b'Content-Length', b'617')])
2026-08-02 00:05:48  INFO      httpx  HTTP Request: POST http://127.0.0.1:11434/api/chat "HTTP/1.1 200 OK"
2026-08-02 00:05:48  DEBUG     httpcore.http11  receive_response_body.started request=<Request [b'POST']>
2026-08-02 00:05:48  DEBUG     httpcore.http11  receive_response_body.complete
2026-08-02 00:05:48  DEBUG     httpcore.http11  response_closed.started
2026-08-02 00:05:48  DEBUG     httpcore.http11  response_closed.complete
2026-08-02 00:05:48  INFO      parsers.image_parser  VLM Output Parsed — extracted_text len=0, description len=316
2026-08-02 00:05:48  WARNING   parsers.image_parser  Ollama Vision call timed out (30s) for 'C:\Users\acer\Documents\Aadhisesha\Aadhi_Passport_raw.JPG'; falling back to Tesseract.
2026-08-02 00:05:53  DEBUG     pytesseract  ['tesseract', 'C:\\Users\\acer\\AppData\\Local\\Temp\\tess_9mmu48sl_input.PNG', 'C:\\Users\\acer\\AppData\\Local\\Temp\\tess_9mmu48sl', '-l', 'eng', 'txt']
2026-08-02 00:05:53  ERROR     parsers.image_parser  Tesseract executable not found. Install Tesseract and ensure it is on your PATH.
2026-08-02 00:05:53  DEBUG     httpcore.connection  close.started
2026-08-02 00:05:53  DEBUG     httpcore.connection  close.complete
2026-08-02 00:05:53  DEBUG     httpcore.connection  connect_tcp.started host='127.0.0.1' port=11434 local_address=None timeout=None socket_options=None
2026-08-02 00:05:53  DEBUG     httpcore.connection  connect_tcp.complete return_value=<httpcore._backends.sync.SyncStream object at 0x0000026535BB9F30>
2026-08-02 00:05:53  DEBUG     httpcore.http11  send_request_headers.started request=<Request [b'POST']>
2026-08-02 00:05:53  DEBUG     httpcore.http11  send_request_headers.complete
2026-08-02 00:05:53  DEBUG     httpcore.http11  send_request_body.started request=<Request [b'POST']>
2026-08-02 00:05:53  DEBUG     httpcore.http11  send_request_body.complete
2026-08-02 00:05:53  DEBUG     httpcore.http11  receive_response_headers.started request=<Request [b'POST']>
2026-08-02 00:05:54  DEBUG     httpcore.http11  receive_response_headers.complete return_value=(b'HTTP/1.1', 200, b'OK', [(b'Content-Type', b'application/json; charset=utf-8'), (b'Date', b'Sat, 01 Aug 2026 18:35:54 GMT'), (b'Content-Length', b'578')])
2026-08-02 00:05:54  INFO      httpx  HTTP Request: POST http://127.0.0.1:11434/api/chat "HTTP/1.1 200 OK"
2026-08-02 00:05:54  DEBUG     httpcore.http11  receive_response_body.started request=<Request [b'POST']>
2026-08-02 00:05:54  DEBUG     httpcore.http11  receive_response_body.complete
2026-08-02 00:05:54  DEBUG     httpcore.http11  response_closed.started
2026-08-02 00:05:54  DEBUG     httpcore.http11  response_closed.complete
2026-08-02 00:05:54  INFO      parsers.image_parser  VLM Output Parsed — extracted_text len=0, description len=279
2026-08-02 00:05:54  WARNING   parsers.image_parser  Ollama Vision call timed out (30s) for 'C:\Users\acer\Documents\Aadhisesha\Aadhisesha_35x35.jpeg'; falling back to Tesseract.
2026-08-02 00:05:54  DEBUG     pytesseract  ['tesseract', 'C:\\Users\\acer\\AppData\\Local\\Temp\\tess_k4iz24yk_input.PNG', 'C:\\Users\\acer\\AppData\\Local\\Temp\\tess_k4iz24yk', '-l', 'eng', 'txt']
2026-08-02 00:05:55  ERROR     parsers.image_parser  Tesseract executable not found. Install Tesseract and ensure it is on your PATH.
2026-08-02 00:05:55  DEBUG     httpcore.http11  send_request_headers.started request=<Request [b'POST']>
2026-08-02 00:05:55  DEBUG     httpcore.http11  send_request_headers.complete
2026-08-02 00:05:55  DEBUG     httpcore.http11  send_request_body.started request=<Request [b'POST']>
2026-08-02 00:05:55  DEBUG     httpcore.http11  send_request_body.complete
2026-08-02 00:05:55  DEBUG     httpcore.http11  receive_response_headers.started request=<Request [b'POST']>
2026-08-02 00:06:36  DEBUG     httpcore.http11  receive_response_headers.complete return_value=(b'HTTP/1.1', 200, b'OK', [(b'Content-Type', b'application/json; charset=utf-8'), (b'Date', b'Sat, 01 Aug 2026 18:36:36 GMT'), (b'Content-Length', b'575')])
2026-08-02 00:06:36  INFO      httpx  HTTP Request: POST http://127.0.0.1:11434/api/chat "HTTP/1.1 200 OK"
2026-08-02 00:06:36  DEBUG     httpcore.http11  receive_response_body.started request=<Request [b'POST']>
2026-08-02 00:06:36  DEBUG     httpcore.http11  receive_response_body.complete
2026-08-02 00:06:36  DEBUG     httpcore.http11  response_closed.started
2026-08-02 00:06:36  DEBUG     httpcore.http11  response_closed.complete
2026-08-02 00:06:36  INFO      parsers.image_parser  VLM Output Parsed — extracted_text len=0, description len=274
2026-08-02 00:06:36  WARNING   parsers.image_parser  Ollama Vision call timed out (30s) for 'C:\Users\acer\Documents\Aadhisesha\Aadhi_Passport_Photo.jpeg'; falling back to Tesseract.
2026-08-02 00:06:36  DEBUG     pytesseract  ['tesseract', 'C:\\Users\\acer\\AppData\\Local\\Temp\\tess_41kdan7j_input.PNG', 'C:\\Users\\acer\\AppData\\Local\\Temp\\tess_41kdan7j', '-l', 'eng', 'txt']
2026-08-02 00:06:37  ERROR     parsers.image_parser  Tesseract executable not found. Install Tesseract and ensure it is on your PATH.
2026-08-02 00:06:37  DEBUG     httpcore.http11  send_request_headers.started request=<Request [b'POST']>
2026-08-02 00:06:37  DEBUG     httpcore.http11  send_request_headers.complete
2026-08-02 00:06:37  DEBUG     httpcore.http11  send_request_body.started request=<Request [b'POST']>
2026-08-02 00:06:37  DEBUG     httpcore.http11  send_request_body.complete
2026-08-02 00:06:37  DEBUG     httpcore.http11  receive_response_headers.started request=<Request [b'POST']>
2026-08-02 00:06:39  INFO      __main__  === Indexer run started (workers=None) ===
2026-08-02 00:06:39  INFO      discovery  Scanning: C:\Users\acer\Documents\Aadhisesha
2026-08-02 00:06:39  INFO      __main__  Discovery complete: 14 file(s) found
2026-08-02 00:06:39  INFO      __main__  Indexer setup — System CPUs: 8 | CPU Process Workers: 7 | Ollama Thread Workers: 4
2026-08-02 00:06:45  DEBUG     chromadb.config  Starting component System
2026-08-02 00:06:45  DEBUG     chromadb.config  Starting component Posthog
2026-08-02 00:06:52  DEBUG     httpcore.connection  connect_tcp.started host='127.0.0.1' port=11434 local_address=None timeout=None socket_options=None
2026-08-02 00:06:52  DEBUG     httpcore.connection  connect_tcp.started host='127.0.0.1' port=11434 local_address=None timeout=None socket_options=None
2026-08-02 00:06:52  DEBUG     httpcore.connection  connect_tcp.started host='127.0.0.1' port=11434 local_address=None timeout=None socket_options=None
2026-08-02 00:06:52  DEBUG     httpcore.connection  connect_tcp.started host='127.0.0.1' port=11434 local_address=None timeout=None socket_options=None
2026-08-02 00:06:52  DEBUG     httpcore.connection  connect_tcp.complete return_value=<httpcore._backends.sync.SyncStream object at 0x000001E0E4E6B8C0>
2026-08-02 00:06:52  DEBUG     httpcore.http11  send_request_headers.started request=<Request [b'POST']>
2026-08-02 00:06:52  DEBUG     httpcore.http11  send_request_headers.complete
2026-08-02 00:06:52  DEBUG     httpcore.http11  send_request_body.started request=<Request [b'POST']>
2026-08-02 00:06:52  DEBUG     httpcore.http11  send_request_body.complete
2026-08-02 00:06:52  DEBUG     httpcore.http11  receive_response_headers.started request=<Request [b'POST']>
2026-08-02 00:06:52  DEBUG     httpcore.connection  connect_tcp.complete return_value=<httpcore._backends.sync.SyncStream object at 0x000001E0E4FCC910>
2026-08-02 00:06:52  DEBUG     httpcore.http11  send_request_headers.started request=<Request [b'POST']>
2026-08-02 00:06:52  DEBUG     httpcore.http11  send_request_headers.complete
2026-08-02 00:06:52  DEBUG     httpcore.http11  send_request_body.started request=<Request [b'POST']>
2026-08-02 00:06:52  DEBUG     httpcore.connection  connect_tcp.complete return_value=<httpcore._backends.sync.SyncStream object at 0x000001E0E4FCCE10>
2026-08-02 00:06:52  DEBUG     httpcore.http11  send_request_headers.started request=<Request [b'POST']>
2026-08-02 00:06:52  DEBUG     httpcore.http11  send_request_headers.complete
2026-08-02 00:06:52  DEBUG     httpcore.http11  send_request_body.started request=<Request [b'POST']>
2026-08-02 00:06:52  DEBUG     httpcore.http11  send_request_body.complete
2026-08-02 00:06:52  DEBUG     httpcore.connection  connect_tcp.complete return_value=<httpcore._backends.sync.SyncStream object at 0x000001E0E4F82060>
2026-08-02 00:06:52  DEBUG     httpcore.http11  send_request_headers.started request=<Request [b'POST']>
2026-08-02 00:06:52  DEBUG     httpcore.http11  send_request_headers.complete
2026-08-02 00:06:52  DEBUG     httpcore.http11  receive_response_headers.started request=<Request [b'POST']>
2026-08-02 00:06:52  DEBUG     httpcore.http11  send_request_body.started request=<Request [b'POST']>
2026-08-02 00:06:52  DEBUG     httpcore.http11  send_request_body.complete
2026-08-02 00:06:52  DEBUG     httpcore.http11  receive_response_headers.started request=<Request [b'POST']>
2026-08-02 00:06:52  DEBUG     httpcore.http11  send_request_body.complete
2026-08-02 00:06:52  DEBUG     httpcore.http11  receive_response_headers.started request=<Request [b'POST']>
2026-08-02 00:07:19  DEBUG     httpcore.http11  receive_response_headers.complete return_value=(b'HTTP/1.1', 200, b'OK', [(b'Content-Type', b'application/json; charset=utf-8'), (b'Date', b'Sat, 01 Aug 2026 18:37:19 GMT'), (b'Content-Length', b'650')])
2026-08-02 00:07:20  INFO      httpx  HTTP Request: POST http://127.0.0.1:11434/api/chat "HTTP/1.1 200 OK"
2026-08-02 00:07:20  DEBUG     httpcore.http11  receive_response_body.started request=<Request [b'POST']>
2026-08-02 00:07:20  DEBUG     httpcore.http11  receive_response_body.complete
2026-08-02 00:07:20  DEBUG     httpcore.http11  response_closed.started
2026-08-02 00:07:20  DEBUG     httpcore.http11  response_closed.complete
2026-08-02 00:07:20  INFO      parsers.image_parser  VLM Output Parsed — extracted_text len=0, description len=348
2026-08-02 00:07:20  WARNING   parsers.image_parser  Ollama Vision call timed out (30s) for 'C:\Users\acer\Documents\Aadhisesha\Aadhi_Passport_Photo_white.jpeg'; falling back to Tesseract.
2026-08-02 00:07:20  DEBUG     pytesseract  ['tesseract', 'C:\\Users\\acer\\AppData\\Local\\Temp\\tess_ce_am2za_input.PNG', 'C:\\Users\\acer\\AppData\\Local\\Temp\\tess_ce_am2za', '-l', 'eng', 'txt']
2026-08-02 00:07:20  ERROR     parsers.image_parser  Tesseract executable not found. Install Tesseract and ensure it is on your PATH.
2026-08-02 00:07:20  DEBUG     httpcore.http11  send_request_headers.started request=<Request [b'POST']>
2026-08-02 00:07:20  DEBUG     httpcore.http11  send_request_headers.complete
2026-08-02 00:07:20  DEBUG     httpcore.http11  send_request_body.started request=<Request [b'POST']>
2026-08-02 00:07:20  DEBUG     httpcore.http11  send_request_body.complete
2026-08-02 00:07:20  DEBUG     httpcore.http11  receive_response_headers.started request=<Request [b'POST']>
2026-08-02 00:07:59  DEBUG     httpcore.http11  receive_response_headers.complete return_value=(b'HTTP/1.1', 200, b'OK', [(b'Content-Type', b'application/json; charset=utf-8'), (b'Date', b'Sat, 01 Aug 2026 18:37:59 GMT'), (b'Content-Length', b'628')])
2026-08-02 00:07:59  INFO      httpx  HTTP Request: POST http://127.0.0.1:11434/api/chat "HTTP/1.1 200 OK"
2026-08-02 00:07:59  DEBUG     httpcore.http11  receive_response_body.started request=<Request [b'POST']>
2026-08-02 00:07:59  DEBUG     httpcore.http11  receive_response_body.complete
2026-08-02 00:07:59  DEBUG     httpcore.http11  response_closed.started
2026-08-02 00:07:59  DEBUG     httpcore.http11  response_closed.complete
2026-08-02 00:07:59  INFO      parsers.image_parser  VLM Output Parsed — extracted_text len=0, description len=324
2026-08-02 00:07:59  WARNING   parsers.image_parser  Ollama Vision call timed out (30s) for 'C:\Users\acer\Documents\Aadhisesha\College_ID_Card.jpeg'; falling back to Tesseract.
2026-08-02 00:07:59  DEBUG     pytesseract  ['tesseract', 'C:\\Users\\acer\\AppData\\Local\\Temp\\tess_dxik4rvv_input.PNG', 'C:\\Users\\acer\\AppData\\Local\\Temp\\tess_dxik4rvv', '-l', 'eng', 'txt']
2026-08-02 00:08:00  ERROR     parsers.image_parser  Tesseract executable not found. Install Tesseract and ensure it is on your PATH.
2026-08-02 00:08:39  DEBUG     httpcore.http11  receive_response_headers.complete return_value=(b'HTTP/1.1', 200, b'OK', [(b'Content-Type', b'application/json; charset=utf-8'), (b'Date', b'Sat, 01 Aug 2026 18:38:38 GMT'), (b'Content-Length', b'638')])
2026-08-02 00:08:39  INFO      httpx  HTTP Request: POST http://127.0.0.1:11434/api/chat "HTTP/1.1 200 OK"
2026-08-02 00:08:39  DEBUG     httpcore.http11  receive_response_body.started request=<Request [b'POST']>
2026-08-02 00:08:39  DEBUG     httpcore.http11  receive_response_body.complete
2026-08-02 00:08:39  DEBUG     httpcore.http11  response_closed.started
2026-08-02 00:08:39  DEBUG     httpcore.http11  response_closed.complete
2026-08-02 00:08:39  DEBUG     httpcore.connection  close.started
2026-08-02 00:08:39  DEBUG     httpcore.connection  close.complete
2026-08-02 00:08:39  INFO      parsers.image_parser  VLM Output Parsed — extracted_text len=0, description len=335
2026-08-02 00:08:39  WARNING   parsers.image_parser  Ollama Vision call timed out (30s) for 'C:\Users\acer\Documents\Aadhisesha\College_ID_Card2.jpeg'; falling back to Tesseract.
2026-08-02 00:08:39  DEBUG     pytesseract  ['tesseract', 'C:\\Users\\acer\\AppData\\Local\\Temp\\tess_qbj_yqwm_input.PNG', 'C:\\Users\\acer\\AppData\\Local\\Temp\\tess_qbj_yqwm', '-l', 'eng', 'txt']
2026-08-02 00:08:40  ERROR     parsers.image_parser  Tesseract executable not found. Install Tesseract and ensure it is on your PATH.
2026-08-02 00:09:18  DEBUG     httpcore.http11  receive_response_headers.complete return_value=(b'HTTP/1.1', 200, b'OK', [(b'Content-Type', b'application/json; charset=utf-8'), (b'Date', b'Sat, 01 Aug 2026 18:39:18 GMT'), (b'Content-Length', b'577')])
2026-08-02 00:09:18  INFO      httpx  HTTP Request: POST http://127.0.0.1:11434/api/chat "HTTP/1.1 200 OK"
2026-08-02 00:09:18  DEBUG     httpcore.http11  receive_response_body.started request=<Request [b'POST']>
2026-08-02 00:09:18  DEBUG     httpcore.http11  receive_response_body.complete
2026-08-02 00:09:18  DEBUG     httpcore.http11  response_closed.started
2026-08-02 00:09:18  DEBUG     httpcore.http11  response_closed.complete
2026-08-02 00:09:18  DEBUG     httpcore.connection  close.started
2026-08-02 00:09:18  DEBUG     httpcore.connection  close.complete
2026-08-02 00:09:18  INFO      parsers.image_parser  VLM Output Parsed — extracted_text len=0, description len=274
2026-08-02 00:09:18  WARNING   parsers.image_parser  Ollama Vision call timed out (30s) for 'C:\Users\acer\Documents\Aadhisesha\tcsnowhite.jpeg'; falling back to Tesseract.
2026-08-02 00:09:18  DEBUG     pytesseract  ['tesseract', 'C:\\Users\\acer\\AppData\\Local\\Temp\\tess_h704t_gw_input.PNG', 'C:\\Users\\acer\\AppData\\Local\\Temp\\tess_h704t_gw', '-l', 'eng', 'txt']
2026-08-02 00:09:18  ERROR     parsers.image_parser  Tesseract executable not found. Install Tesseract and ensure it is on your PATH.
2026-08-02 00:09:25  DEBUG     httpcore.http11  receive_response_headers.complete return_value=(b'HTTP/1.1', 200, b'OK', [(b'Content-Type', b'application/json; charset=utf-8'), (b'Date', b'Sat, 01 Aug 2026 18:39:25 GMT'), (b'Content-Length', b'626')])
2026-08-02 00:09:25  INFO      httpx  HTTP Request: POST http://127.0.0.1:11434/api/chat "HTTP/1.1 200 OK"
2026-08-02 00:09:25  DEBUG     httpcore.http11  receive_response_body.started request=<Request [b'POST']>
2026-08-02 00:09:25  DEBUG     httpcore.http11  receive_response_body.complete
2026-08-02 00:09:25  DEBUG     httpcore.http11  response_closed.started
2026-08-02 00:09:25  DEBUG     httpcore.http11  response_closed.complete
2026-08-02 00:09:25  INFO      parsers.image_parser  VLM Output Parsed — extracted_text len=0, description len=327
2026-08-02 00:09:25  WARNING   parsers.image_parser  Ollama Vision call timed out (45s) for 'C:\Users\acer\Documents\Aadhisesha\Aadhi_Passport_raw.JPG'; falling back to Tesseract.
2026-08-02 00:09:30  DEBUG     pytesseract  ['tesseract', 'C:\\Users\\acer\\AppData\\Local\\Temp\\tess_ldxxrcyv_input.PNG', 'C:\\Users\\acer\\AppData\\Local\\Temp\\tess_ldxxrcyv', '-l', 'eng', 'txt']
2026-08-02 00:09:30  ERROR     parsers.image_parser  Tesseract executable not found. Install Tesseract and ensure it is on your PATH.
2026-08-02 00:09:30  DEBUG     httpcore.http11  send_request_headers.started request=<Request [b'POST']>
2026-08-02 00:09:30  DEBUG     httpcore.http11  send_request_headers.complete
2026-08-02 00:09:30  DEBUG     httpcore.http11  send_request_body.started request=<Request [b'POST']>
2026-08-02 00:09:30  DEBUG     httpcore.http11  send_request_body.complete
2026-08-02 00:09:30  DEBUG     httpcore.http11  receive_response_headers.started request=<Request [b'POST']>
2026-08-02 00:09:31  DEBUG     httpcore.http11  receive_response_headers.complete return_value=(b'HTTP/1.1', 200, b'OK', [(b'Content-Type', b'application/json; charset=utf-8'), (b'Date', b'Sat, 01 Aug 2026 18:39:31 GMT'), (b'Content-Length', b'616')])
2026-08-02 00:09:31  INFO      httpx  HTTP Request: POST http://127.0.0.1:11434/api/chat "HTTP/1.1 200 OK"
2026-08-02 00:09:31  DEBUG     httpcore.http11  receive_response_body.started request=<Request [b'POST']>
2026-08-02 00:09:31  DEBUG     httpcore.http11  receive_response_body.complete
2026-08-02 00:09:31  DEBUG     httpcore.http11  response_closed.started
2026-08-02 00:09:31  DEBUG     httpcore.http11  response_closed.complete
2026-08-02 00:09:31  INFO      parsers.image_parser  VLM Output Parsed — extracted_text len=0, description len=316
2026-08-02 00:09:31  WARNING   parsers.image_parser  Ollama Vision call timed out (45s) for 'C:\Users\acer\Documents\Aadhisesha\Aadhi_Passport_Photo.jpeg'; falling back to Tesseract.
2026-08-02 00:09:31  DEBUG     pytesseract  ['tesseract', 'C:\\Users\\acer\\AppData\\Local\\Temp\\tess_3ah6ey63_input.PNG', 'C:\\Users\\acer\\AppData\\Local\\Temp\\tess_3ah6ey63', '-l', 'eng', 'txt']
2026-08-02 00:09:31  ERROR     parsers.image_parser  Tesseract executable not found. Install Tesseract and ensure it is on your PATH.
2026-08-02 00:09:31  DEBUG     httpcore.http11  send_request_headers.started request=<Request [b'POST']>
2026-08-02 00:09:31  DEBUG     httpcore.http11  send_request_headers.complete
2026-08-02 00:09:31  DEBUG     httpcore.http11  send_request_body.started request=<Request [b'POST']>
2026-08-02 00:09:31  DEBUG     httpcore.http11  send_request_body.complete
2026-08-02 00:09:31  DEBUG     httpcore.http11  receive_response_headers.started request=<Request [b'POST']>
2026-08-02 00:09:37  DEBUG     httpcore.http11  receive_response_headers.complete return_value=(b'HTTP/1.1', 200, b'OK', [(b'Content-Type', b'application/json; charset=utf-8'), (b'Date', b'Sat, 01 Aug 2026 18:39:37 GMT'), (b'Content-Length', b'578')])
2026-08-02 00:09:37  INFO      httpx  HTTP Request: POST http://127.0.0.1:11434/api/chat "HTTP/1.1 200 OK"
2026-08-02 00:09:37  DEBUG     httpcore.http11  receive_response_body.started request=<Request [b'POST']>
2026-08-02 00:09:37  DEBUG     httpcore.http11  receive_response_body.complete
2026-08-02 00:09:37  DEBUG     httpcore.http11  response_closed.started
2026-08-02 00:09:37  DEBUG     httpcore.http11  response_closed.complete
2026-08-02 00:09:37  INFO      parsers.image_parser  VLM Output Parsed — extracted_text len=0, description len=279
2026-08-02 00:09:37  WARNING   parsers.image_parser  Ollama Vision call timed out (45s) for 'C:\Users\acer\Documents\Aadhisesha\Aadhisesha_35x35.jpeg'; falling back to Tesseract.
2026-08-02 00:09:37  DEBUG     pytesseract  ['tesseract', 'C:\\Users\\acer\\AppData\\Local\\Temp\\tess_lf0joldg_input.PNG', 'C:\\Users\\acer\\AppData\\Local\\Temp\\tess_lf0joldg', '-l', 'eng', 'txt']
2026-08-02 00:09:37  ERROR     parsers.image_parser  Tesseract executable not found. Install Tesseract and ensure it is on your PATH.
2026-08-02 00:09:37  DEBUG     httpcore.http11  send_request_headers.started request=<Request [b'POST']>
2026-08-02 00:09:37  DEBUG     httpcore.http11  send_request_headers.complete
2026-08-02 00:09:37  DEBUG     httpcore.http11  send_request_body.started request=<Request [b'POST']>
2026-08-02 00:09:37  DEBUG     httpcore.http11  send_request_body.complete
2026-08-02 00:09:37  DEBUG     httpcore.http11  receive_response_headers.started request=<Request [b'POST']>
2026-08-02 00:09:43  DEBUG     httpcore.http11  receive_response_headers.complete return_value=(b'HTTP/1.1', 200, b'OK', [(b'Content-Type', b'application/json; charset=utf-8'), (b'Date', b'Sat, 01 Aug 2026 18:39:43 GMT'), (b'Content-Length', b'608')])
2026-08-02 00:09:43  INFO      httpx  HTTP Request: POST http://127.0.0.1:11434/api/chat "HTTP/1.1 200 OK"
2026-08-02 00:09:43  DEBUG     httpcore.http11  receive_response_body.started request=<Request [b'POST']>
2026-08-02 00:09:43  DEBUG     httpcore.http11  receive_response_body.complete
2026-08-02 00:09:43  DEBUG     httpcore.http11  response_closed.started
2026-08-02 00:09:43  DEBUG     httpcore.http11  response_closed.complete
2026-08-02 00:09:43  INFO      parsers.image_parser  VLM Output Parsed — extracted_text len=0, description len=309
2026-08-02 00:09:43  WARNING   parsers.image_parser  Ollama Vision call timed out (45s) for 'C:\Users\acer\Documents\Aadhisesha\Aadhi_Passport_Photo_white.jpeg'; falling back to Tesseract.
2026-08-02 00:09:43  DEBUG     pytesseract  ['tesseract', 'C:\\Users\\acer\\AppData\\Local\\Temp\\tess_kqo3714y_input.PNG', 'C:\\Users\\acer\\AppData\\Local\\Temp\\tess_kqo3714y', '-l', 'eng', 'txt']
2026-08-02 00:09:43  ERROR     parsers.image_parser  Tesseract executable not found. Install Tesseract and ensure it is on your PATH.
2026-08-02 00:09:43  DEBUG     httpcore.http11  send_request_headers.started request=<Request [b'POST']>
2026-08-02 00:09:43  DEBUG     httpcore.http11  send_request_headers.complete
2026-08-02 00:09:43  DEBUG     httpcore.http11  send_request_body.started request=<Request [b'POST']>
2026-08-02 00:09:43  DEBUG     httpcore.http11  send_request_body.complete
2026-08-02 00:09:43  DEBUG     httpcore.http11  receive_response_headers.started request=<Request [b'POST']>
2026-08-02 00:10:19  DEBUG     httpcore.http11  receive_response_headers.complete return_value=(b'HTTP/1.1', 200, b'OK', [(b'Content-Type', b'application/json; charset=utf-8'), (b'Date', b'Sat, 01 Aug 2026 18:40:19 GMT'), (b'Content-Length', b'576')])
2026-08-02 00:10:20  INFO      httpx  HTTP Request: POST http://127.0.0.1:11434/api/chat "HTTP/1.1 200 OK"
2026-08-02 00:10:20  DEBUG     httpcore.http11  receive_response_body.started request=<Request [b'POST']>
2026-08-02 00:10:20  DEBUG     httpcore.http11  receive_response_body.complete
2026-08-02 00:10:20  DEBUG     httpcore.http11  response_closed.started
2026-08-02 00:10:20  DEBUG     httpcore.http11  response_closed.complete
2026-08-02 00:10:20  DEBUG     httpcore.connection  close.started
2026-08-02 00:10:20  DEBUG     httpcore.connection  close.complete
2026-08-02 00:10:20  INFO      parsers.image_parser  VLM Output Parsed — extracted_text len=0, description len=274
2026-08-02 00:10:20  WARNING   parsers.image_parser  Ollama Vision call timed out (30s) for 'C:\Users\acer\Documents\Aadhisesha\tcsoriginal.jpeg'; falling back to Tesseract.
2026-08-02 00:10:20  DEBUG     pytesseract  ['tesseract', 'C:\\Users\\acer\\AppData\\Local\\Temp\\tess_ljsnomv1_input.PNG', 'C:\\Users\\acer\\AppData\\Local\\Temp\\tess_ljsnomv1', '-l', 'eng', 'txt']
2026-08-02 00:10:20  ERROR     parsers.image_parser  Tesseract executable not found. Install Tesseract and ensure it is on your PATH.
2026-08-02 00:10:20  DEBUG     httpcore.http11  send_request_headers.started request=<Request [b'POST']>
2026-08-02 00:10:20  DEBUG     httpcore.connection  connect_tcp.started host='127.0.0.1' port=11434 local_address=None timeout=None socket_options=None
2026-08-02 00:10:20  DEBUG     httpcore.connection  connect_tcp.started host='127.0.0.1' port=11434 local_address=None timeout=None socket_options=None
2026-08-02 00:10:20  DEBUG     httpcore.connection  connect_tcp.started host='127.0.0.1' port=11434 local_address=None timeout=None socket_options=None
2026-08-02 00:10:20  DEBUG     httpcore.http11  send_request_headers.complete
2026-08-02 00:10:20  DEBUG     httpcore.http11  send_request_body.started request=<Request [b'POST']>
2026-08-02 00:10:20  DEBUG     httpcore.connection  connect_tcp.complete return_value=<httpcore._backends.sync.SyncStream object at 0x0000026535BE1C70>
2026-08-02 00:10:20  DEBUG     httpcore.http11  send_request_body.complete
2026-08-02 00:10:20  DEBUG     httpcore.http11  send_request_headers.started request=<Request [b'POST']>
2026-08-02 00:10:20  DEBUG     httpcore.connection  connect_tcp.complete return_value=<httpcore._backends.sync.SyncStream object at 0x0000026535C7CAF0>
2026-08-02 00:10:20  DEBUG     httpcore.http11  receive_response_headers.started request=<Request [b'POST']>
2026-08-02 00:10:20  DEBUG     httpcore.connection  connect_tcp.complete return_value=<httpcore._backends.sync.SyncStream object at 0x0000026535C7CD10>
2026-08-02 00:10:20  DEBUG     httpcore.http11  send_request_headers.started request=<Request [b'POST']>
2026-08-02 00:10:20  DEBUG     httpcore.http11  send_request_headers.started request=<Request [b'POST']>
2026-08-02 00:10:20  DEBUG     httpcore.http11  send_request_headers.complete
2026-08-02 00:10:20  DEBUG     httpcore.http11  send_request_headers.complete
2026-08-02 00:10:20  DEBUG     httpcore.http11  send_request_body.started request=<Request [b'POST']>
2026-08-02 00:10:20  DEBUG     httpcore.http11  send_request_headers.complete
2026-08-02 00:10:20  DEBUG     httpcore.http11  send_request_body.started request=<Request [b'POST']>
2026-08-02 00:10:20  DEBUG     httpcore.http11  send_request_body.started request=<Request [b'POST']>
2026-08-02 00:10:20  DEBUG     httpcore.http11  send_request_body.complete
2026-08-02 00:10:20  DEBUG     httpcore.http11  receive_response_headers.started request=<Request [b'POST']>
2026-08-02 00:10:20  DEBUG     httpcore.http11  send_request_body.complete
2026-08-02 00:10:20  DEBUG     httpcore.http11  send_request_body.complete
2026-08-02 00:10:20  DEBUG     httpcore.http11  receive_response_headers.started request=<Request [b'POST']>
2026-08-02 00:10:20  DEBUG     httpcore.http11  receive_response_headers.started request=<Request [b'POST']>
2026-08-02 00:10:24  DEBUG     httpcore.http11  receive_response_headers.complete return_value=(b'HTTP/1.1', 200, b'OK', [(b'Content-Type', b'application/json; charset=utf-8'), (b'Date', b'Sat, 01 Aug 2026 18:40:24 GMT'), (b'Transfer-Encoding', b'chunked')])
2026-08-02 00:10:24  INFO      httpx  HTTP Request: POST http://127.0.0.1:11434/api/embeddings "HTTP/1.1 200 OK"
2026-08-02 00:10:24  DEBUG     httpcore.http11  receive_response_body.started request=<Request [b'POST']>
2026-08-02 00:10:24  DEBUG     httpcore.http11  receive_response_body.complete
2026-08-02 00:10:24  DEBUG     httpcore.http11  response_closed.started
2026-08-02 00:10:24  DEBUG     httpcore.http11  response_closed.complete
2026-08-02 00:10:25  DEBUG     httpcore.http11  send_request_headers.started request=<Request [b'POST']>
2026-08-02 00:10:25  DEBUG     httpcore.http11  send_request_headers.complete
2026-08-02 00:10:25  DEBUG     httpcore.http11  send_request_body.started request=<Request [b'POST']>
2026-08-02 00:10:25  DEBUG     httpcore.http11  send_request_body.complete
2026-08-02 00:10:25  DEBUG     httpcore.http11  receive_response_headers.started request=<Request [b'POST']>
2026-08-02 00:10:25  DEBUG     httpcore.http11  receive_response_headers.complete return_value=(b'HTTP/1.1', 200, b'OK', [(b'Content-Type', b'application/json; charset=utf-8'), (b'Date', b'Sat, 01 Aug 2026 18:40:25 GMT'), (b'Transfer-Encoding', b'chunked')])
2026-08-02 00:10:25  INFO      httpx  HTTP Request: POST http://127.0.0.1:11434/api/embeddings "HTTP/1.1 200 OK"
2026-08-02 00:10:25  DEBUG     httpcore.http11  receive_response_body.started request=<Request [b'POST']>
2026-08-02 00:10:25  DEBUG     httpcore.http11  receive_response_body.complete
2026-08-02 00:10:25  DEBUG     httpcore.http11  response_closed.started
2026-08-02 00:10:25  DEBUG     httpcore.http11  response_closed.complete
2026-08-02 00:10:25  DEBUG     httpcore.http11  send_request_headers.started request=<Request [b'POST']>
2026-08-02 00:10:25  DEBUG     httpcore.http11  send_request_headers.complete
2026-08-02 00:10:25  DEBUG     httpcore.http11  send_request_body.started request=<Request [b'POST']>
2026-08-02 00:10:25  DEBUG     httpcore.http11  send_request_body.complete
2026-08-02 00:10:25  DEBUG     httpcore.http11  receive_response_headers.started request=<Request [b'POST']>
2026-08-02 00:10:26  DEBUG     httpcore.http11  receive_response_headers.complete return_value=(b'HTTP/1.1', 200, b'OK', [(b'Content-Type', b'application/json; charset=utf-8'), (b'Date', b'Sat, 01 Aug 2026 18:40:26 GMT'), (b'Transfer-Encoding', b'chunked')])
2026-08-02 00:10:26  INFO      httpx  HTTP Request: POST http://127.0.0.1:11434/api/embeddings "HTTP/1.1 200 OK"
2026-08-02 00:10:26  DEBUG     httpcore.http11  receive_response_body.started request=<Request [b'POST']>
2026-08-02 00:10:26  DEBUG     httpcore.http11  receive_response_body.complete
2026-08-02 00:10:26  DEBUG     httpcore.http11  response_closed.started
2026-08-02 00:10:26  DEBUG     httpcore.http11  response_closed.complete
2026-08-02 00:10:26  DEBUG     httpcore.http11  send_request_headers.started request=<Request [b'POST']>
2026-08-02 00:10:26  DEBUG     httpcore.http11  send_request_headers.complete
2026-08-02 00:10:26  DEBUG     httpcore.http11  send_request_body.started request=<Request [b'POST']>
2026-08-02 00:10:26  DEBUG     httpcore.http11  send_request_body.complete
2026-08-02 00:10:26  DEBUG     httpcore.http11  receive_response_headers.started request=<Request [b'POST']>
2026-08-02 00:10:27  DEBUG     httpcore.http11  receive_response_headers.complete return_value=(b'HTTP/1.1', 200, b'OK', [(b'Content-Type', b'application/json; charset=utf-8'), (b'Date', b'Sat, 01 Aug 2026 18:40:27 GMT'), (b'Transfer-Encoding', b'chunked')])
2026-08-02 00:10:27  INFO      httpx  HTTP Request: POST http://127.0.0.1:11434/api/embeddings "HTTP/1.1 200 OK"
2026-08-02 00:10:27  DEBUG     httpcore.http11  receive_response_body.started request=<Request [b'POST']>
2026-08-02 00:10:27  DEBUG     httpcore.http11  receive_response_body.complete
2026-08-02 00:10:27  DEBUG     httpcore.http11  response_closed.started
2026-08-02 00:10:27  DEBUG     httpcore.http11  response_closed.complete
2026-08-02 00:10:28  DEBUG     httpcore.http11  send_request_headers.started request=<Request [b'POST']>
2026-08-02 00:10:28  DEBUG     httpcore.http11  send_request_headers.complete
2026-08-02 00:10:28  DEBUG     httpcore.http11  send_request_body.started request=<Request [b'POST']>
2026-08-02 00:10:28  DEBUG     httpcore.http11  send_request_body.complete
2026-08-02 00:10:28  DEBUG     httpcore.http11  receive_response_headers.started request=<Request [b'POST']>
2026-08-02 00:10:28  DEBUG     httpcore.http11  receive_response_headers.complete return_value=(b'HTTP/1.1', 200, b'OK', [(b'Content-Type', b'application/json; charset=utf-8'), (b'Date', b'Sat, 01 Aug 2026 18:40:28 GMT'), (b'Transfer-Encoding', b'chunked')])
2026-08-02 00:10:28  INFO      httpx  HTTP Request: POST http://127.0.0.1:11434/api/embeddings "HTTP/1.1 200 OK"
2026-08-02 00:10:28  DEBUG     httpcore.http11  receive_response_body.started request=<Request [b'POST']>
2026-08-02 00:10:28  DEBUG     httpcore.http11  receive_response_body.complete
2026-08-02 00:10:28  DEBUG     httpcore.http11  response_closed.started
2026-08-02 00:10:28  DEBUG     httpcore.http11  response_closed.complete
2026-08-02 00:10:29  DEBUG     httpcore.http11  receive_response_headers.complete return_value=(b'HTTP/1.1', 200, b'OK', [(b'Content-Type', b'application/json; charset=utf-8'), (b'Date', b'Sat, 01 Aug 2026 18:40:29 GMT'), (b'Transfer-Encoding', b'chunked')])
2026-08-02 00:10:29  INFO      httpx  HTTP Request: POST http://127.0.0.1:11434/api/embeddings "HTTP/1.1 200 OK"
2026-08-02 00:10:29  DEBUG     httpcore.http11  receive_response_body.started request=<Request [b'POST']>
2026-08-02 00:10:29  DEBUG     httpcore.http11  receive_response_body.complete
2026-08-02 00:10:29  DEBUG     httpcore.http11  response_closed.started
2026-08-02 00:10:29  DEBUG     httpcore.http11  response_closed.complete
2026-08-02 00:10:30  DEBUG     httpcore.http11  receive_response_headers.complete return_value=(b'HTTP/1.1', 200, b'OK', [(b'Content-Type', b'application/json; charset=utf-8'), (b'Date', b'Sat, 01 Aug 2026 18:40:30 GMT'), (b'Transfer-Encoding', b'chunked')])
2026-08-02 00:10:30  INFO      httpx  HTTP Request: POST http://127.0.0.1:11434/api/embeddings "HTTP/1.1 200 OK"
2026-08-02 00:10:30  DEBUG     httpcore.http11  receive_response_body.started request=<Request [b'POST']>
2026-08-02 00:10:30  DEBUG     httpcore.http11  receive_response_body.complete
2026-08-02 00:10:30  DEBUG     httpcore.http11  response_closed.started
2026-08-02 00:10:30  DEBUG     httpcore.http11  response_closed.complete
2026-08-02 00:10:30  DEBUG     httpcore.http11  receive_response_headers.complete return_value=(b'HTTP/1.1', 200, b'OK', [(b'Content-Type', b'application/json; charset=utf-8'), (b'Date', b'Sat, 01 Aug 2026 18:40:30 GMT'), (b'Transfer-Encoding', b'chunked')])
2026-08-02 00:10:30  INFO      httpx  HTTP Request: POST http://127.0.0.1:11434/api/embeddings "HTTP/1.1 200 OK"
2026-08-02 00:10:30  DEBUG     httpcore.http11  receive_response_body.started request=<Request [b'POST']>
2026-08-02 00:10:30  DEBUG     httpcore.http11  receive_response_body.complete
2026-08-02 00:10:30  DEBUG     httpcore.http11  response_closed.started
2026-08-02 00:10:30  DEBUG     httpcore.http11  response_closed.complete
2026-08-02 00:10:32  DEBUG     httpcore.http11  receive_response_headers.complete return_value=(b'HTTP/1.1', 200, b'OK', [(b'Content-Type', b'application/json; charset=utf-8'), (b'Date', b'Sat, 01 Aug 2026 18:40:32 GMT'), (b'Content-Length', b'658')])
2026-08-02 00:10:32  INFO      httpx  HTTP Request: POST http://127.0.0.1:11434/api/chat "HTTP/1.1 200 OK"
2026-08-02 00:10:32  DEBUG     httpcore.http11  receive_response_body.started request=<Request [b'POST']>
2026-08-02 00:10:32  DEBUG     httpcore.http11  receive_response_body.complete
2026-08-02 00:10:32  DEBUG     httpcore.http11  response_closed.started
2026-08-02 00:10:32  DEBUG     httpcore.http11  response_closed.complete
2026-08-02 00:10:32  INFO      parsers.image_parser  VLM Output Parsed — extracted_text len=0, description len=352
2026-08-02 00:10:33  WARNING   parsers.image_parser  Ollama Vision call timed out (45s) for 'C:\Users\acer\Documents\Aadhisesha\College_ID_Card.jpeg'; falling back to Tesseract.
2026-08-02 00:10:33  INFO      __main__  INDEX aadhisesha_resume.pdf — 8 chunk(s) stored
2026-08-02 00:10:33  DEBUG     httpcore.http11  send_request_headers.started request=<Request [b'POST']>
2026-08-02 00:10:33  DEBUG     httpcore.http11  send_request_headers.complete
2026-08-02 00:10:33  DEBUG     httpcore.http11  send_request_body.started request=<Request [b'POST']>
2026-08-02 00:10:33  DEBUG     httpcore.http11  send_request_body.complete
2026-08-02 00:10:33  DEBUG     httpcore.http11  receive_response_headers.started request=<Request [b'POST']>
2026-08-02 00:10:33  DEBUG     httpcore.http11  send_request_headers.started request=<Request [b'POST']>
2026-08-02 00:10:33  DEBUG     httpcore.http11  send_request_headers.complete
2026-08-02 00:10:33  DEBUG     httpcore.http11  send_request_body.started request=<Request [b'POST']>
2026-08-02 00:10:33  DEBUG     httpcore.http11  send_request_body.complete
2026-08-02 00:10:33  DEBUG     httpcore.http11  receive_response_headers.started request=<Request [b'POST']>
2026-08-02 00:10:33  DEBUG     httpcore.http11  send_request_headers.started request=<Request [b'POST']>
2026-08-02 00:10:33  DEBUG     httpcore.http11  send_request_headers.started request=<Request [b'POST']>
2026-08-02 00:10:33  DEBUG     httpcore.http11  send_request_headers.complete
2026-08-02 00:10:33  DEBUG     httpcore.http11  send_request_body.started request=<Request [b'POST']>
2026-08-02 00:10:33  DEBUG     httpcore.http11  send_request_body.complete
2026-08-02 00:10:33  DEBUG     httpcore.http11  send_request_headers.complete
2026-08-02 00:10:33  DEBUG     httpcore.http11  receive_response_headers.started request=<Request [b'POST']>
2026-08-02 00:10:33  DEBUG     httpcore.http11  send_request_body.started request=<Request [b'POST']>
2026-08-02 00:10:33  DEBUG     httpcore.http11  send_request_body.complete
2026-08-02 00:10:33  DEBUG     httpcore.http11  receive_response_headers.started request=<Request [b'POST']>
2026-08-02 00:10:34  DEBUG     pytesseract  ['tesseract', 'C:\\Users\\acer\\AppData\\Local\\Temp\\tess_vrtl_vjs_input.PNG', 'C:\\Users\\acer\\AppData\\Local\\Temp\\tess_vrtl_vjs', '-l', 'eng', 'txt']
2026-08-02 00:10:34  ERROR     parsers.image_parser  Tesseract executable not found. Install Tesseract and ensure it is on your PATH.
2026-08-02 00:10:35  DEBUG     httpcore.http11  receive_response_headers.complete return_value=(b'HTTP/1.1', 200, b'OK', [(b'Content-Type', b'application/json; charset=utf-8'), (b'Date', b'Sat, 01 Aug 2026 18:40:35 GMT'), (b'Transfer-Encoding', b'chunked')])
2026-08-02 00:10:35  INFO      httpx  HTTP Request: POST http://127.0.0.1:11434/api/embeddings "HTTP/1.1 200 OK"
2026-08-02 00:10:35  DEBUG     httpcore.http11  receive_response_body.started request=<Request [b'POST']>
2026-08-02 00:10:35  DEBUG     httpcore.http11  receive_response_body.complete
2026-08-02 00:10:35  DEBUG     httpcore.http11  response_closed.started
2026-08-02 00:10:35  DEBUG     httpcore.http11  response_closed.complete
2026-08-02 00:10:35  DEBUG     httpcore.http11  send_request_headers.started request=<Request [b'POST']>
2026-08-02 00:10:35  DEBUG     httpcore.http11  send_request_headers.complete
2026-08-02 00:10:35  DEBUG     httpcore.http11  send_request_body.started request=<Request [b'POST']>
2026-08-02 00:10:35  DEBUG     httpcore.http11  send_request_body.complete
2026-08-02 00:10:35  DEBUG     httpcore.http11  receive_response_headers.started request=<Request [b'POST']>
2026-08-02 00:10:36  DEBUG     httpcore.http11  receive_response_headers.complete return_value=(b'HTTP/1.1', 200, b'OK', [(b'Content-Type', b'application/json; charset=utf-8'), (b'Date', b'Sat, 01 Aug 2026 18:40:36 GMT'), (b'Transfer-Encoding', b'chunked')])
2026-08-02 00:10:36  INFO      httpx  HTTP Request: POST http://127.0.0.1:11434/api/embeddings "HTTP/1.1 200 OK"
2026-08-02 00:10:36  DEBUG     httpcore.http11  receive_response_body.started request=<Request [b'POST']>
2026-08-02 00:10:36  DEBUG     httpcore.http11  receive_response_body.complete
2026-08-02 00:10:36  DEBUG     httpcore.http11  response_closed.started
2026-08-02 00:10:36  DEBUG     httpcore.http11  response_closed.complete
2026-08-02 00:10:36  DEBUG     httpcore.http11  send_request_headers.started request=<Request [b'POST']>
2026-08-02 00:10:36  DEBUG     httpcore.http11  send_request_headers.complete
2026-08-02 00:10:36  DEBUG     httpcore.http11  send_request_body.started request=<Request [b'POST']>
2026-08-02 00:10:36  DEBUG     httpcore.http11  send_request_body.complete
2026-08-02 00:10:36  DEBUG     httpcore.http11  receive_response_headers.started request=<Request [b'POST']>
2026-08-02 00:10:37  DEBUG     httpcore.http11  receive_response_headers.complete return_value=(b'HTTP/1.1', 200, b'OK', [(b'Content-Type', b'application/json; charset=utf-8'), (b'Date', b'Sat, 01 Aug 2026 18:40:37 GMT'), (b'Transfer-Encoding', b'chunked')])
2026-08-02 00:10:37  INFO      httpx  HTTP Request: POST http://127.0.0.1:11434/api/embeddings "HTTP/1.1 200 OK"
2026-08-02 00:10:37  DEBUG     httpcore.http11  receive_response_body.started request=<Request [b'POST']>
2026-08-02 00:10:37  DEBUG     httpcore.http11  receive_response_body.complete
2026-08-02 00:10:37  DEBUG     httpcore.http11  response_closed.started
2026-08-02 00:10:37  DEBUG     httpcore.http11  response_closed.complete
2026-08-02 00:10:37  DEBUG     httpcore.http11  send_request_headers.started request=<Request [b'POST']>
2026-08-02 00:10:37  DEBUG     httpcore.http11  send_request_headers.complete
2026-08-02 00:10:37  DEBUG     httpcore.http11  send_request_body.started request=<Request [b'POST']>
2026-08-02 00:10:37  DEBUG     httpcore.http11  send_request_body.complete
2026-08-02 00:10:37  DEBUG     httpcore.http11  receive_response_headers.started request=<Request [b'POST']>
2026-08-02 00:10:39  DEBUG     httpcore.http11  receive_response_headers.complete return_value=(b'HTTP/1.1', 200, b'OK', [(b'Content-Type', b'application/json; charset=utf-8'), (b'Date', b'Sat, 01 Aug 2026 18:40:39 GMT'), (b'Transfer-Encoding', b'chunked')])
2026-08-02 00:10:39  INFO      httpx  HTTP Request: POST http://127.0.0.1:11434/api/embeddings "HTTP/1.1 200 OK"
2026-08-02 00:10:39  DEBUG     httpcore.http11  receive_response_body.started request=<Request [b'POST']>
2026-08-02 00:10:39  DEBUG     httpcore.http11  receive_response_body.complete
2026-08-02 00:10:39  DEBUG     httpcore.http11  response_closed.started
2026-08-02 00:10:39  DEBUG     httpcore.http11  response_closed.complete
2026-08-02 00:10:39  DEBUG     httpcore.http11  send_request_headers.started request=<Request [b'POST']>
2026-08-02 00:10:39  DEBUG     httpcore.http11  send_request_headers.complete
2026-08-02 00:10:39  DEBUG     httpcore.http11  send_request_body.started request=<Request [b'POST']>
2026-08-02 00:10:39  DEBUG     httpcore.http11  send_request_body.complete
2026-08-02 00:10:39  DEBUG     httpcore.http11  receive_response_headers.started request=<Request [b'POST']>
2026-08-02 00:10:40  DEBUG     httpcore.http11  receive_response_headers.complete return_value=(b'HTTP/1.1', 200, b'OK', [(b'Content-Type', b'application/json; charset=utf-8'), (b'Date', b'Sat, 01 Aug 2026 18:40:40 GMT'), (b'Transfer-Encoding', b'chunked')])
2026-08-02 00:10:40  INFO      httpx  HTTP Request: POST http://127.0.0.1:11434/api/embeddings "HTTP/1.1 200 OK"
2026-08-02 00:10:40  DEBUG     httpcore.http11  receive_response_body.started request=<Request [b'POST']>
2026-08-02 00:10:40  DEBUG     httpcore.http11  receive_response_body.complete
2026-08-02 00:10:40  DEBUG     httpcore.http11  response_closed.started
2026-08-02 00:10:40  DEBUG     httpcore.http11  response_closed.complete
2026-08-02 00:10:40  DEBUG     httpcore.http11  send_request_headers.started request=<Request [b'POST']>
2026-08-02 00:10:40  DEBUG     httpcore.http11  send_request_headers.complete
2026-08-02 00:10:40  DEBUG     httpcore.http11  send_request_body.started request=<Request [b'POST']>
2026-08-02 00:10:40  DEBUG     httpcore.http11  send_request_body.complete
2026-08-02 00:10:40  DEBUG     httpcore.http11  receive_response_headers.started request=<Request [b'POST']>
2026-08-02 00:10:41  DEBUG     httpcore.http11  receive_response_headers.complete return_value=(b'HTTP/1.1', 200, b'OK', [(b'Content-Type', b'application/json; charset=utf-8'), (b'Date', b'Sat, 01 Aug 2026 18:40:41 GMT'), (b'Transfer-Encoding', b'chunked')])
2026-08-02 00:10:41  INFO      httpx  HTTP Request: POST http://127.0.0.1:11434/api/embeddings "HTTP/1.1 200 OK"
2026-08-02 00:10:41  DEBUG     httpcore.http11  receive_response_body.started request=<Request [b'POST']>
2026-08-02 00:10:41  DEBUG     httpcore.http11  receive_response_body.complete
2026-08-02 00:10:41  DEBUG     httpcore.http11  response_closed.started
2026-08-02 00:10:41  DEBUG     httpcore.http11  response_closed.complete
2026-08-02 00:10:41  DEBUG     httpcore.http11  send_request_headers.started request=<Request [b'POST']>
2026-08-02 00:10:41  DEBUG     httpcore.http11  send_request_headers.complete
2026-08-02 00:10:41  DEBUG     httpcore.http11  send_request_body.started request=<Request [b'POST']>
2026-08-02 00:10:41  DEBUG     httpcore.http11  send_request_body.complete
2026-08-02 00:10:41  DEBUG     httpcore.http11  receive_response_headers.started request=<Request [b'POST']>
2026-08-02 00:10:42  DEBUG     httpcore.http11  receive_response_headers.complete return_value=(b'HTTP/1.1', 200, b'OK', [(b'Content-Type', b'application/json; charset=utf-8'), (b'Date', b'Sat, 01 Aug 2026 18:40:42 GMT'), (b'Transfer-Encoding', b'chunked')])
2026-08-02 00:10:42  INFO      httpx  HTTP Request: POST http://127.0.0.1:11434/api/embeddings "HTTP/1.1 200 OK"
2026-08-02 00:10:42  DEBUG     httpcore.http11  receive_response_body.started request=<Request [b'POST']>
2026-08-02 00:10:42  DEBUG     httpcore.http11  receive_response_body.complete
2026-08-02 00:10:42  DEBUG     httpcore.http11  response_closed.started
2026-08-02 00:10:42  DEBUG     httpcore.http11  response_closed.complete
2026-08-02 00:10:42  DEBUG     httpcore.http11  send_request_headers.started request=<Request [b'POST']>
2026-08-02 00:10:42  DEBUG     httpcore.http11  send_request_headers.complete
2026-08-02 00:10:42  DEBUG     httpcore.http11  send_request_body.started request=<Request [b'POST']>
2026-08-02 00:10:42  DEBUG     httpcore.http11  send_request_body.complete
2026-08-02 00:10:42  DEBUG     httpcore.http11  receive_response_headers.started request=<Request [b'POST']>
2026-08-02 00:10:43  DEBUG     httpcore.http11  receive_response_headers.complete return_value=(b'HTTP/1.1', 200, b'OK', [(b'Content-Type', b'application/json; charset=utf-8'), (b'Date', b'Sat, 01 Aug 2026 18:40:43 GMT'), (b'Transfer-Encoding', b'chunked')])
2026-08-02 00:10:43  INFO      httpx  HTTP Request: POST http://127.0.0.1:11434/api/embeddings "HTTP/1.1 200 OK"
2026-08-02 00:10:43  DEBUG     httpcore.http11  receive_response_body.started request=<Request [b'POST']>
2026-08-02 00:10:43  DEBUG     httpcore.http11  receive_response_body.complete
2026-08-02 00:10:43  DEBUG     httpcore.http11  response_closed.started
2026-08-02 00:10:43  DEBUG     httpcore.http11  response_closed.complete
2026-08-02 00:10:43  DEBUG     httpcore.http11  send_request_headers.started request=<Request [b'POST']>
2026-08-02 00:10:43  DEBUG     httpcore.http11  send_request_headers.complete
2026-08-02 00:10:43  DEBUG     httpcore.http11  send_request_body.started request=<Request [b'POST']>
2026-08-02 00:10:43  DEBUG     httpcore.http11  send_request_body.complete
2026-08-02 00:10:43  DEBUG     httpcore.http11  receive_response_headers.started request=<Request [b'POST']>
2026-08-02 00:10:44  DEBUG     httpcore.http11  receive_response_headers.complete return_value=(b'HTTP/1.1', 200, b'OK', [(b'Content-Type', b'application/json; charset=utf-8'), (b'Date', b'Sat, 01 Aug 2026 18:40:44 GMT'), (b'Transfer-Encoding', b'chunked')])
2026-08-02 00:10:44  INFO      httpx  HTTP Request: POST http://127.0.0.1:11434/api/embeddings "HTTP/1.1 200 OK"
2026-08-02 00:10:44  DEBUG     httpcore.http11  receive_response_body.started request=<Request [b'POST']>
2026-08-02 00:10:44  DEBUG     httpcore.http11  receive_response_body.complete
2026-08-02 00:10:44  DEBUG     httpcore.http11  response_closed.started
2026-08-02 00:10:44  DEBUG     httpcore.http11  response_closed.complete
2026-08-02 00:10:44  DEBUG     httpcore.http11  send_request_headers.started request=<Request [b'POST']>
2026-08-02 00:10:44  DEBUG     httpcore.http11  send_request_headers.complete
2026-08-02 00:10:44  DEBUG     httpcore.http11  send_request_body.started request=<Request [b'POST']>
2026-08-02 00:10:44  DEBUG     httpcore.http11  send_request_body.complete
2026-08-02 00:10:44  DEBUG     httpcore.http11  receive_response_headers.started request=<Request [b'POST']>
2026-08-02 00:10:45  DEBUG     httpcore.http11  receive_response_headers.complete return_value=(b'HTTP/1.1', 200, b'OK', [(b'Content-Type', b'application/json; charset=utf-8'), (b'Date', b'Sat, 01 Aug 2026 18:40:45 GMT'), (b'Transfer-Encoding', b'chunked')])
2026-08-02 00:10:45  INFO      httpx  HTTP Request: POST http://127.0.0.1:11434/api/embeddings "HTTP/1.1 200 OK"
2026-08-02 00:10:45  DEBUG     httpcore.http11  receive_response_body.started request=<Request [b'POST']>
2026-08-02 00:10:45  DEBUG     httpcore.http11  receive_response_body.complete
2026-08-02 00:10:45  DEBUG     httpcore.http11  response_closed.started
2026-08-02 00:10:45  DEBUG     httpcore.http11  response_closed.complete
2026-08-02 00:10:45  DEBUG     httpcore.http11  send_request_headers.started request=<Request [b'POST']>
2026-08-02 00:10:45  DEBUG     httpcore.http11  send_request_headers.complete
2026-08-02 00:10:45  DEBUG     httpcore.http11  send_request_body.started request=<Request [b'POST']>
2026-08-02 00:10:45  DEBUG     httpcore.http11  send_request_body.complete
2026-08-02 00:10:45  DEBUG     httpcore.http11  receive_response_headers.started request=<Request [b'POST']>
2026-08-02 00:10:46  DEBUG     httpcore.http11  receive_response_headers.complete return_value=(b'HTTP/1.1', 200, b'OK', [(b'Content-Type', b'application/json; charset=utf-8'), (b'Date', b'Sat, 01 Aug 2026 18:40:46 GMT'), (b'Transfer-Encoding', b'chunked')])
2026-08-02 00:10:46  INFO      httpx  HTTP Request: POST http://127.0.0.1:11434/api/embeddings "HTTP/1.1 200 OK"
2026-08-02 00:10:46  DEBUG     httpcore.http11  receive_response_body.started request=<Request [b'POST']>
2026-08-02 00:10:46  DEBUG     httpcore.http11  receive_response_body.complete
2026-08-02 00:10:46  DEBUG     httpcore.http11  response_closed.started
2026-08-02 00:10:46  DEBUG     httpcore.http11  response_closed.complete
2026-08-02 00:10:46  DEBUG     httpcore.http11  send_request_headers.started request=<Request [b'POST']>
2026-08-02 00:10:46  DEBUG     httpcore.http11  send_request_headers.complete
2026-08-02 00:10:46  DEBUG     httpcore.http11  send_request_body.started request=<Request [b'POST']>
2026-08-02 00:10:46  DEBUG     httpcore.http11  send_request_body.complete
2026-08-02 00:10:46  DEBUG     httpcore.http11  receive_response_headers.started request=<Request [b'POST']>
2026-08-02 00:10:46  DEBUG     httpcore.http11  receive_response_headers.complete return_value=(b'HTTP/1.1', 200, b'OK', [(b'Content-Type', b'application/json; charset=utf-8'), (b'Date', b'Sat, 01 Aug 2026 18:40:46 GMT'), (b'Transfer-Encoding', b'chunked')])
2026-08-02 00:10:46  INFO      httpx  HTTP Request: POST http://127.0.0.1:11434/api/embeddings "HTTP/1.1 200 OK"
2026-08-02 00:10:46  DEBUG     httpcore.http11  receive_response_body.started request=<Request [b'POST']>
2026-08-02 00:10:46  DEBUG     httpcore.http11  receive_response_body.complete
2026-08-02 00:10:46  DEBUG     httpcore.http11  response_closed.started
2026-08-02 00:10:46  DEBUG     httpcore.http11  response_closed.complete
2026-08-02 00:10:48  DEBUG     httpcore.http11  receive_response_headers.complete return_value=(b'HTTP/1.1', 200, b'OK', [(b'Content-Type', b'application/json; charset=utf-8'), (b'Date', b'Sat, 01 Aug 2026 18:40:48 GMT'), (b'Transfer-Encoding', b'chunked')])
2026-08-02 00:10:48  INFO      httpx  HTTP Request: POST http://127.0.0.1:11434/api/embeddings "HTTP/1.1 200 OK"
2026-08-02 00:10:48  DEBUG     httpcore.http11  receive_response_body.started request=<Request [b'POST']>
2026-08-02 00:10:48  DEBUG     httpcore.http11  receive_response_body.complete
2026-08-02 00:10:48  DEBUG     httpcore.http11  response_closed.started
2026-08-02 00:10:48  DEBUG     httpcore.http11  response_closed.complete
2026-08-02 00:10:49  DEBUG     httpcore.http11  receive_response_headers.complete return_value=(b'HTTP/1.1', 200, b'OK', [(b'Content-Type', b'application/json; charset=utf-8'), (b'Date', b'Sat, 01 Aug 2026 18:40:49 GMT'), (b'Transfer-Encoding', b'chunked')])
2026-08-02 00:10:49  INFO      httpx  HTTP Request: POST http://127.0.0.1:11434/api/embeddings "HTTP/1.1 200 OK"
2026-08-02 00:10:49  DEBUG     httpcore.http11  receive_response_body.started request=<Request [b'POST']>
2026-08-02 00:10:49  DEBUG     httpcore.http11  receive_response_body.complete
2026-08-02 00:10:49  DEBUG     httpcore.http11  response_closed.started
2026-08-02 00:10:49  DEBUG     httpcore.http11  response_closed.complete
2026-08-02 00:10:50  DEBUG     httpcore.http11  receive_response_headers.complete return_value=(b'HTTP/1.1', 200, b'OK', [(b'Content-Type', b'application/json; charset=utf-8'), (b'Date', b'Sat, 01 Aug 2026 18:40:50 GMT'), (b'Transfer-Encoding', b'chunked')])
2026-08-02 00:10:50  INFO      httpx  HTTP Request: POST http://127.0.0.1:11434/api/embeddings "HTTP/1.1 200 OK"
2026-08-02 00:10:50  DEBUG     httpcore.http11  receive_response_body.started request=<Request [b'POST']>
2026-08-02 00:10:50  DEBUG     httpcore.http11  receive_response_body.complete
2026-08-02 00:10:50  DEBUG     httpcore.http11  response_closed.started
2026-08-02 00:10:50  DEBUG     httpcore.http11  response_closed.complete
2026-08-02 00:10:53  INFO      __main__  INDEX CT20265021581_Application_Form.pdf — 15 chunk(s) stored
2026-08-02 00:10:53  DEBUG     httpcore.connection  close.started
2026-08-02 00:10:53  DEBUG     httpcore.connection  close.complete
2026-08-02 00:10:53  DEBUG     httpcore.connection  close.started
2026-08-02 00:10:53  DEBUG     httpcore.connection  close.complete
2026-08-02 00:10:53  DEBUG     httpcore.http11  send_request_headers.started request=<Request [b'POST']>
2026-08-02 00:10:53  DEBUG     httpcore.http11  send_request_headers.complete
2026-08-02 00:10:53  DEBUG     httpcore.http11  send_request_body.started request=<Request [b'POST']>
2026-08-02 00:10:53  DEBUG     httpcore.http11  send_request_headers.started request=<Request [b'POST']>
2026-08-02 00:10:53  DEBUG     httpcore.http11  send_request_headers.complete
2026-08-02 00:10:53  DEBUG     httpcore.http11  send_request_body.started request=<Request [b'POST']>
2026-08-02 00:10:53  DEBUG     httpcore.http11  send_request_body.complete
2026-08-02 00:10:53  DEBUG     httpcore.http11  receive_response_headers.started request=<Request [b'POST']>
2026-08-02 00:10:53  DEBUG     httpcore.connection  connect_tcp.started host='127.0.0.1' port=11434 local_address=None timeout=None socket_options=None
2026-08-02 00:10:53  DEBUG     httpcore.connection  connect_tcp.started host='127.0.0.1' port=11434 local_address=None timeout=None socket_options=None
2026-08-02 00:10:53  DEBUG     httpcore.http11  send_request_body.complete
2026-08-02 00:10:53  DEBUG     httpcore.http11  receive_response_headers.started request=<Request [b'POST']>
2026-08-02 00:10:53  DEBUG     httpcore.connection  connect_tcp.complete return_value=<httpcore._backends.sync.SyncStream object at 0x0000026535C59550>
2026-08-02 00:10:53  DEBUG     httpcore.connection  connect_tcp.complete return_value=<httpcore._backends.sync.SyncStream object at 0x0000026535C59B50>
2026-08-02 00:10:53  DEBUG     httpcore.http11  send_request_headers.started request=<Request [b'POST']>
2026-08-02 00:10:53  DEBUG     httpcore.http11  send_request_headers.complete
2026-08-02 00:10:53  DEBUG     httpcore.http11  send_request_body.started request=<Request [b'POST']>
2026-08-02 00:10:53  DEBUG     httpcore.http11  send_request_headers.started request=<Request [b'POST']>
2026-08-02 00:10:53  DEBUG     httpcore.http11  send_request_body.complete
2026-08-02 00:10:53  DEBUG     httpcore.http11  receive_response_headers.started request=<Request [b'POST']>
2026-08-02 00:10:53  DEBUG     httpcore.http11  send_request_headers.complete
2026-08-02 00:10:53  DEBUG     httpcore.http11  send_request_body.started request=<Request [b'POST']>
2026-08-02 00:10:53  DEBUG     httpcore.http11  send_request_body.complete
2026-08-02 00:10:53  DEBUG     httpcore.http11  receive_response_headers.started request=<Request [b'POST']>
2026-08-02 00:10:56  DEBUG     httpcore.http11  receive_response_headers.complete return_value=(b'HTTP/1.1', 200, b'OK', [(b'Content-Type', b'application/json; charset=utf-8'), (b'Date', b'Sat, 01 Aug 2026 18:40:56 GMT'), (b'Transfer-Encoding', b'chunked')])
2026-08-02 00:10:56  INFO      httpx  HTTP Request: POST http://127.0.0.1:11434/api/embeddings "HTTP/1.1 200 OK"
2026-08-02 00:10:56  DEBUG     httpcore.http11  receive_response_body.started request=<Request [b'POST']>
2026-08-02 00:10:56  DEBUG     httpcore.http11  receive_response_body.complete
2026-08-02 00:10:56  DEBUG     httpcore.http11  response_closed.started
2026-08-02 00:10:56  DEBUG     httpcore.http11  response_closed.complete
2026-08-02 00:10:56  DEBUG     httpcore.http11  send_request_headers.started request=<Request [b'POST']>
2026-08-02 00:10:56  DEBUG     httpcore.http11  send_request_headers.complete
2026-08-02 00:10:56  DEBUG     httpcore.http11  send_request_body.started request=<Request [b'POST']>
2026-08-02 00:10:56  DEBUG     httpcore.http11  send_request_body.complete
2026-08-02 00:10:56  DEBUG     httpcore.http11  receive_response_headers.started request=<Request [b'POST']>
2026-08-02 00:10:56  DEBUG     httpcore.http11  receive_response_headers.complete return_value=(b'HTTP/1.1', 200, b'OK', [(b'Content-Type', b'application/json; charset=utf-8'), (b'Date', b'Sat, 01 Aug 2026 18:40:56 GMT'), (b'Transfer-Encoding', b'chunked')])
2026-08-02 00:10:56  INFO      httpx  HTTP Request: POST http://127.0.0.1:11434/api/embeddings "HTTP/1.1 200 OK"
2026-08-02 00:10:56  DEBUG     httpcore.http11  receive_response_body.started request=<Request [b'POST']>
2026-08-02 00:10:57  DEBUG     httpcore.http11  receive_response_body.complete
2026-08-02 00:10:57  DEBUG     httpcore.http11  response_closed.started
2026-08-02 00:10:57  DEBUG     httpcore.http11  response_closed.complete
2026-08-02 00:10:57  DEBUG     httpcore.http11  send_request_headers.started request=<Request [b'POST']>
2026-08-02 00:10:57  DEBUG     httpcore.http11  send_request_headers.complete
2026-08-02 00:10:57  DEBUG     httpcore.http11  send_request_body.started request=<Request [b'POST']>
2026-08-02 00:10:57  DEBUG     httpcore.http11  send_request_body.complete
2026-08-02 00:10:57  DEBUG     httpcore.http11  receive_response_headers.started request=<Request [b'POST']>
2026-08-02 00:10:59  DEBUG     httpcore.http11  receive_response_headers.complete return_value=(b'HTTP/1.1', 200, b'OK', [(b'Content-Type', b'application/json; charset=utf-8'), (b'Date', b'Sat, 01 Aug 2026 18:40:58 GMT'), (b'Transfer-Encoding', b'chunked')])
2026-08-02 00:10:59  INFO      httpx  HTTP Request: POST http://127.0.0.1:11434/api/embeddings "HTTP/1.1 200 OK"
2026-08-02 00:10:59  DEBUG     httpcore.http11  receive_response_body.started request=<Request [b'POST']>
2026-08-02 00:10:59  DEBUG     httpcore.http11  receive_response_body.complete
2026-08-02 00:10:59  DEBUG     httpcore.http11  response_closed.started
2026-08-02 00:10:59  DEBUG     httpcore.http11  response_closed.complete
2026-08-02 00:10:59  DEBUG     httpcore.http11  send_request_headers.started request=<Request [b'POST']>
2026-08-02 00:10:59  DEBUG     httpcore.http11  send_request_headers.complete
2026-08-02 00:10:59  DEBUG     httpcore.http11  send_request_body.started request=<Request [b'POST']>
2026-08-02 00:10:59  DEBUG     httpcore.http11  send_request_body.complete
2026-08-02 00:10:59  DEBUG     httpcore.http11  receive_response_headers.started request=<Request [b'POST']>
2026-08-02 00:11:00  DEBUG     httpcore.http11  receive_response_headers.complete return_value=(b'HTTP/1.1', 200, b'OK', [(b'Content-Type', b'application/json; charset=utf-8'), (b'Date', b'Sat, 01 Aug 2026 18:41:00 GMT'), (b'Transfer-Encoding', b'chunked')])
2026-08-02 00:11:00  INFO      httpx  HTTP Request: POST http://127.0.0.1:11434/api/embeddings "HTTP/1.1 200 OK"
2026-08-02 00:11:00  DEBUG     httpcore.http11  receive_response_body.started request=<Request [b'POST']>
2026-08-02 00:11:00  DEBUG     httpcore.http11  receive_response_body.complete
2026-08-02 00:11:00  DEBUG     httpcore.http11  response_closed.started
2026-08-02 00:11:00  DEBUG     httpcore.http11  response_closed.complete
2026-08-02 00:11:00  DEBUG     httpcore.http11  send_request_headers.started request=<Request [b'POST']>
2026-08-02 00:11:00  DEBUG     httpcore.http11  send_request_headers.complete
2026-08-02 00:11:00  DEBUG     httpcore.http11  send_request_body.started request=<Request [b'POST']>
2026-08-02 00:11:00  DEBUG     httpcore.http11  send_request_body.complete
2026-08-02 00:11:00  DEBUG     httpcore.http11  receive_response_headers.started request=<Request [b'POST']>
2026-08-02 00:11:01  DEBUG     httpcore.http11  receive_response_headers.complete return_value=(b'HTTP/1.1', 200, b'OK', [(b'Content-Type', b'application/json; charset=utf-8'), (b'Date', b'Sat, 01 Aug 2026 18:41:01 GMT'), (b'Transfer-Encoding', b'chunked')])
2026-08-02 00:11:01  INFO      httpx  HTTP Request: POST http://127.0.0.1:11434/api/embeddings "HTTP/1.1 200 OK"
2026-08-02 00:11:01  DEBUG     httpcore.http11  receive_response_body.started request=<Request [b'POST']>
2026-08-02 00:11:01  DEBUG     httpcore.http11  receive_response_body.complete
2026-08-02 00:11:01  DEBUG     httpcore.http11  response_closed.started
2026-08-02 00:11:01  DEBUG     httpcore.http11  response_closed.complete
2026-08-02 00:11:01  DEBUG     httpcore.http11  send_request_headers.started request=<Request [b'POST']>
2026-08-02 00:11:01  DEBUG     httpcore.http11  send_request_headers.complete
2026-08-02 00:11:01  DEBUG     httpcore.http11  send_request_body.started request=<Request [b'POST']>
2026-08-02 00:11:01  DEBUG     httpcore.http11  send_request_body.complete
2026-08-02 00:11:01  DEBUG     httpcore.http11  receive_response_headers.started request=<Request [b'POST']>
2026-08-02 00:11:02  DEBUG     httpcore.http11  receive_response_headers.complete return_value=(b'HTTP/1.1', 200, b'OK', [(b'Content-Type', b'application/json; charset=utf-8'), (b'Date', b'Sat, 01 Aug 2026 18:41:02 GMT'), (b'Transfer-Encoding', b'chunked')])
2026-08-02 00:11:02  INFO      httpx  HTTP Request: POST http://127.0.0.1:11434/api/embeddings "HTTP/1.1 200 OK"
2026-08-02 00:11:02  DEBUG     httpcore.http11  receive_response_body.started request=<Request [b'POST']>
2026-08-02 00:11:02  DEBUG     httpcore.http11  receive_response_body.complete
2026-08-02 00:11:02  DEBUG     httpcore.http11  response_closed.started
2026-08-02 00:11:02  DEBUG     httpcore.http11  response_closed.complete
2026-08-02 00:11:03  DEBUG     httpcore.http11  receive_response_headers.complete return_value=(b'HTTP/1.1', 200, b'OK', [(b'Content-Type', b'application/json; charset=utf-8'), (b'Date', b'Sat, 01 Aug 2026 18:41:03 GMT'), (b'Transfer-Encoding', b'chunked')])
2026-08-02 00:11:03  INFO      httpx  HTTP Request: POST http://127.0.0.1:11434/api/embeddings "HTTP/1.1 200 OK"
2026-08-02 00:11:03  DEBUG     httpcore.http11  receive_response_body.started request=<Request [b'POST']>
2026-08-02 00:11:03  DEBUG     httpcore.http11  receive_response_body.complete
2026-08-02 00:11:03  DEBUG     httpcore.http11  response_closed.started
2026-08-02 00:11:03  DEBUG     httpcore.http11  response_closed.complete
2026-08-02 00:11:05  DEBUG     httpcore.http11  receive_response_headers.complete return_value=(b'HTTP/1.1', 200, b'OK', [(b'Content-Type', b'application/json; charset=utf-8'), (b'Date', b'Sat, 01 Aug 2026 18:41:05 GMT'), (b'Transfer-Encoding', b'chunked')])
2026-08-02 00:11:05  INFO      httpx  HTTP Request: POST http://127.0.0.1:11434/api/embeddings "HTTP/1.1 200 OK"
2026-08-02 00:11:05  DEBUG     httpcore.http11  receive_response_body.started request=<Request [b'POST']>
2026-08-02 00:11:05  DEBUG     httpcore.http11  receive_response_body.complete
2026-08-02 00:11:05  DEBUG     httpcore.http11  response_closed.started
2026-08-02 00:11:05  DEBUG     httpcore.http11  response_closed.complete
2026-08-02 00:11:05  DEBUG     httpcore.http11  receive_response_headers.complete return_value=(b'HTTP/1.1', 200, b'OK', [(b'Content-Type', b'application/json; charset=utf-8'), (b'Date', b'Sat, 01 Aug 2026 18:41:05 GMT'), (b'Transfer-Encoding', b'chunked')])
2026-08-02 00:11:05  INFO      httpx  HTTP Request: POST http://127.0.0.1:11434/api/embeddings "HTTP/1.1 200 OK"
2026-08-02 00:11:05  DEBUG     httpcore.http11  receive_response_body.started request=<Request [b'POST']>
2026-08-02 00:11:05  DEBUG     httpcore.http11  receive_response_body.complete
2026-08-02 00:11:05  DEBUG     httpcore.http11  response_closed.started
2026-08-02 00:11:05  DEBUG     httpcore.http11  response_closed.complete
2026-08-02 00:11:06  INFO      __main__  INDEX tcs_application.pdf — 9 chunk(s) stored
2026-08-02 00:11:06  DEBUG     httpcore.http11  send_request_headers.started request=<Request [b'POST']>
2026-08-02 00:11:06  DEBUG     httpcore.http11  send_request_headers.complete
2026-08-02 00:11:06  DEBUG     httpcore.http11  send_request_body.started request=<Request [b'POST']>
2026-08-02 00:11:06  DEBUG     httpcore.http11  send_request_body.complete
2026-08-02 00:11:06  DEBUG     httpcore.http11  receive_response_headers.started request=<Request [b'POST']>
2026-08-02 00:11:06  DEBUG     httpcore.http11  send_request_headers.started request=<Request [b'POST']>
2026-08-02 00:11:06  DEBUG     httpcore.http11  send_request_headers.complete
2026-08-02 00:11:06  DEBUG     httpcore.http11  send_request_body.started request=<Request [b'POST']>
2026-08-02 00:11:06  DEBUG     httpcore.http11  send_request_body.complete
2026-08-02 00:11:06  DEBUG     httpcore.http11  receive_response_headers.started request=<Request [b'POST']>
2026-08-02 00:11:06  DEBUG     httpcore.http11  send_request_headers.started request=<Request [b'POST']>
2026-08-02 00:11:06  DEBUG     httpcore.http11  send_request_headers.complete
2026-08-02 00:11:06  DEBUG     httpcore.http11  send_request_body.started request=<Request [b'POST']>
2026-08-02 00:11:06  DEBUG     httpcore.http11  send_request_body.complete
2026-08-02 00:11:06  DEBUG     httpcore.http11  receive_response_headers.started request=<Request [b'POST']>
2026-08-02 00:11:06  DEBUG     httpcore.http11  send_request_headers.started request=<Request [b'POST']>
2026-08-02 00:11:06  DEBUG     httpcore.http11  send_request_headers.complete
2026-08-02 00:11:06  DEBUG     httpcore.http11  send_request_body.started request=<Request [b'POST']>
2026-08-02 00:11:06  DEBUG     httpcore.http11  send_request_body.complete
2026-08-02 00:11:06  DEBUG     httpcore.http11  receive_response_headers.started request=<Request [b'POST']>
2026-08-02 00:11:10  DEBUG     httpcore.http11  receive_response_headers.complete return_value=(b'HTTP/1.1', 200, b'OK', [(b'Content-Type', b'application/json; charset=utf-8'), (b'Date', b'Sat, 01 Aug 2026 18:41:10 GMT'), (b'Transfer-Encoding', b'chunked')])
2026-08-02 00:11:10  INFO      httpx  HTTP Request: POST http://127.0.0.1:11434/api/embeddings "HTTP/1.1 200 OK"
2026-08-02 00:11:10  DEBUG     httpcore.http11  receive_response_body.started request=<Request [b'POST']>
2026-08-02 00:11:10  DEBUG     httpcore.http11  receive_response_body.complete
2026-08-02 00:11:10  DEBUG     httpcore.http11  response_closed.started
2026-08-02 00:11:10  DEBUG     httpcore.http11  response_closed.complete
2026-08-02 00:11:11  DEBUG     httpcore.http11  send_request_headers.started request=<Request [b'POST']>
2026-08-02 00:11:11  DEBUG     httpcore.http11  send_request_headers.complete
2026-08-02 00:11:11  DEBUG     httpcore.http11  send_request_body.started request=<Request [b'POST']>
2026-08-02 00:11:11  DEBUG     httpcore.http11  send_request_body.complete
2026-08-02 00:11:11  DEBUG     httpcore.http11  receive_response_headers.started request=<Request [b'POST']>
2026-08-02 00:11:14  DEBUG     httpcore.http11  receive_response_headers.complete return_value=(b'HTTP/1.1', 200, b'OK', [(b'Content-Type', b'application/json; charset=utf-8'), (b'Date', b'Sat, 01 Aug 2026 18:41:14 GMT'), (b'Transfer-Encoding', b'chunked')])
2026-08-02 00:11:14  INFO      httpx  HTTP Request: POST http://127.0.0.1:11434/api/embeddings "HTTP/1.1 200 OK"
2026-08-02 00:11:14  DEBUG     httpcore.http11  receive_response_body.started request=<Request [b'POST']>
2026-08-02 00:11:14  DEBUG     httpcore.http11  receive_response_body.complete
2026-08-02 00:11:14  DEBUG     httpcore.http11  response_closed.started
2026-08-02 00:11:14  DEBUG     httpcore.http11  response_closed.complete
2026-08-02 00:11:14  DEBUG     httpcore.http11  send_request_headers.started request=<Request [b'POST']>
2026-08-02 00:11:14  DEBUG     httpcore.http11  send_request_headers.complete
2026-08-02 00:11:14  DEBUG     httpcore.http11  send_request_body.started request=<Request [b'POST']>
2026-08-02 00:11:14  DEBUG     httpcore.http11  send_request_body.complete
2026-08-02 00:11:14  DEBUG     httpcore.http11  receive_response_headers.started request=<Request [b'POST']>
2026-08-02 00:11:14  DEBUG     httpcore.http11  receive_response_headers.complete return_value=(b'HTTP/1.1', 200, b'OK', [(b'Content-Type', b'application/json; charset=utf-8'), (b'Date', b'Sat, 01 Aug 2026 18:41:12 GMT'), (b'Transfer-Encoding', b'chunked')])
2026-08-02 00:11:14  INFO      httpx  HTTP Request: POST http://127.0.0.1:11434/api/embeddings "HTTP/1.1 200 OK"
2026-08-02 00:11:14  DEBUG     httpcore.http11  receive_response_body.started request=<Request [b'POST']>
2026-08-02 00:11:14  DEBUG     httpcore.http11  receive_response_body.complete
2026-08-02 00:11:14  DEBUG     httpcore.http11  response_closed.started
2026-08-02 00:11:14  DEBUG     httpcore.http11  response_closed.complete
2026-08-02 00:11:14  DEBUG     httpcore.http11  send_request_headers.started request=<Request [b'POST']>
2026-08-02 00:11:14  DEBUG     httpcore.http11  send_request_headers.complete
2026-08-02 00:11:14  DEBUG     httpcore.http11  send_request_body.started request=<Request [b'POST']>
2026-08-02 00:11:14  DEBUG     httpcore.http11  send_request_body.complete
2026-08-02 00:11:14  DEBUG     httpcore.http11  receive_response_headers.started request=<Request [b'POST']>
2026-08-02 00:11:16  DEBUG     httpcore.http11  receive_response_headers.complete return_value=(b'HTTP/1.1', 200, b'OK', [(b'Content-Type', b'application/json; charset=utf-8'), (b'Date', b'Sat, 01 Aug 2026 18:41:16 GMT'), (b'Transfer-Encoding', b'chunked')])
2026-08-02 00:11:16  INFO      httpx  HTTP Request: POST http://127.0.0.1:11434/api/embeddings "HTTP/1.1 200 OK"
2026-08-02 00:11:16  DEBUG     httpcore.http11  receive_response_body.started request=<Request [b'POST']>
2026-08-02 00:11:16  DEBUG     httpcore.http11  receive_response_body.complete
2026-08-02 00:11:16  DEBUG     httpcore.http11  response_closed.started
2026-08-02 00:11:16  DEBUG     httpcore.http11  response_closed.complete
2026-08-02 00:11:16  DEBUG     httpcore.http11  send_request_headers.started request=<Request [b'POST']>
2026-08-02 00:11:16  DEBUG     httpcore.http11  send_request_headers.complete
2026-08-02 00:11:16  DEBUG     httpcore.http11  send_request_body.started request=<Request [b'POST']>
2026-08-02 00:11:16  DEBUG     httpcore.http11  send_request_body.complete
2026-08-02 00:11:16  DEBUG     httpcore.http11  receive_response_headers.started request=<Request [b'POST']>
2026-08-02 00:11:17  DEBUG     httpcore.http11  receive_response_headers.complete return_value=(b'HTTP/1.1', 200, b'OK', [(b'Content-Type', b'application/json; charset=utf-8'), (b'Date', b'Sat, 01 Aug 2026 18:41:17 GMT'), (b'Transfer-Encoding', b'chunked')])
2026-08-02 00:11:17  INFO      httpx  HTTP Request: POST http://127.0.0.1:11434/api/embeddings "HTTP/1.1 200 OK"
2026-08-02 00:11:17  DEBUG     httpcore.http11  receive_response_body.started request=<Request [b'POST']>
2026-08-02 00:11:17  DEBUG     httpcore.http11  receive_response_body.complete
2026-08-02 00:11:17  DEBUG     httpcore.http11  response_closed.started
2026-08-02 00:11:17  DEBUG     httpcore.http11  response_closed.complete
2026-08-02 00:11:17  DEBUG     httpcore.http11  send_request_headers.started request=<Request [b'POST']>
2026-08-02 00:11:17  DEBUG     httpcore.http11  send_request_headers.complete
2026-08-02 00:11:17  DEBUG     httpcore.http11  send_request_body.started request=<Request [b'POST']>
2026-08-02 00:11:17  DEBUG     httpcore.http11  send_request_body.complete
2026-08-02 00:11:17  DEBUG     httpcore.http11  receive_response_headers.started request=<Request [b'POST']>
2026-08-02 00:11:18  DEBUG     httpcore.http11  receive_response_headers.complete return_value=(b'HTTP/1.1', 200, b'OK', [(b'Content-Type', b'application/json; charset=utf-8'), (b'Date', b'Sat, 01 Aug 2026 18:41:18 GMT'), (b'Transfer-Encoding', b'chunked')])
2026-08-02 00:11:18  INFO      httpx  HTTP Request: POST http://127.0.0.1:11434/api/embeddings "HTTP/1.1 200 OK"
2026-08-02 00:11:18  DEBUG     httpcore.http11  receive_response_body.started request=<Request [b'POST']>
2026-08-02 00:11:18  DEBUG     httpcore.http11  receive_response_body.complete
2026-08-02 00:11:18  DEBUG     httpcore.http11  response_closed.started
2026-08-02 00:11:18  DEBUG     httpcore.http11  response_closed.complete
2026-08-02 00:11:18  DEBUG     httpcore.http11  send_request_headers.started request=<Request [b'POST']>
2026-08-02 00:11:19  DEBUG     httpcore.http11  send_request_headers.complete
2026-08-02 00:11:19  DEBUG     httpcore.http11  send_request_body.started request=<Request [b'POST']>
2026-08-02 00:11:19  DEBUG     httpcore.http11  send_request_body.complete
2026-08-02 00:11:19  DEBUG     httpcore.http11  receive_response_headers.started request=<Request [b'POST']>
2026-08-02 00:11:19  DEBUG     httpcore.http11  receive_response_headers.complete return_value=(b'HTTP/1.1', 200, b'OK', [(b'Content-Type', b'application/json; charset=utf-8'), (b'Date', b'Sat, 01 Aug 2026 18:41:19 GMT'), (b'Transfer-Encoding', b'chunked')])
2026-08-02 00:11:19  INFO      httpx  HTTP Request: POST http://127.0.0.1:11434/api/embeddings "HTTP/1.1 200 OK"
2026-08-02 00:11:19  DEBUG     httpcore.http11  receive_response_body.started request=<Request [b'POST']>
2026-08-02 00:11:19  DEBUG     httpcore.http11  receive_response_body.complete
2026-08-02 00:11:19  DEBUG     httpcore.http11  response_closed.started
2026-08-02 00:11:19  DEBUG     httpcore.http11  response_closed.complete
2026-08-02 00:11:19  DEBUG     httpcore.http11  send_request_headers.started request=<Request [b'POST']>
2026-08-02 00:11:19  DEBUG     httpcore.http11  send_request_headers.complete
2026-08-02 00:11:19  DEBUG     httpcore.http11  send_request_body.started request=<Request [b'POST']>
2026-08-02 00:11:19  DEBUG     httpcore.http11  send_request_body.complete
2026-08-02 00:11:19  DEBUG     httpcore.http11  receive_response_headers.started request=<Request [b'POST']>
2026-08-02 00:11:21  DEBUG     httpcore.http11  receive_response_headers.complete return_value=(b'HTTP/1.1', 200, b'OK', [(b'Content-Type', b'application/json; charset=utf-8'), (b'Date', b'Sat, 01 Aug 2026 18:41:21 GMT'), (b'Transfer-Encoding', b'chunked')])
2026-08-02 00:11:21  INFO      httpx  HTTP Request: POST http://127.0.0.1:11434/api/embeddings "HTTP/1.1 200 OK"
2026-08-02 00:11:21  DEBUG     httpcore.http11  receive_response_body.started request=<Request [b'POST']>
2026-08-02 00:11:21  DEBUG     httpcore.http11  receive_response_body.complete
2026-08-02 00:11:21  DEBUG     httpcore.http11  response_closed.started
2026-08-02 00:11:21  DEBUG     httpcore.http11  response_closed.complete
2026-08-02 00:11:21  DEBUG     httpcore.http11  send_request_headers.started request=<Request [b'POST']>
2026-08-02 00:11:21  DEBUG     httpcore.http11  send_request_headers.complete
2026-08-02 00:11:21  DEBUG     httpcore.http11  send_request_body.started request=<Request [b'POST']>
2026-08-02 00:11:21  DEBUG     httpcore.http11  send_request_body.complete
2026-08-02 00:11:21  DEBUG     httpcore.http11  receive_response_headers.started request=<Request [b'POST']>
2026-08-02 00:11:22  DEBUG     httpcore.http11  receive_response_headers.complete return_value=(b'HTTP/1.1', 200, b'OK', [(b'Content-Type', b'application/json; charset=utf-8'), (b'Date', b'Sat, 01 Aug 2026 18:41:22 GMT'), (b'Transfer-Encoding', b'chunked')])
2026-08-02 00:11:22  INFO      httpx  HTTP Request: POST http://127.0.0.1:11434/api/embeddings "HTTP/1.1 200 OK"
2026-08-02 00:11:22  DEBUG     httpcore.http11  receive_response_body.started request=<Request [b'POST']>
2026-08-02 00:11:22  DEBUG     httpcore.http11  receive_response_body.complete
2026-08-02 00:11:22  DEBUG     httpcore.http11  response_closed.started
2026-08-02 00:11:22  DEBUG     httpcore.http11  response_closed.complete
2026-08-02 00:11:22  DEBUG     httpcore.http11  send_request_headers.started request=<Request [b'POST']>
2026-08-02 00:11:22  DEBUG     httpcore.http11  send_request_headers.complete
2026-08-02 00:11:22  DEBUG     httpcore.http11  send_request_body.started request=<Request [b'POST']>
2026-08-02 00:11:22  DEBUG     httpcore.http11  send_request_body.complete
2026-08-02 00:11:22  DEBUG     httpcore.http11  receive_response_headers.started request=<Request [b'POST']>
2026-08-02 00:11:23  DEBUG     httpcore.http11  receive_response_headers.complete return_value=(b'HTTP/1.1', 200, b'OK', [(b'Content-Type', b'application/json; charset=utf-8'), (b'Date', b'Sat, 01 Aug 2026 18:41:23 GMT'), (b'Transfer-Encoding', b'chunked')])
2026-08-02 00:11:23  INFO      httpx  HTTP Request: POST http://127.0.0.1:11434/api/embeddings "HTTP/1.1 200 OK"
2026-08-02 00:11:23  DEBUG     httpcore.http11  receive_response_body.started request=<Request [b'POST']>
2026-08-02 00:11:23  DEBUG     httpcore.http11  receive_response_body.complete
2026-08-02 00:11:23  DEBUG     httpcore.http11  response_closed.started
2026-08-02 00:11:23  DEBUG     httpcore.http11  response_closed.complete
2026-08-02 00:11:24  DEBUG     httpcore.http11  send_request_headers.started request=<Request [b'POST']>
2026-08-02 00:11:24  DEBUG     httpcore.http11  send_request_headers.complete
2026-08-02 00:11:24  DEBUG     httpcore.http11  send_request_body.started request=<Request [b'POST']>
2026-08-02 00:11:24  DEBUG     httpcore.http11  send_request_body.complete
2026-08-02 00:11:24  DEBUG     httpcore.http11  receive_response_headers.started request=<Request [b'POST']>
2026-08-02 00:11:25  DEBUG     httpcore.http11  receive_response_headers.complete return_value=(b'HTTP/1.1', 200, b'OK', [(b'Content-Type', b'application/json; charset=utf-8'), (b'Date', b'Sat, 01 Aug 2026 18:41:25 GMT'), (b'Transfer-Encoding', b'chunked')])
2026-08-02 00:11:25  INFO      httpx  HTTP Request: POST http://127.0.0.1:11434/api/embeddings "HTTP/1.1 200 OK"
2026-08-02 00:11:25  DEBUG     httpcore.http11  receive_response_body.started request=<Request [b'POST']>
2026-08-02 00:11:25  DEBUG     httpcore.http11  receive_response_body.complete
2026-08-02 00:11:25  DEBUG     httpcore.http11  response_closed.started
2026-08-02 00:11:25  DEBUG     httpcore.http11  response_closed.complete
2026-08-02 00:11:25  DEBUG     httpcore.http11  send_request_headers.started request=<Request [b'POST']>
2026-08-02 00:11:25  DEBUG     httpcore.http11  send_request_headers.complete
2026-08-02 00:11:25  DEBUG     httpcore.http11  send_request_body.started request=<Request [b'POST']>
2026-08-02 00:11:25  DEBUG     httpcore.http11  send_request_body.complete
2026-08-02 00:11:25  DEBUG     httpcore.http11  receive_response_headers.started request=<Request [b'POST']>
2026-08-02 00:11:26  DEBUG     httpcore.http11  receive_response_headers.complete return_value=(b'HTTP/1.1', 200, b'OK', [(b'Content-Type', b'application/json; charset=utf-8'), (b'Date', b'Sat, 01 Aug 2026 18:41:26 GMT'), (b'Transfer-Encoding', b'chunked')])
2026-08-02 00:11:26  INFO      httpx  HTTP Request: POST http://127.0.0.1:11434/api/embeddings "HTTP/1.1 200 OK"
2026-08-02 00:11:26  DEBUG     httpcore.http11  receive_response_body.started request=<Request [b'POST']>
2026-08-02 00:11:26  DEBUG     httpcore.http11  receive_response_body.complete
2026-08-02 00:11:26  DEBUG     httpcore.http11  response_closed.started
2026-08-02 00:11:26  DEBUG     httpcore.http11  response_closed.complete
2026-08-02 00:11:26  DEBUG     httpcore.http11  send_request_headers.started request=<Request [b'POST']>
2026-08-02 00:11:26  DEBUG     httpcore.http11  send_request_headers.complete
2026-08-02 00:11:26  DEBUG     httpcore.http11  send_request_body.started request=<Request [b'POST']>
2026-08-02 00:11:26  DEBUG     httpcore.http11  send_request_body.complete
2026-08-02 00:11:26  DEBUG     httpcore.http11  receive_response_headers.started request=<Request [b'POST']>
2026-08-02 00:11:28  DEBUG     httpcore.http11  receive_response_headers.complete return_value=(b'HTTP/1.1', 200, b'OK', [(b'Content-Type', b'application/json; charset=utf-8'), (b'Date', b'Sat, 01 Aug 2026 18:41:28 GMT'), (b'Transfer-Encoding', b'chunked')])
2026-08-02 00:11:28  INFO      httpx  HTTP Request: POST http://127.0.0.1:11434/api/embeddings "HTTP/1.1 200 OK"
2026-08-02 00:11:28  DEBUG     httpcore.http11  receive_response_body.started request=<Request [b'POST']>
2026-08-02 00:11:28  DEBUG     httpcore.http11  receive_response_body.complete
2026-08-02 00:11:28  DEBUG     httpcore.http11  response_closed.started
2026-08-02 00:11:28  DEBUG     httpcore.http11  response_closed.complete
2026-08-02 00:11:28  DEBUG     httpcore.http11  send_request_headers.started request=<Request [b'POST']>
2026-08-02 00:11:28  DEBUG     httpcore.http11  send_request_headers.complete
2026-08-02 00:11:28  DEBUG     httpcore.http11  send_request_body.started request=<Request [b'POST']>
2026-08-02 00:11:28  DEBUG     httpcore.http11  send_request_body.complete
2026-08-02 00:11:28  DEBUG     httpcore.http11  receive_response_headers.started request=<Request [b'POST']>
2026-08-02 00:11:31  DEBUG     httpcore.http11  receive_response_headers.complete return_value=(b'HTTP/1.1', 200, b'OK', [(b'Content-Type', b'application/json; charset=utf-8'), (b'Date', b'Sat, 01 Aug 2026 18:41:30 GMT'), (b'Content-Length', b'689')])
2026-08-02 00:11:31  INFO      httpx  HTTP Request: POST http://127.0.0.1:11434/api/chat "HTTP/1.1 200 OK"
2026-08-02 00:11:31  DEBUG     httpcore.http11  receive_response_body.started request=<Request [b'POST']>
2026-08-02 00:11:31  DEBUG     httpcore.http11  receive_response_body.complete
2026-08-02 00:11:31  DEBUG     httpcore.http11  response_closed.started
2026-08-02 00:11:31  DEBUG     httpcore.http11  response_closed.complete
2026-08-02 00:11:31  DEBUG     httpcore.connection  close.started
2026-08-02 00:11:31  DEBUG     httpcore.connection  close.complete
2026-08-02 00:11:31  INFO      parsers.image_parser  VLM Output Parsed — extracted_text len=0, description len=386
2026-08-02 00:11:31  DEBUG     httpcore.http11  receive_response_headers.complete return_value=(b'HTTP/1.1', 200, b'OK', [(b'Content-Type', b'application/json; charset=utf-8'), (b'Date', b'Sat, 01 Aug 2026 18:41:31 GMT'), (b'Transfer-Encoding', b'chunked')])
2026-08-02 00:11:31  INFO      httpx  HTTP Request: POST http://127.0.0.1:11434/api/embeddings "HTTP/1.1 200 OK"
2026-08-02 00:11:31  DEBUG     httpcore.http11  receive_response_body.started request=<Request [b'POST']>
2026-08-02 00:11:31  DEBUG     httpcore.http11  receive_response_body.complete
2026-08-02 00:11:31  DEBUG     httpcore.http11  response_closed.started
2026-08-02 00:11:31  DEBUG     httpcore.http11  response_closed.complete
2026-08-02 00:11:31  DEBUG     httpcore.http11  send_request_headers.started request=<Request [b'POST']>
2026-08-02 00:11:31  DEBUG     httpcore.http11  send_request_headers.complete
2026-08-02 00:11:31  DEBUG     httpcore.http11  send_request_body.started request=<Request [b'POST']>
2026-08-02 00:11:31  DEBUG     httpcore.http11  send_request_body.complete
2026-08-02 00:11:31  DEBUG     httpcore.http11  receive_response_headers.started request=<Request [b'POST']>
2026-08-02 00:11:31  WARNING   parsers.image_parser  Ollama Vision call timed out (45s) for 'C:\Users\acer\Documents\Aadhisesha\College_ID_Card2.jpeg'; falling back to Tesseract.
2026-08-02 00:11:32  DEBUG     httpcore.http11  receive_response_headers.complete return_value=(b'HTTP/1.1', 200, b'OK', [(b'Content-Type', b'application/json; charset=utf-8'), (b'Date', b'Sat, 01 Aug 2026 18:41:32 GMT'), (b'Transfer-Encoding', b'chunked')])
2026-08-02 00:11:32  INFO      httpx  HTTP Request: POST http://127.0.0.1:11434/api/embeddings "HTTP/1.1 200 OK"
2026-08-02 00:11:32  DEBUG     httpcore.http11  receive_response_body.started request=<Request [b'POST']>
2026-08-02 00:11:32  DEBUG     httpcore.http11  receive_response_body.complete
2026-08-02 00:11:32  DEBUG     httpcore.http11  response_closed.started
2026-08-02 00:11:33  DEBUG     httpcore.http11  response_closed.complete
2026-08-02 00:11:33  DEBUG     httpcore.http11  send_request_headers.started request=<Request [b'POST']>
2026-08-02 00:11:33  DEBUG     httpcore.http11  send_request_headers.complete
2026-08-02 00:11:33  DEBUG     httpcore.http11  send_request_body.started request=<Request [b'POST']>
2026-08-02 00:11:33  DEBUG     httpcore.http11  send_request_body.complete
2026-08-02 00:11:33  DEBUG     httpcore.http11  receive_response_headers.started request=<Request [b'POST']>
2026-08-02 00:11:34  DEBUG     httpcore.http11  receive_response_headers.complete return_value=(b'HTTP/1.1', 200, b'OK', [(b'Content-Type', b'application/json; charset=utf-8'), (b'Date', b'Sat, 01 Aug 2026 18:41:34 GMT'), (b'Transfer-Encoding', b'chunked')])
2026-08-02 00:11:34  INFO      httpx  HTTP Request: POST http://127.0.0.1:11434/api/embeddings "HTTP/1.1 200 OK"
2026-08-02 00:11:34  DEBUG     httpcore.http11  receive_response_body.started request=<Request [b'POST']>
2026-08-02 00:11:34  DEBUG     httpcore.http11  receive_response_body.complete
2026-08-02 00:11:34  DEBUG     httpcore.http11  response_closed.started
2026-08-02 00:11:34  DEBUG     httpcore.http11  response_closed.complete
2026-08-02 00:11:34  DEBUG     httpcore.http11  send_request_headers.started request=<Request [b'POST']>
2026-08-02 00:11:34  DEBUG     httpcore.http11  send_request_headers.complete
2026-08-02 00:11:34  DEBUG     httpcore.http11  send_request_body.started request=<Request [b'POST']>
2026-08-02 00:11:34  DEBUG     httpcore.http11  send_request_body.complete
2026-08-02 00:11:34  DEBUG     httpcore.http11  receive_response_headers.started request=<Request [b'POST']>
2026-08-02 00:11:36  DEBUG     httpcore.http11  receive_response_headers.complete return_value=(b'HTTP/1.1', 200, b'OK', [(b'Content-Type', b'application/json; charset=utf-8'), (b'Date', b'Sat, 01 Aug 2026 18:41:36 GMT'), (b'Transfer-Encoding', b'chunked')])
2026-08-02 00:11:36  INFO      httpx  HTTP Request: POST http://127.0.0.1:11434/api/embeddings "HTTP/1.1 200 OK"
2026-08-02 00:11:36  DEBUG     httpcore.http11  receive_response_body.started request=<Request [b'POST']>
2026-08-02 00:11:36  DEBUG     httpcore.http11  receive_response_body.complete
2026-08-02 00:11:36  DEBUG     httpcore.http11  response_closed.started
2026-08-02 00:11:36  DEBUG     httpcore.http11  response_closed.complete
2026-08-02 00:11:36  DEBUG     httpcore.http11  send_request_headers.started request=<Request [b'POST']>
2026-08-02 00:11:36  DEBUG     httpcore.http11  send_request_headers.complete
2026-08-02 00:11:36  DEBUG     httpcore.http11  send_request_body.started request=<Request [b'POST']>
2026-08-02 00:11:36  DEBUG     httpcore.http11  send_request_body.complete
2026-08-02 00:11:36  DEBUG     httpcore.http11  receive_response_headers.started request=<Request [b'POST']>
2026-08-02 00:11:37  DEBUG     pytesseract  ['tesseract', 'C:\\Users\\acer\\AppData\\Local\\Temp\\tess_3d5gouwb_input.PNG', 'C:\\Users\\acer\\AppData\\Local\\Temp\\tess_3d5gouwb', '-l', 'eng', 'txt']
2026-08-02 00:11:38  DEBUG     httpcore.http11  receive_response_headers.complete return_value=(b'HTTP/1.1', 200, b'OK', [(b'Content-Type', b'application/json; charset=utf-8'), (b'Date', b'Sat, 01 Aug 2026 18:41:38 GMT'), (b'Transfer-Encoding', b'chunked')])
2026-08-02 00:11:38  INFO      httpx  HTTP Request: POST http://127.0.0.1:11434/api/embeddings "HTTP/1.1 200 OK"
2026-08-02 00:11:38  DEBUG     httpcore.http11  receive_response_body.started request=<Request [b'POST']>
2026-08-02 00:11:38  DEBUG     httpcore.http11  receive_response_body.complete
2026-08-02 00:11:38  DEBUG     httpcore.http11  response_closed.started
2026-08-02 00:11:38  DEBUG     httpcore.http11  response_closed.complete
2026-08-02 00:11:38  DEBUG     httpcore.http11  send_request_headers.started request=<Request [b'POST']>
2026-08-02 00:11:38  DEBUG     httpcore.http11  send_request_headers.complete
2026-08-02 00:11:38  DEBUG     httpcore.http11  send_request_body.started request=<Request [b'POST']>
2026-08-02 00:11:38  DEBUG     httpcore.http11  send_request_body.complete
2026-08-02 00:11:38  DEBUG     httpcore.http11  receive_response_headers.started request=<Request [b'POST']>
2026-08-02 00:11:39  DEBUG     httpcore.http11  receive_response_headers.complete return_value=(b'HTTP/1.1', 200, b'OK', [(b'Content-Type', b'application/json; charset=utf-8'), (b'Date', b'Sat, 01 Aug 2026 18:41:39 GMT'), (b'Transfer-Encoding', b'chunked')])
2026-08-02 00:11:39  INFO      httpx  HTTP Request: POST http://127.0.0.1:11434/api/embeddings "HTTP/1.1 200 OK"
2026-08-02 00:11:39  DEBUG     httpcore.http11  receive_response_body.started request=<Request [b'POST']>
2026-08-02 00:11:39  DEBUG     httpcore.http11  receive_response_body.complete
2026-08-02 00:11:39  DEBUG     httpcore.http11  response_closed.started
2026-08-02 00:11:39  DEBUG     httpcore.http11  response_closed.complete
2026-08-02 00:11:39  DEBUG     httpcore.http11  send_request_headers.started request=<Request [b'POST']>
2026-08-02 00:11:39  DEBUG     httpcore.http11  send_request_headers.complete
2026-08-02 00:11:39  DEBUG     httpcore.http11  send_request_body.started request=<Request [b'POST']>
2026-08-02 00:11:39  DEBUG     httpcore.http11  send_request_body.complete
2026-08-02 00:11:39  DEBUG     httpcore.http11  receive_response_headers.started request=<Request [b'POST']>
2026-08-02 00:11:41  DEBUG     httpcore.http11  receive_response_headers.complete return_value=(b'HTTP/1.1', 200, b'OK', [(b'Content-Type', b'application/json; charset=utf-8'), (b'Date', b'Sat, 01 Aug 2026 18:41:41 GMT'), (b'Transfer-Encoding', b'chunked')])
2026-08-02 00:11:41  INFO      httpx  HTTP Request: POST http://127.0.0.1:11434/api/embeddings "HTTP/1.1 200 OK"
2026-08-02 00:11:41  DEBUG     httpcore.http11  receive_response_body.started request=<Request [b'POST']>
2026-08-02 00:11:41  DEBUG     httpcore.http11  receive_response_body.complete
2026-08-02 00:11:41  DEBUG     httpcore.http11  response_closed.started
2026-08-02 00:11:41  DEBUG     httpcore.http11  response_closed.complete
2026-08-02 00:11:41  DEBUG     httpcore.http11  send_request_headers.started request=<Request [b'POST']>
2026-08-02 00:11:41  DEBUG     httpcore.http11  send_request_headers.complete
2026-08-02 00:11:41  DEBUG     httpcore.http11  send_request_body.started request=<Request [b'POST']>
2026-08-02 00:11:41  DEBUG     httpcore.http11  send_request_body.complete
2026-08-02 00:11:41  DEBUG     httpcore.http11  receive_response_headers.started request=<Request [b'POST']>
2026-08-02 00:11:43  DEBUG     httpcore.http11  receive_response_headers.complete return_value=(b'HTTP/1.1', 200, b'OK', [(b'Content-Type', b'application/json; charset=utf-8'), (b'Date', b'Sat, 01 Aug 2026 18:41:43 GMT'), (b'Transfer-Encoding', b'chunked')])
2026-08-02 00:11:43  INFO      httpx  HTTP Request: POST http://127.0.0.1:11434/api/embeddings "HTTP/1.1 200 OK"
2026-08-02 00:11:43  DEBUG     httpcore.http11  receive_response_body.started request=<Request [b'POST']>
2026-08-02 00:11:43  DEBUG     httpcore.http11  receive_response_body.complete
2026-08-02 00:11:43  DEBUG     httpcore.http11  response_closed.started
2026-08-02 00:11:43  DEBUG     httpcore.http11  response_closed.complete
2026-08-02 00:11:43  DEBUG     httpcore.http11  send_request_headers.started request=<Request [b'POST']>
2026-08-02 00:11:43  DEBUG     httpcore.http11  send_request_headers.complete
2026-08-02 00:11:43  DEBUG     httpcore.http11  send_request_body.started request=<Request [b'POST']>
2026-08-02 00:11:43  DEBUG     httpcore.http11  send_request_body.complete
2026-08-02 00:11:43  DEBUG     httpcore.http11  receive_response_headers.started request=<Request [b'POST']>
2026-08-02 00:11:45  DEBUG     httpcore.http11  receive_response_headers.complete return_value=(b'HTTP/1.1', 200, b'OK', [(b'Content-Type', b'application/json; charset=utf-8'), (b'Date', b'Sat, 01 Aug 2026 18:41:45 GMT'), (b'Transfer-Encoding', b'chunked')])
2026-08-02 00:11:45  INFO      httpx  HTTP Request: POST http://127.0.0.1:11434/api/embeddings "HTTP/1.1 200 OK"
2026-08-02 00:11:45  DEBUG     httpcore.http11  receive_response_body.started request=<Request [b'POST']>
2026-08-02 00:11:45  DEBUG     httpcore.http11  receive_response_body.complete
2026-08-02 00:11:45  DEBUG     httpcore.http11  response_closed.started
2026-08-02 00:11:45  DEBUG     httpcore.http11  response_closed.complete
2026-08-02 00:11:45  DEBUG     httpcore.http11  send_request_headers.started request=<Request [b'POST']>
2026-08-02 00:11:45  DEBUG     httpcore.http11  send_request_headers.complete
2026-08-02 00:11:45  DEBUG     httpcore.http11  send_request_body.started request=<Request [b'POST']>
2026-08-02 00:11:45  DEBUG     httpcore.http11  send_request_body.complete
2026-08-02 00:11:45  DEBUG     httpcore.http11  receive_response_headers.started request=<Request [b'POST']>
2026-08-02 00:11:47  DEBUG     httpcore.http11  receive_response_headers.complete return_value=(b'HTTP/1.1', 200, b'OK', [(b'Content-Type', b'application/json; charset=utf-8'), (b'Date', b'Sat, 01 Aug 2026 18:41:47 GMT'), (b'Transfer-Encoding', b'chunked')])
2026-08-02 00:11:47  INFO      httpx  HTTP Request: POST http://127.0.0.1:11434/api/embeddings "HTTP/1.1 200 OK"
2026-08-02 00:11:47  DEBUG     httpcore.http11  receive_response_body.started request=<Request [b'POST']>
2026-08-02 00:11:47  DEBUG     httpcore.http11  receive_response_body.complete
2026-08-02 00:11:47  DEBUG     httpcore.http11  response_closed.started
2026-08-02 00:11:47  DEBUG     httpcore.http11  response_closed.complete
2026-08-02 00:11:47  DEBUG     httpcore.http11  send_request_headers.started request=<Request [b'POST']>
2026-08-02 00:11:47  DEBUG     httpcore.http11  send_request_headers.complete
2026-08-02 00:11:47  DEBUG     httpcore.http11  send_request_body.started request=<Request [b'POST']>
2026-08-02 00:11:47  DEBUG     httpcore.http11  send_request_body.complete
2026-08-02 00:11:47  DEBUG     httpcore.http11  receive_response_headers.started request=<Request [b'POST']>
2026-08-02 00:11:48  DEBUG     httpcore.http11  receive_response_headers.complete return_value=(b'HTTP/1.1', 200, b'OK', [(b'Content-Type', b'application/json; charset=utf-8'), (b'Date', b'Sat, 01 Aug 2026 18:41:48 GMT'), (b'Transfer-Encoding', b'chunked')])
2026-08-02 00:11:48  INFO      httpx  HTTP Request: POST http://127.0.0.1:11434/api/embeddings "HTTP/1.1 200 OK"
2026-08-02 00:11:48  DEBUG     httpcore.http11  receive_response_body.started request=<Request [b'POST']>
2026-08-02 00:11:48  DEBUG     httpcore.http11  receive_response_body.complete
2026-08-02 00:11:48  DEBUG     httpcore.http11  response_closed.started
2026-08-02 00:11:48  DEBUG     httpcore.http11  response_closed.complete
2026-08-02 00:11:49  DEBUG     httpcore.http11  send_request_headers.started request=<Request [b'POST']>
2026-08-02 00:11:49  DEBUG     httpcore.http11  send_request_headers.complete
2026-08-02 00:11:49  DEBUG     httpcore.http11  send_request_body.started request=<Request [b'POST']>
2026-08-02 00:11:49  DEBUG     httpcore.http11  send_request_body.complete
2026-08-02 00:11:49  DEBUG     httpcore.http11  receive_response_headers.started request=<Request [b'POST']>
2026-08-02 00:11:49  ERROR     parsers.image_parser  Tesseract executable not found. Install Tesseract and ensure it is on your PATH.
2026-08-02 00:11:50  DEBUG     httpcore.http11  receive_response_headers.complete return_value=(b'HTTP/1.1', 200, b'OK', [(b'Content-Type', b'application/json; charset=utf-8'), (b'Date', b'Sat, 01 Aug 2026 18:41:50 GMT'), (b'Transfer-Encoding', b'chunked')])
2026-08-02 00:11:50  INFO      httpx  HTTP Request: POST http://127.0.0.1:11434/api/embeddings "HTTP/1.1 200 OK"
2026-08-02 00:11:50  DEBUG     httpcore.http11  receive_response_body.started request=<Request [b'POST']>
2026-08-02 00:11:50  DEBUG     httpcore.http11  receive_response_body.complete
2026-08-02 00:11:50  DEBUG     httpcore.http11  response_closed.started
2026-08-02 00:11:50  DEBUG     httpcore.http11  response_closed.complete
2026-08-02 00:11:50  DEBUG     httpcore.http11  send_request_headers.started request=<Request [b'POST']>
2026-08-02 00:11:50  DEBUG     httpcore.http11  send_request_headers.complete
2026-08-02 00:11:50  DEBUG     httpcore.http11  send_request_body.started request=<Request [b'POST']>
2026-08-02 00:11:50  DEBUG     httpcore.http11  send_request_body.complete
2026-08-02 00:11:50  DEBUG     httpcore.http11  receive_response_headers.started request=<Request [b'POST']>
2026-08-02 00:11:52  DEBUG     httpcore.http11  receive_response_headers.complete return_value=(b'HTTP/1.1', 200, b'OK', [(b'Content-Type', b'application/json; charset=utf-8'), (b'Date', b'Sat, 01 Aug 2026 18:41:52 GMT'), (b'Transfer-Encoding', b'chunked')])
2026-08-02 00:11:52  INFO      httpx  HTTP Request: POST http://127.0.0.1:11434/api/embeddings "HTTP/1.1 200 OK"
2026-08-02 00:11:52  DEBUG     httpcore.http11  receive_response_body.started request=<Request [b'POST']>
2026-08-02 00:11:52  DEBUG     httpcore.http11  receive_response_body.complete
2026-08-02 00:11:52  DEBUG     httpcore.http11  response_closed.started
2026-08-02 00:11:52  DEBUG     httpcore.http11  response_closed.complete
2026-08-02 00:11:52  DEBUG     httpcore.http11  send_request_headers.started request=<Request [b'POST']>
2026-08-02 00:11:52  DEBUG     httpcore.http11  send_request_headers.complete
2026-08-02 00:11:52  DEBUG     httpcore.http11  send_request_body.started request=<Request [b'POST']>
2026-08-02 00:11:52  DEBUG     httpcore.http11  send_request_body.complete
2026-08-02 00:11:52  DEBUG     httpcore.http11  receive_response_headers.started request=<Request [b'POST']>
2026-08-02 00:11:54  DEBUG     httpcore.http11  receive_response_headers.complete return_value=(b'HTTP/1.1', 200, b'OK', [(b'Content-Type', b'application/json; charset=utf-8'), (b'Date', b'Sat, 01 Aug 2026 18:41:54 GMT'), (b'Transfer-Encoding', b'chunked')])
2026-08-02 00:11:54  INFO      httpx  HTTP Request: POST http://127.0.0.1:11434/api/embeddings "HTTP/1.1 200 OK"
2026-08-02 00:11:54  DEBUG     httpcore.http11  receive_response_body.started request=<Request [b'POST']>
2026-08-02 00:11:54  DEBUG     httpcore.http11  receive_response_body.complete
2026-08-02 00:11:54  DEBUG     httpcore.http11  response_closed.started
2026-08-02 00:11:54  DEBUG     httpcore.http11  response_closed.complete
2026-08-02 00:11:54  DEBUG     httpcore.http11  send_request_headers.started request=<Request [b'POST']>
2026-08-02 00:11:54  DEBUG     httpcore.http11  send_request_headers.complete
2026-08-02 00:11:54  DEBUG     httpcore.http11  send_request_body.started request=<Request [b'POST']>
2026-08-02 00:11:54  DEBUG     httpcore.http11  send_request_body.complete
2026-08-02 00:11:54  DEBUG     httpcore.http11  receive_response_headers.started request=<Request [b'POST']>
2026-08-02 00:11:55  DEBUG     httpcore.http11  receive_response_headers.complete return_value=(b'HTTP/1.1', 200, b'OK', [(b'Content-Type', b'application/json; charset=utf-8'), (b'Date', b'Sat, 01 Aug 2026 18:41:55 GMT'), (b'Transfer-Encoding', b'chunked')])
2026-08-02 00:11:55  INFO      httpx  HTTP Request: POST http://127.0.0.1:11434/api/embeddings "HTTP/1.1 200 OK"
2026-08-02 00:11:55  DEBUG     httpcore.http11  receive_response_body.started request=<Request [b'POST']>
2026-08-02 00:11:55  DEBUG     httpcore.http11  receive_response_body.complete
2026-08-02 00:11:55  DEBUG     httpcore.http11  response_closed.started
2026-08-02 00:11:55  DEBUG     httpcore.http11  response_closed.complete
2026-08-02 00:11:55  DEBUG     httpcore.http11  send_request_headers.started request=<Request [b'POST']>
2026-08-02 00:11:55  DEBUG     httpcore.http11  send_request_headers.complete
2026-08-02 00:11:55  DEBUG     httpcore.http11  send_request_body.started request=<Request [b'POST']>
2026-08-02 00:11:55  DEBUG     httpcore.http11  send_request_body.complete
2026-08-02 00:11:55  DEBUG     httpcore.http11  receive_response_headers.started request=<Request [b'POST']>
2026-08-02 00:11:57  DEBUG     httpcore.http11  receive_response_headers.complete return_value=(b'HTTP/1.1', 200, b'OK', [(b'Content-Type', b'application/json; charset=utf-8'), (b'Date', b'Sat, 01 Aug 2026 18:41:57 GMT'), (b'Transfer-Encoding', b'chunked')])
2026-08-02 00:11:57  INFO      httpx  HTTP Request: POST http://127.0.0.1:11434/api/embeddings "HTTP/1.1 200 OK"
2026-08-02 00:11:57  DEBUG     httpcore.http11  receive_response_body.started request=<Request [b'POST']>
2026-08-02 00:11:57  DEBUG     httpcore.http11  receive_response_body.complete
2026-08-02 00:11:57  DEBUG     httpcore.http11  response_closed.started
2026-08-02 00:11:57  DEBUG     httpcore.http11  response_closed.complete
2026-08-02 00:11:57  DEBUG     httpcore.http11  send_request_headers.started request=<Request [b'POST']>
2026-08-02 00:11:57  DEBUG     httpcore.http11  send_request_headers.complete
2026-08-02 00:11:57  DEBUG     httpcore.http11  send_request_body.started request=<Request [b'POST']>
2026-08-02 00:11:57  DEBUG     httpcore.http11  send_request_body.complete
2026-08-02 00:11:57  DEBUG     httpcore.http11  receive_response_headers.started request=<Request [b'POST']>
2026-08-02 00:12:00  DEBUG     httpcore.http11  receive_response_headers.complete return_value=(b'HTTP/1.1', 200, b'OK', [(b'Content-Type', b'application/json; charset=utf-8'), (b'Date', b'Sat, 01 Aug 2026 18:42:00 GMT'), (b'Transfer-Encoding', b'chunked')])
2026-08-02 00:12:00  INFO      httpx  HTTP Request: POST http://127.0.0.1:11434/api/embeddings "HTTP/1.1 200 OK"
2026-08-02 00:12:00  DEBUG     httpcore.http11  receive_response_body.started request=<Request [b'POST']>
2026-08-02 00:12:00  DEBUG     httpcore.http11  receive_response_body.complete
2026-08-02 00:12:00  DEBUG     httpcore.http11  response_closed.started
2026-08-02 00:12:00  DEBUG     httpcore.http11  response_closed.complete
2026-08-02 00:12:01  DEBUG     httpcore.http11  send_request_headers.started request=<Request [b'POST']>
2026-08-02 00:12:01  DEBUG     httpcore.http11  send_request_headers.complete
2026-08-02 00:12:01  DEBUG     httpcore.http11  send_request_body.started request=<Request [b'POST']>
2026-08-02 00:12:01  DEBUG     httpcore.http11  send_request_body.complete
2026-08-02 00:12:01  DEBUG     httpcore.http11  receive_response_headers.started request=<Request [b'POST']>
2026-08-02 00:12:03  DEBUG     httpcore.http11  receive_response_headers.complete return_value=(b'HTTP/1.1', 200, b'OK', [(b'Content-Type', b'application/json; charset=utf-8'), (b'Date', b'Sat, 01 Aug 2026 18:42:03 GMT'), (b'Transfer-Encoding', b'chunked')])
2026-08-02 00:12:03  INFO      httpx  HTTP Request: POST http://127.0.0.1:11434/api/embeddings "HTTP/1.1 200 OK"
2026-08-02 00:12:03  DEBUG     httpcore.http11  receive_response_body.started request=<Request [b'POST']>
2026-08-02 00:12:03  DEBUG     httpcore.http11  receive_response_body.complete
2026-08-02 00:12:03  DEBUG     httpcore.http11  response_closed.started
2026-08-02 00:12:03  DEBUG     httpcore.http11  response_closed.complete
2026-08-02 00:12:03  DEBUG     httpcore.http11  send_request_headers.started request=<Request [b'POST']>
2026-08-02 00:12:03  DEBUG     httpcore.http11  send_request_headers.complete
2026-08-02 00:12:03  DEBUG     httpcore.http11  send_request_body.started request=<Request [b'POST']>
2026-08-02 00:12:03  DEBUG     httpcore.http11  send_request_body.complete
2026-08-02 00:12:03  DEBUG     httpcore.http11  receive_response_headers.started request=<Request [b'POST']>
2026-08-02 00:12:05  DEBUG     httpcore.http11  receive_response_headers.complete return_value=(b'HTTP/1.1', 200, b'OK', [(b'Content-Type', b'application/json; charset=utf-8'), (b'Date', b'Sat, 01 Aug 2026 18:42:05 GMT'), (b'Transfer-Encoding', b'chunked')])
2026-08-02 00:12:05  INFO      httpx  HTTP Request: POST http://127.0.0.1:11434/api/embeddings "HTTP/1.1 200 OK"
2026-08-02 00:12:05  DEBUG     httpcore.http11  receive_response_body.started request=<Request [b'POST']>
2026-08-02 00:12:05  DEBUG     httpcore.http11  receive_response_body.complete
2026-08-02 00:12:05  DEBUG     httpcore.http11  response_closed.started
2026-08-02 00:12:05  DEBUG     httpcore.http11  response_closed.complete
2026-08-02 00:12:05  DEBUG     httpcore.http11  send_request_headers.started request=<Request [b'POST']>
2026-08-02 00:12:05  DEBUG     httpcore.http11  send_request_headers.complete
2026-08-02 00:12:05  DEBUG     httpcore.http11  send_request_body.started request=<Request [b'POST']>
2026-08-02 00:12:05  DEBUG     httpcore.http11  send_request_body.complete
2026-08-02 00:12:05  DEBUG     httpcore.http11  receive_response_headers.started request=<Request [b'POST']>
2026-08-02 00:12:06  DEBUG     httpcore.http11  receive_response_headers.complete return_value=(b'HTTP/1.1', 200, b'OK', [(b'Content-Type', b'application/json; charset=utf-8'), (b'Date', b'Sat, 01 Aug 2026 18:42:06 GMT'), (b'Transfer-Encoding', b'chunked')])
2026-08-02 00:12:06  INFO      httpx  HTTP Request: POST http://127.0.0.1:11434/api/embeddings "HTTP/1.1 200 OK"
2026-08-02 00:12:06  DEBUG     httpcore.http11  receive_response_body.started request=<Request [b'POST']>
2026-08-02 00:12:06  DEBUG     httpcore.http11  receive_response_body.complete
2026-08-02 00:12:06  DEBUG     httpcore.http11  response_closed.started
2026-08-02 00:12:06  DEBUG     httpcore.http11  response_closed.complete
2026-08-02 00:12:06  DEBUG     httpcore.http11  send_request_headers.started request=<Request [b'POST']>
2026-08-02 00:12:06  DEBUG     httpcore.http11  send_request_headers.complete
2026-08-02 00:12:06  DEBUG     httpcore.http11  send_request_body.started request=<Request [b'POST']>
2026-08-02 00:12:06  DEBUG     httpcore.http11  send_request_body.complete
2026-08-02 00:12:06  DEBUG     httpcore.http11  receive_response_headers.started request=<Request [b'POST']>
2026-08-02 00:12:08  DEBUG     httpcore.http11  receive_response_headers.complete return_value=(b'HTTP/1.1', 200, b'OK', [(b'Content-Type', b'application/json; charset=utf-8'), (b'Date', b'Sat, 01 Aug 2026 18:42:08 GMT'), (b'Transfer-Encoding', b'chunked')])
2026-08-02 00:12:08  INFO      httpx  HTTP Request: POST http://127.0.0.1:11434/api/embeddings "HTTP/1.1 200 OK"
2026-08-02 00:12:08  DEBUG     httpcore.http11  receive_response_body.started request=<Request [b'POST']>
2026-08-02 00:12:08  DEBUG     httpcore.http11  receive_response_body.complete
2026-08-02 00:12:08  DEBUG     httpcore.http11  response_closed.started
2026-08-02 00:12:08  DEBUG     httpcore.http11  response_closed.complete
2026-08-02 00:12:08  DEBUG     httpcore.http11  send_request_headers.started request=<Request [b'POST']>
2026-08-02 00:12:08  DEBUG     httpcore.http11  send_request_headers.complete
2026-08-02 00:12:08  DEBUG     httpcore.http11  send_request_body.started request=<Request [b'POST']>
2026-08-02 00:12:08  DEBUG     httpcore.http11  send_request_body.complete
2026-08-02 00:12:08  DEBUG     httpcore.http11  receive_response_headers.started request=<Request [b'POST']>
2026-08-02 00:12:10  DEBUG     httpcore.http11  receive_response_headers.complete return_value=(b'HTTP/1.1', 200, b'OK', [(b'Content-Type', b'application/json; charset=utf-8'), (b'Date', b'Sat, 01 Aug 2026 18:42:10 GMT'), (b'Transfer-Encoding', b'chunked')])
2026-08-02 00:12:10  INFO      httpx  HTTP Request: POST http://127.0.0.1:11434/api/embeddings "HTTP/1.1 200 OK"
2026-08-02 00:12:10  DEBUG     httpcore.http11  receive_response_body.started request=<Request [b'POST']>
2026-08-02 00:12:10  DEBUG     httpcore.http11  receive_response_body.complete
2026-08-02 00:12:10  DEBUG     httpcore.http11  response_closed.started
2026-08-02 00:12:10  DEBUG     httpcore.http11  response_closed.complete
2026-08-02 00:12:10  DEBUG     httpcore.http11  send_request_headers.started request=<Request [b'POST']>
2026-08-02 00:12:10  DEBUG     httpcore.http11  send_request_headers.complete
2026-08-02 00:12:10  DEBUG     httpcore.http11  send_request_body.started request=<Request [b'POST']>
2026-08-02 00:12:10  DEBUG     httpcore.http11  send_request_body.complete
2026-08-02 00:12:10  DEBUG     httpcore.http11  receive_response_headers.started request=<Request [b'POST']>
2026-08-02 00:12:11  DEBUG     httpcore.http11  receive_response_headers.complete return_value=(b'HTTP/1.1', 200, b'OK', [(b'Content-Type', b'application/json; charset=utf-8'), (b'Date', b'Sat, 01 Aug 2026 18:42:11 GMT'), (b'Transfer-Encoding', b'chunked')])
2026-08-02 00:12:11  INFO      httpx  HTTP Request: POST http://127.0.0.1:11434/api/embeddings "HTTP/1.1 200 OK"
2026-08-02 00:12:11  DEBUG     httpcore.http11  receive_response_body.started request=<Request [b'POST']>
2026-08-02 00:12:11  DEBUG     httpcore.http11  receive_response_body.complete
2026-08-02 00:12:11  DEBUG     httpcore.http11  response_closed.started
2026-08-02 00:12:11  DEBUG     httpcore.http11  response_closed.complete
2026-08-02 00:12:11  DEBUG     httpcore.http11  send_request_headers.started request=<Request [b'POST']>
2026-08-02 00:12:11  DEBUG     httpcore.http11  send_request_headers.complete
2026-08-02 00:12:11  DEBUG     httpcore.http11  send_request_body.started request=<Request [b'POST']>
2026-08-02 00:12:11  DEBUG     httpcore.http11  send_request_body.complete
2026-08-02 00:12:11  DEBUG     httpcore.http11  receive_response_headers.started request=<Request [b'POST']>
2026-08-02 00:12:13  DEBUG     httpcore.http11  receive_response_headers.complete return_value=(b'HTTP/1.1', 200, b'OK', [(b'Content-Type', b'application/json; charset=utf-8'), (b'Date', b'Sat, 01 Aug 2026 18:42:13 GMT'), (b'Transfer-Encoding', b'chunked')])
2026-08-02 00:12:13  INFO      httpx  HTTP Request: POST http://127.0.0.1:11434/api/embeddings "HTTP/1.1 200 OK"
2026-08-02 00:12:13  DEBUG     httpcore.http11  receive_response_body.started request=<Request [b'POST']>
2026-08-02 00:12:13  DEBUG     httpcore.http11  receive_response_body.complete
2026-08-02 00:12:13  DEBUG     httpcore.http11  response_closed.started
2026-08-02 00:12:13  DEBUG     httpcore.http11  response_closed.complete
2026-08-02 00:12:13  DEBUG     httpcore.http11  send_request_headers.started request=<Request [b'POST']>
2026-08-02 00:12:13  DEBUG     httpcore.http11  send_request_headers.complete
2026-08-02 00:12:13  DEBUG     httpcore.http11  send_request_body.started request=<Request [b'POST']>
2026-08-02 00:12:13  DEBUG     httpcore.http11  send_request_body.complete
2026-08-02 00:12:14  DEBUG     httpcore.http11  receive_response_headers.started request=<Request [b'POST']>
2026-08-02 00:12:15  DEBUG     httpcore.http11  receive_response_headers.complete return_value=(b'HTTP/1.1', 200, b'OK', [(b'Content-Type', b'application/json; charset=utf-8'), (b'Date', b'Sat, 01 Aug 2026 18:42:15 GMT'), (b'Transfer-Encoding', b'chunked')])
2026-08-02 00:12:15  INFO      httpx  HTTP Request: POST http://127.0.0.1:11434/api/embeddings "HTTP/1.1 200 OK"
2026-08-02 00:12:15  DEBUG     httpcore.http11  receive_response_body.started request=<Request [b'POST']>
2026-08-02 00:12:15  DEBUG     httpcore.http11  receive_response_body.complete
2026-08-02 00:12:15  DEBUG     httpcore.http11  response_closed.started
2026-08-02 00:12:15  DEBUG     httpcore.http11  response_closed.complete
2026-08-02 00:12:15  DEBUG     httpcore.http11  send_request_headers.started request=<Request [b'POST']>
2026-08-02 00:12:15  DEBUG     httpcore.http11  send_request_headers.complete
2026-08-02 00:12:15  DEBUG     httpcore.http11  send_request_body.started request=<Request [b'POST']>
2026-08-02 00:12:15  DEBUG     httpcore.http11  send_request_body.complete
2026-08-02 00:12:15  DEBUG     httpcore.http11  receive_response_headers.started request=<Request [b'POST']>
2026-08-02 00:12:16  DEBUG     httpcore.http11  receive_response_headers.complete return_value=(b'HTTP/1.1', 200, b'OK', [(b'Content-Type', b'application/json; charset=utf-8'), (b'Date', b'Sat, 01 Aug 2026 18:42:16 GMT'), (b'Transfer-Encoding', b'chunked')])
2026-08-02 00:12:16  INFO      httpx  HTTP Request: POST http://127.0.0.1:11434/api/embeddings "HTTP/1.1 200 OK"
2026-08-02 00:12:16  DEBUG     httpcore.http11  receive_response_body.started request=<Request [b'POST']>
2026-08-02 00:12:16  DEBUG     httpcore.http11  receive_response_body.complete
2026-08-02 00:12:16  DEBUG     httpcore.http11  response_closed.started
2026-08-02 00:12:16  DEBUG     httpcore.http11  response_closed.complete
2026-08-02 00:12:16  DEBUG     httpcore.http11  send_request_headers.started request=<Request [b'POST']>
2026-08-02 00:12:16  DEBUG     httpcore.http11  send_request_headers.complete
2026-08-02 00:12:16  DEBUG     httpcore.http11  send_request_body.started request=<Request [b'POST']>
2026-08-02 00:12:16  DEBUG     httpcore.http11  send_request_body.complete
2026-08-02 00:12:16  DEBUG     httpcore.http11  receive_response_headers.started request=<Request [b'POST']>
2026-08-02 00:12:17  DEBUG     httpcore.http11  receive_response_headers.complete return_value=(b'HTTP/1.1', 200, b'OK', [(b'Content-Type', b'application/json; charset=utf-8'), (b'Date', b'Sat, 01 Aug 2026 18:42:17 GMT'), (b'Transfer-Encoding', b'chunked')])
2026-08-02 00:12:17  INFO      httpx  HTTP Request: POST http://127.0.0.1:11434/api/embeddings "HTTP/1.1 200 OK"
2026-08-02 00:12:17  DEBUG     httpcore.http11  receive_response_body.started request=<Request [b'POST']>
2026-08-02 00:12:17  DEBUG     httpcore.http11  receive_response_body.complete
2026-08-02 00:12:17  DEBUG     httpcore.http11  response_closed.started
2026-08-02 00:12:17  DEBUG     httpcore.http11  response_closed.complete
2026-08-02 00:12:17  DEBUG     httpcore.http11  send_request_headers.started request=<Request [b'POST']>
2026-08-02 00:12:17  DEBUG     httpcore.http11  send_request_headers.complete
2026-08-02 00:12:17  DEBUG     httpcore.http11  send_request_body.started request=<Request [b'POST']>
2026-08-02 00:12:17  DEBUG     httpcore.http11  send_request_body.complete
2026-08-02 00:12:17  DEBUG     httpcore.http11  receive_response_headers.started request=<Request [b'POST']>
2026-08-02 00:12:18  DEBUG     httpcore.http11  receive_response_headers.complete return_value=(b'HTTP/1.1', 200, b'OK', [(b'Content-Type', b'application/json; charset=utf-8'), (b'Date', b'Sat, 01 Aug 2026 18:42:18 GMT'), (b'Transfer-Encoding', b'chunked')])
2026-08-02 00:12:18  INFO      httpx  HTTP Request: POST http://127.0.0.1:11434/api/embeddings "HTTP/1.1 200 OK"
2026-08-02 00:12:18  DEBUG     httpcore.http11  receive_response_body.started request=<Request [b'POST']>
2026-08-02 00:12:18  DEBUG     httpcore.http11  receive_response_body.complete
2026-08-02 00:12:18  DEBUG     httpcore.http11  response_closed.started
2026-08-02 00:12:18  DEBUG     httpcore.http11  response_closed.complete
2026-08-02 00:12:18  DEBUG     httpcore.http11  send_request_headers.started request=<Request [b'POST']>
2026-08-02 00:12:18  DEBUG     httpcore.http11  send_request_headers.complete
2026-08-02 00:12:18  DEBUG     httpcore.http11  send_request_body.started request=<Request [b'POST']>
2026-08-02 00:12:18  DEBUG     httpcore.http11  send_request_body.complete
2026-08-02 00:12:18  DEBUG     httpcore.http11  receive_response_headers.started request=<Request [b'POST']>
2026-08-02 00:12:20  DEBUG     httpcore.http11  receive_response_headers.complete return_value=(b'HTTP/1.1', 200, b'OK', [(b'Content-Type', b'application/json; charset=utf-8'), (b'Date', b'Sat, 01 Aug 2026 18:42:20 GMT'), (b'Transfer-Encoding', b'chunked')])
2026-08-02 00:12:20  INFO      httpx  HTTP Request: POST http://127.0.0.1:11434/api/embeddings "HTTP/1.1 200 OK"
2026-08-02 00:12:20  DEBUG     httpcore.http11  receive_response_body.started request=<Request [b'POST']>
2026-08-02 00:12:20  DEBUG     httpcore.http11  receive_response_body.complete
2026-08-02 00:12:20  DEBUG     httpcore.http11  response_closed.started
2026-08-02 00:12:20  DEBUG     httpcore.http11  response_closed.complete
2026-08-02 00:12:20  DEBUG     httpcore.http11  send_request_headers.started request=<Request [b'POST']>
2026-08-02 00:12:20  DEBUG     httpcore.http11  send_request_headers.complete
2026-08-02 00:12:20  DEBUG     httpcore.http11  send_request_body.started request=<Request [b'POST']>
2026-08-02 00:12:20  DEBUG     httpcore.http11  send_request_body.complete
2026-08-02 00:12:20  DEBUG     httpcore.http11  receive_response_headers.started request=<Request [b'POST']>
2026-08-02 00:12:21  DEBUG     httpcore.http11  receive_response_headers.complete return_value=(b'HTTP/1.1', 200, b'OK', [(b'Content-Type', b'application/json; charset=utf-8'), (b'Date', b'Sat, 01 Aug 2026 18:42:21 GMT'), (b'Transfer-Encoding', b'chunked')])
2026-08-02 00:12:21  INFO      httpx  HTTP Request: POST http://127.0.0.1:11434/api/embeddings "HTTP/1.1 200 OK"
2026-08-02 00:12:21  DEBUG     httpcore.http11  receive_response_body.started request=<Request [b'POST']>
2026-08-02 00:12:21  DEBUG     httpcore.http11  receive_response_body.complete
2026-08-02 00:12:21  DEBUG     httpcore.http11  response_closed.started
2026-08-02 00:12:21  DEBUG     httpcore.http11  response_closed.complete
2026-08-02 00:12:21  DEBUG     httpcore.http11  send_request_headers.started request=<Request [b'POST']>
2026-08-02 00:12:21  DEBUG     httpcore.http11  send_request_headers.complete
2026-08-02 00:12:21  DEBUG     httpcore.http11  send_request_body.started request=<Request [b'POST']>
2026-08-02 00:12:21  DEBUG     httpcore.http11  send_request_body.complete
2026-08-02 00:12:21  DEBUG     httpcore.http11  receive_response_headers.started request=<Request [b'POST']>
2026-08-02 00:12:22  DEBUG     httpcore.http11  receive_response_headers.complete return_value=(b'HTTP/1.1', 200, b'OK', [(b'Content-Type', b'application/json; charset=utf-8'), (b'Date', b'Sat, 01 Aug 2026 18:42:22 GMT'), (b'Transfer-Encoding', b'chunked')])
2026-08-02 00:12:22  INFO      httpx  HTTP Request: POST http://127.0.0.1:11434/api/embeddings "HTTP/1.1 200 OK"
2026-08-02 00:12:22  DEBUG     httpcore.http11  receive_response_body.started request=<Request [b'POST']>
2026-08-02 00:12:22  DEBUG     httpcore.http11  receive_response_body.complete
2026-08-02 00:12:22  DEBUG     httpcore.http11  response_closed.started
2026-08-02 00:12:22  DEBUG     httpcore.http11  response_closed.complete
2026-08-02 00:12:22  DEBUG     httpcore.http11  send_request_headers.started request=<Request [b'POST']>
2026-08-02 00:12:22  DEBUG     httpcore.http11  send_request_headers.complete
2026-08-02 00:12:22  DEBUG     httpcore.http11  send_request_body.started request=<Request [b'POST']>
2026-08-02 00:12:22  DEBUG     httpcore.http11  send_request_body.complete
2026-08-02 00:12:22  DEBUG     httpcore.http11  receive_response_headers.started request=<Request [b'POST']>
2026-08-02 00:12:23  DEBUG     httpcore.http11  receive_response_headers.complete return_value=(b'HTTP/1.1', 200, b'OK', [(b'Content-Type', b'application/json; charset=utf-8'), (b'Date', b'Sat, 01 Aug 2026 18:42:23 GMT'), (b'Transfer-Encoding', b'chunked')])
2026-08-02 00:12:23  INFO      httpx  HTTP Request: POST http://127.0.0.1:11434/api/embeddings "HTTP/1.1 200 OK"
2026-08-02 00:12:23  DEBUG     httpcore.http11  receive_response_body.started request=<Request [b'POST']>
2026-08-02 00:12:23  DEBUG     httpcore.http11  receive_response_body.complete
2026-08-02 00:12:23  DEBUG     httpcore.http11  response_closed.started
2026-08-02 00:12:23  DEBUG     httpcore.http11  response_closed.complete
2026-08-02 00:12:23  DEBUG     httpcore.http11  send_request_headers.started request=<Request [b'POST']>
2026-08-02 00:12:23  DEBUG     httpcore.http11  send_request_headers.complete
2026-08-02 00:12:23  DEBUG     httpcore.http11  send_request_body.started request=<Request [b'POST']>
2026-08-02 00:12:23  DEBUG     httpcore.http11  send_request_body.complete
2026-08-02 00:12:23  DEBUG     httpcore.http11  receive_response_headers.started request=<Request [b'POST']>
2026-08-02 00:12:25  DEBUG     httpcore.http11  receive_response_headers.complete return_value=(b'HTTP/1.1', 200, b'OK', [(b'Content-Type', b'application/json; charset=utf-8'), (b'Date', b'Sat, 01 Aug 2026 18:42:25 GMT'), (b'Transfer-Encoding', b'chunked')])
2026-08-02 00:12:25  INFO      httpx  HTTP Request: POST http://127.0.0.1:11434/api/embeddings "HTTP/1.1 200 OK"
2026-08-02 00:12:25  DEBUG     httpcore.http11  receive_response_body.started request=<Request [b'POST']>
2026-08-02 00:12:25  DEBUG     httpcore.http11  receive_response_body.complete
2026-08-02 00:12:25  DEBUG     httpcore.http11  response_closed.started
2026-08-02 00:12:25  DEBUG     httpcore.http11  response_closed.complete
2026-08-02 00:12:25  DEBUG     httpcore.http11  send_request_headers.started request=<Request [b'POST']>
2026-08-02 00:12:25  DEBUG     httpcore.http11  send_request_headers.complete
2026-08-02 00:12:25  DEBUG     httpcore.http11  send_request_body.started request=<Request [b'POST']>
2026-08-02 00:12:25  DEBUG     httpcore.http11  send_request_body.complete
2026-08-02 00:12:25  DEBUG     httpcore.http11  receive_response_headers.started request=<Request [b'POST']>
2026-08-02 00:12:26  DEBUG     httpcore.http11  receive_response_headers.complete return_value=(b'HTTP/1.1', 200, b'OK', [(b'Content-Type', b'application/json; charset=utf-8'), (b'Date', b'Sat, 01 Aug 2026 18:42:26 GMT'), (b'Transfer-Encoding', b'chunked')])
2026-08-02 00:12:26  INFO      httpx  HTTP Request: POST http://127.0.0.1:11434/api/embeddings "HTTP/1.1 200 OK"
2026-08-02 00:12:26  DEBUG     httpcore.http11  receive_response_body.started request=<Request [b'POST']>
2026-08-02 00:12:26  DEBUG     httpcore.http11  receive_response_body.complete
2026-08-02 00:12:26  DEBUG     httpcore.http11  response_closed.started
2026-08-02 00:12:26  DEBUG     httpcore.http11  response_closed.complete
2026-08-02 00:12:26  DEBUG     httpcore.http11  send_request_headers.started request=<Request [b'POST']>
2026-08-02 00:12:26  DEBUG     httpcore.http11  send_request_headers.complete
2026-08-02 00:12:26  DEBUG     httpcore.http11  send_request_body.started request=<Request [b'POST']>
2026-08-02 00:12:26  DEBUG     httpcore.http11  send_request_body.complete
2026-08-02 00:12:26  DEBUG     httpcore.http11  receive_response_headers.started request=<Request [b'POST']>
2026-08-02 00:12:27  DEBUG     httpcore.http11  receive_response_headers.complete return_value=(b'HTTP/1.1', 200, b'OK', [(b'Content-Type', b'application/json; charset=utf-8'), (b'Date', b'Sat, 01 Aug 2026 18:42:27 GMT'), (b'Transfer-Encoding', b'chunked')])
2026-08-02 00:12:27  INFO      httpx  HTTP Request: POST http://127.0.0.1:11434/api/embeddings "HTTP/1.1 200 OK"
2026-08-02 00:12:27  DEBUG     httpcore.http11  receive_response_body.started request=<Request [b'POST']>
2026-08-02 00:12:27  DEBUG     httpcore.http11  receive_response_body.complete
2026-08-02 00:12:27  DEBUG     httpcore.http11  response_closed.started
2026-08-02 00:12:27  DEBUG     httpcore.http11  response_closed.complete
2026-08-02 00:12:27  DEBUG     httpcore.http11  send_request_headers.started request=<Request [b'POST']>
2026-08-02 00:12:27  DEBUG     httpcore.http11  send_request_headers.complete
2026-08-02 00:12:27  DEBUG     httpcore.http11  send_request_body.started request=<Request [b'POST']>
2026-08-02 00:12:27  DEBUG     httpcore.http11  send_request_body.complete
2026-08-02 00:12:27  DEBUG     httpcore.http11  receive_response_headers.started request=<Request [b'POST']>
2026-08-02 00:12:28  DEBUG     httpcore.http11  receive_response_headers.complete return_value=(b'HTTP/1.1', 200, b'OK', [(b'Content-Type', b'application/json; charset=utf-8'), (b'Date', b'Sat, 01 Aug 2026 18:42:28 GMT'), (b'Transfer-Encoding', b'chunked')])
2026-08-02 00:12:28  INFO      httpx  HTTP Request: POST http://127.0.0.1:11434/api/embeddings "HTTP/1.1 200 OK"
2026-08-02 00:12:28  DEBUG     httpcore.http11  receive_response_body.started request=<Request [b'POST']>
2026-08-02 00:12:28  DEBUG     httpcore.http11  receive_response_body.complete
2026-08-02 00:12:28  DEBUG     httpcore.http11  response_closed.started
2026-08-02 00:12:28  DEBUG     httpcore.http11  response_closed.complete
2026-08-02 00:12:28  DEBUG     httpcore.http11  send_request_headers.started request=<Request [b'POST']>
2026-08-02 00:12:28  DEBUG     httpcore.http11  send_request_headers.complete
2026-08-02 00:12:28  DEBUG     httpcore.http11  send_request_body.started request=<Request [b'POST']>
2026-08-02 00:12:28  DEBUG     httpcore.http11  send_request_body.complete
2026-08-02 00:12:28  DEBUG     httpcore.http11  receive_response_headers.started request=<Request [b'POST']>
2026-08-02 00:12:29  DEBUG     httpcore.http11  receive_response_headers.complete return_value=(b'HTTP/1.1', 200, b'OK', [(b'Content-Type', b'application/json; charset=utf-8'), (b'Date', b'Sat, 01 Aug 2026 18:42:29 GMT'), (b'Transfer-Encoding', b'chunked')])
2026-08-02 00:12:29  INFO      httpx  HTTP Request: POST http://127.0.0.1:11434/api/embeddings "HTTP/1.1 200 OK"
2026-08-02 00:12:29  DEBUG     httpcore.http11  receive_response_body.started request=<Request [b'POST']>
2026-08-02 00:12:29  DEBUG     httpcore.http11  receive_response_body.complete
2026-08-02 00:12:29  DEBUG     httpcore.http11  response_closed.started
2026-08-02 00:12:29  DEBUG     httpcore.http11  response_closed.complete
2026-08-02 00:12:31  DEBUG     httpcore.http11  receive_response_headers.complete return_value=(b'HTTP/1.1', 200, b'OK', [(b'Content-Type', b'application/json; charset=utf-8'), (b'Date', b'Sat, 01 Aug 2026 18:42:31 GMT'), (b'Transfer-Encoding', b'chunked')])
2026-08-02 00:12:31  INFO      httpx  HTTP Request: POST http://127.0.0.1:11434/api/embeddings "HTTP/1.1 200 OK"
2026-08-02 00:12:31  DEBUG     httpcore.http11  receive_response_body.started request=<Request [b'POST']>
2026-08-02 00:12:31  DEBUG     httpcore.http11  receive_response_body.complete
2026-08-02 00:12:31  DEBUG     httpcore.http11  response_closed.started
2026-08-02 00:12:31  DEBUG     httpcore.http11  response_closed.complete
2026-08-02 00:12:32  DEBUG     httpcore.http11  receive_response_headers.complete return_value=(b'HTTP/1.1', 200, b'OK', [(b'Content-Type', b'application/json; charset=utf-8'), (b'Date', b'Sat, 01 Aug 2026 18:42:32 GMT'), (b'Transfer-Encoding', b'chunked')])
2026-08-02 00:12:32  INFO      httpx  HTTP Request: POST http://127.0.0.1:11434/api/embeddings "HTTP/1.1 200 OK"
2026-08-02 00:12:32  DEBUG     httpcore.http11  receive_response_body.started request=<Request [b'POST']>
2026-08-02 00:12:32  DEBUG     httpcore.http11  receive_response_body.complete
2026-08-02 00:12:32  DEBUG     httpcore.http11  response_closed.started
2026-08-02 00:12:32  DEBUG     httpcore.http11  response_closed.complete
2026-08-02 00:12:33  DEBUG     httpcore.http11  receive_response_headers.complete return_value=(b'HTTP/1.1', 200, b'OK', [(b'Content-Type', b'application/json; charset=utf-8'), (b'Date', b'Sat, 01 Aug 2026 18:42:33 GMT'), (b'Transfer-Encoding', b'chunked')])
2026-08-02 00:12:33  INFO      httpx  HTTP Request: POST http://127.0.0.1:11434/api/embeddings "HTTP/1.1 200 OK"
2026-08-02 00:12:33  DEBUG     httpcore.http11  receive_response_body.started request=<Request [b'POST']>
2026-08-02 00:12:33  DEBUG     httpcore.http11  receive_response_body.complete
2026-08-02 00:12:33  DEBUG     httpcore.http11  response_closed.started
2026-08-02 00:12:33  DEBUG     httpcore.http11  response_closed.complete
2026-08-02 00:12:33  INFO      __main__  INDEX TITAN LeAP - CS Dept.xlsx — 53 chunk(s) stored
2026-08-02 00:12:33  INFO      __main__  === Indexer run complete — indexed=14 skipped=0 failed=0 total_time=452.11s ===
2026-08-02 00:14:06  INFO      __main__  === Indexer run started (workers=None) ===
2026-08-02 00:14:06  INFO      discovery  Scanning: C:\Users\acer\Documents\Aadhisesha
2026-08-02 00:14:06  INFO      __main__  Discovery complete: 14 file(s) found
2026-08-02 00:14:06  INFO      __main__  Indexer setup — System CPUs: 8 | CPU Process Workers: 7 | Ollama Thread Workers: 4
2026-08-02 00:14:08  DEBUG     chromadb.config  Starting component System
2026-08-02 00:14:08  DEBUG     chromadb.config  Starting component Posthog
2026-08-02 00:14:11  DEBUG     httpcore.connection  connect_tcp.started host='127.0.0.1' port=11434 local_address=None timeout=None socket_options=None
2026-08-02 00:14:11  DEBUG     httpcore.connection  connect_tcp.complete return_value=<httpcore._backends.sync.SyncStream object at 0x000001A25FF1F8C0>
2026-08-02 00:14:11  DEBUG     httpcore.http11  send_request_headers.started request=<Request [b'POST']>
2026-08-02 00:14:11  DEBUG     httpcore.http11  send_request_headers.complete
2026-08-02 00:14:11  DEBUG     httpcore.http11  send_request_body.started request=<Request [b'POST']>
2026-08-02 00:14:11  DEBUG     httpcore.http11  send_request_body.complete
2026-08-02 00:14:11  DEBUG     httpcore.http11  receive_response_headers.started request=<Request [b'POST']>
2026-08-02 00:14:55  DEBUG     httpcore.http11  receive_response_headers.complete return_value=(b'HTTP/1.1', 200, b'OK', [(b'Content-Type', b'application/json; charset=utf-8'), (b'Date', b'Sat, 01 Aug 2026 18:44:55 GMT'), (b'Content-Length', b'580')])
2026-08-02 00:14:55  INFO      httpx  HTTP Request: POST http://127.0.0.1:11434/api/chat "HTTP/1.1 200 OK"
2026-08-02 00:14:56  DEBUG     httpcore.http11  receive_response_body.started request=<Request [b'POST']>
2026-08-02 00:14:56  DEBUG     httpcore.http11  receive_response_body.complete
2026-08-02 00:14:56  DEBUG     httpcore.http11  response_closed.started
2026-08-02 00:14:56  DEBUG     httpcore.http11  response_closed.complete
2026-08-02 00:14:56  INFO      parsers.image_parser  VLM Output Parsed — extracted_text len=0, description len=279
2026-08-02 00:14:56  WARNING   parsers.image_parser  Ollama Vision call timed out (45s) for 'C:\Users\acer\Documents\Aadhisesha\Aadhisesha_35x35.jpeg'; falling back to Tesseract.
2026-08-02 00:15:03  DEBUG     pytesseract  ['tesseract', 'C:\\Users\\acer\\AppData\\Local\\Temp\\tess_6trp0gri_input.PNG', 'C:\\Users\\acer\\AppData\\Local\\Temp\\tess_6trp0gri', '-l', 'eng', 'txt']
2026-08-02 00:15:04  ERROR     parsers.image_parser  Tesseract executable not found. Install Tesseract and ensure it is on your PATH.
2026-08-02 00:15:04  DEBUG     httpcore.connection  close.started
2026-08-02 00:15:04  DEBUG     httpcore.connection  close.complete
2026-08-02 00:15:04  DEBUG     httpcore.connection  connect_tcp.started host='127.0.0.1' port=11434 local_address=None timeout=None socket_options=None
2026-08-02 00:15:04  DEBUG     httpcore.connection  connect_tcp.complete return_value=<httpcore._backends.sync.SyncStream object at 0x000001A26256AAD0>
2026-08-02 00:15:04  DEBUG     httpcore.http11  send_request_headers.started request=<Request [b'POST']>
2026-08-02 00:15:04  DEBUG     httpcore.http11  send_request_headers.complete
2026-08-02 00:15:04  DEBUG     httpcore.http11  send_request_body.started request=<Request [b'POST']>
2026-08-02 00:15:04  DEBUG     httpcore.http11  send_request_body.complete
2026-08-02 00:15:04  DEBUG     httpcore.http11  receive_response_headers.started request=<Request [b'POST']>
2026-08-02 00:15:35  INFO      __main__  === Indexer run started (workers=None) ===
2026-08-02 00:15:35  INFO      discovery  Scanning: C:\Users\acer\Documents\Aadhisesha
2026-08-02 00:15:35  INFO      __main__  Discovery complete: 14 file(s) found
2026-08-02 00:15:35  INFO      __main__  Indexer setup — System CPUs: 8 | CPU Process Workers: 7 | Ollama Thread Workers: 4
2026-08-02 00:15:40  DEBUG     chromadb.config  Starting component System
2026-08-02 00:15:40  DEBUG     chromadb.config  Starting component Posthog
2026-08-02 00:15:49  DEBUG     httpcore.connection  connect_tcp.started host='127.0.0.1' port=11434 local_address=None timeout=None socket_options=None
2026-08-02 00:15:49  DEBUG     httpcore.connection  connect_tcp.complete return_value=<httpcore._backends.sync.SyncStream object at 0x000001FDFD24F8C0>
2026-08-02 00:15:49  DEBUG     httpcore.http11  send_request_headers.started request=<Request [b'POST']>
2026-08-02 00:15:49  DEBUG     httpcore.http11  send_request_headers.complete
2026-08-02 00:15:49  DEBUG     httpcore.http11  send_request_body.started request=<Request [b'POST']>
2026-08-02 00:15:49  DEBUG     httpcore.http11  send_request_body.complete
2026-08-02 00:15:49  DEBUG     httpcore.http11  receive_response_headers.started request=<Request [b'POST']>
2026-08-02 00:15:56  DEBUG     httpcore.http11  receive_response_headers.complete return_value=(b'HTTP/1.1', 200, b'OK', [(b'Content-Type', b'application/json; charset=utf-8'), (b'Date', b'Sat, 01 Aug 2026 18:45:55 GMT'), (b'Content-Length', b'575')])
2026-08-02 00:15:56  INFO      httpx  HTTP Request: POST http://127.0.0.1:11434/api/chat "HTTP/1.1 200 OK"
2026-08-02 00:15:56  DEBUG     httpcore.http11  receive_response_body.started request=<Request [b'POST']>
2026-08-02 00:15:56  DEBUG     httpcore.http11  receive_response_body.complete
2026-08-02 00:15:56  DEBUG     httpcore.http11  response_closed.started
2026-08-02 00:15:56  DEBUG     httpcore.http11  response_closed.complete
2026-08-02 00:15:56  INFO      parsers.image_parser  VLM Output Parsed — extracted_text len=0, description len=274
2026-08-02 00:15:57  WARNING   parsers.image_parser  Ollama Vision call timed out (45s) for 'C:\Users\acer\Documents\Aadhisesha\Aadhi_Passport_Photo.jpeg'; falling back to Tesseract.
2026-08-02 00:15:57  DEBUG     pytesseract  ['tesseract', 'C:\\Users\\acer\\AppData\\Local\\Temp\\tess_cclt52u4_input.PNG', 'C:\\Users\\acer\\AppData\\Local\\Temp\\tess_cclt52u4', '-l', 'eng', 'txt']
2026-08-02 00:15:58  ERROR     parsers.image_parser  Tesseract executable not found. Install Tesseract and ensure it is on your PATH.
2026-08-02 00:15:59  DEBUG     httpcore.http11  send_request_headers.started request=<Request [b'POST']>
2026-08-02 00:15:59  DEBUG     httpcore.http11  send_request_headers.complete
2026-08-02 00:15:59  DEBUG     httpcore.http11  send_request_body.started request=<Request [b'POST']>
2026-08-02 00:15:59  DEBUG     httpcore.http11  send_request_body.complete
2026-08-02 00:15:59  DEBUG     httpcore.http11  receive_response_headers.started request=<Request [b'POST']>
2026-08-02 00:16:03  DEBUG     httpcore.http11  receive_response_headers.complete return_value=(b'HTTP/1.1', 200, b'OK', [(b'Content-Type', b'application/json; charset=utf-8'), (b'Date', b'Sat, 01 Aug 2026 18:46:03 GMT'), (b'Content-Length', b'578')])
2026-08-02 00:16:03  INFO      httpx  HTTP Request: POST http://127.0.0.1:11434/api/chat "HTTP/1.1 200 OK"
2026-08-02 00:16:03  DEBUG     httpcore.http11  receive_response_body.started request=<Request [b'POST']>
2026-08-02 00:16:03  DEBUG     httpcore.http11  receive_response_body.complete
2026-08-02 00:16:03  DEBUG     httpcore.http11  response_closed.started
2026-08-02 00:16:03  DEBUG     httpcore.http11  response_closed.complete
2026-08-02 00:16:03  INFO      parsers.image_parser  VLM Output Parsed — extracted_text len=0, description len=279
2026-08-02 00:16:03  DEBUG     httpcore.http11  send_request_headers.started request=<Request [b'POST']>
2026-08-02 00:16:03  DEBUG     httpcore.http11  send_request_headers.complete
2026-08-02 00:16:03  DEBUG     httpcore.http11  send_request_body.started request=<Request [b'POST']>
2026-08-02 00:16:03  DEBUG     httpcore.http11  send_request_body.complete
2026-08-02 00:16:03  DEBUG     httpcore.http11  receive_response_headers.started request=<Request [b'POST']>
2026-08-02 00:16:44  DEBUG     httpcore.http11  receive_response_headers.complete return_value=(b'HTTP/1.1', 200, b'OK', [(b'Content-Type', b'application/json; charset=utf-8'), (b'Date', b'Sat, 01 Aug 2026 18:46:44 GMT'), (b'Content-Length', b'649')])
2026-08-02 00:16:44  INFO      httpx  HTTP Request: POST http://127.0.0.1:11434/api/chat "HTTP/1.1 200 OK"
2026-08-02 00:16:44  DEBUG     httpcore.http11  receive_response_body.started request=<Request [b'POST']>
2026-08-02 00:16:44  DEBUG     httpcore.http11  receive_response_body.complete
2026-08-02 00:16:44  DEBUG     httpcore.http11  response_closed.started
2026-08-02 00:16:44  DEBUG     httpcore.http11  response_closed.complete
2026-08-02 00:16:44  INFO      parsers.image_parser  VLM Output Parsed — extracted_text len=0, description len=348
2026-08-02 00:16:44  WARNING   parsers.image_parser  Ollama Vision call timed out (45s) for 'C:\Users\acer\Documents\Aadhisesha\Aadhi_Passport_Photo_white.jpeg'; falling back to Tesseract.
2026-08-02 00:16:44  DEBUG     pytesseract  ['tesseract', 'C:\\Users\\acer\\AppData\\Local\\Temp\\tess_jkqkuzcd_input.PNG', 'C:\\Users\\acer\\AppData\\Local\\Temp\\tess_jkqkuzcd', '-l', 'eng', 'txt']
2026-08-02 00:16:45  ERROR     parsers.image_parser  Tesseract executable not found. Install Tesseract and ensure it is on your PATH.
2026-08-02 00:16:45  DEBUG     httpcore.http11  send_request_headers.started request=<Request [b'POST']>
2026-08-02 00:16:45  DEBUG     httpcore.http11  send_request_headers.complete
2026-08-02 00:16:45  DEBUG     httpcore.http11  send_request_body.started request=<Request [b'POST']>
2026-08-02 00:16:45  DEBUG     httpcore.http11  send_request_body.complete
2026-08-02 00:16:45  DEBUG     httpcore.http11  receive_response_headers.started request=<Request [b'POST']>
2026-08-02 00:16:50  DEBUG     httpcore.http11  receive_response_headers.complete return_value=(b'HTTP/1.1', 200, b'OK', [(b'Content-Type', b'application/json; charset=utf-8'), (b'Date', b'Sat, 01 Aug 2026 18:46:50 GMT'), (b'Content-Length', b'615')])
2026-08-02 00:16:50  INFO      httpx  HTTP Request: POST http://127.0.0.1:11434/api/chat "HTTP/1.1 200 OK"
2026-08-02 00:16:50  DEBUG     httpcore.http11  receive_response_body.started request=<Request [b'POST']>
2026-08-02 00:16:50  DEBUG     httpcore.http11  receive_response_body.complete
2026-08-02 00:16:50  DEBUG     httpcore.http11  response_closed.started
2026-08-02 00:16:50  DEBUG     httpcore.http11  response_closed.complete
2026-08-02 00:16:50  INFO      parsers.image_parser  VLM Output Parsed — extracted_text len=0, description len=316
2026-08-02 00:16:50  WARNING   parsers.image_parser  Ollama Vision call timed out (45s) for 'C:\Users\acer\Documents\Aadhisesha\Aadhi_Passport_Photo.jpeg'; falling back to Tesseract.
2026-08-02 00:16:53  DEBUG     pytesseract  ['tesseract', 'C:\\Users\\acer\\AppData\\Local\\Temp\\tess_43am1bhr_input.PNG', 'C:\\Users\\acer\\AppData\\Local\\Temp\\tess_43am1bhr', '-l', 'eng', 'txt']
2026-08-02 00:16:53  ERROR     parsers.image_parser  Tesseract executable not found. Install Tesseract and ensure it is on your PATH.
2026-08-02 00:16:53  DEBUG     httpcore.http11  send_request_headers.started request=<Request [b'POST']>
2026-08-02 00:16:53  DEBUG     httpcore.http11  send_request_headers.complete
2026-08-02 00:16:53  DEBUG     httpcore.http11  send_request_body.started request=<Request [b'POST']>
2026-08-02 00:16:53  DEBUG     httpcore.http11  send_request_body.complete
2026-08-02 00:16:53  DEBUG     httpcore.http11  receive_response_headers.started request=<Request [b'POST']>
2026-08-02 00:17:25  DEBUG     httpcore.http11  receive_response_headers.complete return_value=(b'HTTP/1.1', 200, b'OK', [(b'Content-Type', b'application/json; charset=utf-8'), (b'Date', b'Sat, 01 Aug 2026 18:47:25 GMT'), (b'Content-Length', b'617')])
2026-08-02 00:17:25  INFO      httpx  HTTP Request: POST http://127.0.0.1:11434/api/chat "HTTP/1.1 200 OK"
2026-08-02 00:17:25  DEBUG     httpcore.http11  receive_response_body.started request=<Request [b'POST']>
2026-08-02 00:17:25  DEBUG     httpcore.http11  receive_response_body.complete
2026-08-02 00:17:25  DEBUG     httpcore.http11  response_closed.started
2026-08-02 00:17:25  DEBUG     httpcore.http11  response_closed.complete
2026-08-02 00:17:25  INFO      parsers.image_parser  VLM Output Parsed — extracted_text len=0, description len=316
2026-08-02 00:17:25  DEBUG     httpcore.http11  send_request_headers.started request=<Request [b'POST']>
2026-08-02 00:17:25  DEBUG     httpcore.http11  send_request_headers.complete
2026-08-02 00:17:25  DEBUG     httpcore.http11  send_request_body.started request=<Request [b'POST']>
2026-08-02 00:17:25  DEBUG     httpcore.http11  send_request_body.complete
2026-08-02 00:17:25  DEBUG     httpcore.http11  receive_response_headers.started request=<Request [b'POST']>
2026-08-02 00:17:30  DEBUG     httpcore.http11  receive_response_headers.complete return_value=(b'HTTP/1.1', 200, b'OK', [(b'Content-Type', b'application/json; charset=utf-8'), (b'Date', b'Sat, 01 Aug 2026 18:47:30 GMT'), (b'Content-Length', b'607')])
2026-08-02 00:17:30  INFO      httpx  HTTP Request: POST http://127.0.0.1:11434/api/chat "HTTP/1.1 200 OK"
2026-08-02 00:17:30  DEBUG     httpcore.http11  receive_response_body.started request=<Request [b'POST']>
2026-08-02 00:17:30  DEBUG     httpcore.http11  receive_response_body.complete
2026-08-02 00:17:30  DEBUG     httpcore.http11  response_closed.started
2026-08-02 00:17:30  DEBUG     httpcore.http11  response_closed.complete
2026-08-02 00:17:30  INFO      parsers.image_parser  VLM Output Parsed — extracted_text len=0, description len=309
2026-08-02 00:17:30  DEBUG     httpcore.http11  send_request_headers.started request=<Request [b'POST']>
2026-08-02 00:17:30  DEBUG     httpcore.http11  send_request_headers.complete
2026-08-02 00:17:30  DEBUG     httpcore.http11  send_request_body.started request=<Request [b'POST']>
2026-08-02 00:17:30  DEBUG     httpcore.http11  send_request_body.complete
2026-08-02 00:17:30  DEBUG     httpcore.http11  receive_response_headers.started request=<Request [b'POST']>
2026-08-02 00:18:08  DEBUG     httpcore.http11  receive_response_headers.complete return_value=(b'HTTP/1.1', 200, b'OK', [(b'Content-Type', b'application/json; charset=utf-8'), (b'Date', b'Sat, 01 Aug 2026 18:48:07 GMT'), (b'Content-Length', b'679')])
2026-08-02 00:18:08  INFO      httpx  HTTP Request: POST http://127.0.0.1:11434/api/chat "HTTP/1.1 200 OK"
2026-08-02 00:18:08  DEBUG     httpcore.http11  receive_response_body.started request=<Request [b'POST']>
2026-08-02 00:18:08  DEBUG     httpcore.http11  receive_response_body.complete
2026-08-02 00:18:08  DEBUG     httpcore.http11  response_closed.started
2026-08-02 00:18:08  DEBUG     httpcore.http11  response_closed.complete
2026-08-02 00:18:08  INFO      parsers.image_parser  VLM Output Parsed — extracted_text len=0, description len=374
2026-08-02 00:18:08  DEBUG     httpcore.http11  send_request_headers.started request=<Request [b'POST']>
2026-08-02 00:18:08  DEBUG     httpcore.http11  send_request_headers.complete
2026-08-02 00:18:08  DEBUG     httpcore.http11  send_request_body.started request=<Request [b'POST']>
2026-08-02 00:18:08  DEBUG     httpcore.http11  send_request_body.complete
2026-08-02 00:18:08  DEBUG     httpcore.http11  receive_response_headers.started request=<Request [b'POST']>
2026-08-02 00:18:14  DEBUG     httpcore.http11  receive_response_headers.complete return_value=(b'HTTP/1.1', 200, b'OK', [(b'Content-Type', b'application/json; charset=utf-8'), (b'Date', b'Sat, 01 Aug 2026 18:48:14 GMT'), (b'Content-Length', b'626')])
2026-08-02 00:18:15  INFO      httpx  HTTP Request: POST http://127.0.0.1:11434/api/chat "HTTP/1.1 200 OK"
2026-08-02 00:18:15  DEBUG     httpcore.http11  receive_response_body.started request=<Request [b'POST']>
2026-08-02 00:18:15  DEBUG     httpcore.http11  receive_response_body.complete
2026-08-02 00:18:15  DEBUG     httpcore.http11  response_closed.started
2026-08-02 00:18:15  DEBUG     httpcore.http11  response_closed.complete
2026-08-02 00:18:15  INFO      parsers.image_parser  VLM Output Parsed — extracted_text len=0, description len=327
2026-08-02 00:18:15  DEBUG     httpcore.http11  send_request_headers.started request=<Request [b'POST']>
2026-08-02 00:18:15  DEBUG     httpcore.http11  send_request_headers.complete
2026-08-02 00:18:15  DEBUG     httpcore.http11  send_request_body.started request=<Request [b'POST']>
2026-08-02 00:18:15  DEBUG     httpcore.http11  send_request_body.complete
2026-08-02 00:18:15  DEBUG     httpcore.http11  receive_response_headers.started request=<Request [b'POST']>
2026-08-02 00:18:53  DEBUG     httpcore.http11  receive_response_headers.complete return_value=(b'HTTP/1.1', 200, b'OK', [(b'Content-Type', b'application/json; charset=utf-8'), (b'Date', b'Sat, 01 Aug 2026 18:48:53 GMT'), (b'Content-Length', b'670')])
2026-08-02 00:18:53  INFO      httpx  HTTP Request: POST http://127.0.0.1:11434/api/chat "HTTP/1.1 200 OK"
2026-08-02 00:18:53  DEBUG     httpcore.http11  receive_response_body.started request=<Request [b'POST']>
2026-08-02 00:18:53  DEBUG     httpcore.http11  receive_response_body.complete
2026-08-02 00:18:53  DEBUG     httpcore.http11  response_closed.started
2026-08-02 00:18:53  DEBUG     httpcore.http11  response_closed.complete
2026-08-02 00:18:53  INFO      parsers.image_parser  VLM Output Parsed — extracted_text len=0, description len=369
2026-08-02 00:18:53  WARNING   parsers.image_parser  Ollama Vision call timed out (45s) for 'C:\Users\acer\Documents\Aadhisesha\College_ID_Card2.jpeg'; falling back to Tesseract.
2026-08-02 00:18:54  DEBUG     pytesseract  ['tesseract', 'C:\\Users\\acer\\AppData\\Local\\Temp\\tess_77_n75po_input.PNG', 'C:\\Users\\acer\\AppData\\Local\\Temp\\tess_77_n75po', '-l', 'eng', 'txt']
2026-08-02 00:18:54  ERROR     parsers.image_parser  Tesseract executable not found. Install Tesseract and ensure it is on your PATH.
2026-08-02 00:18:54  DEBUG     httpcore.http11  send_request_headers.started request=<Request [b'POST']>
2026-08-02 00:18:54  DEBUG     httpcore.http11  send_request_headers.complete
2026-08-02 00:18:54  DEBUG     httpcore.http11  send_request_body.started request=<Request [b'POST']>
2026-08-02 00:18:54  DEBUG     httpcore.http11  send_request_body.complete
2026-08-02 00:18:54  DEBUG     httpcore.http11  receive_response_headers.started request=<Request [b'POST']>
2026-08-02 00:18:59  DEBUG     httpcore.http11  receive_response_headers.complete return_value=(b'HTTP/1.1', 200, b'OK', [(b'Content-Type', b'application/json; charset=utf-8'), (b'Date', b'Sat, 01 Aug 2026 18:48:59 GMT'), (b'Content-Length', b'568')])
2026-08-02 00:18:59  INFO      httpx  HTTP Request: POST http://127.0.0.1:11434/api/chat "HTTP/1.1 200 OK"
2026-08-02 00:18:59  DEBUG     httpcore.http11  receive_response_body.started request=<Request [b'POST']>
2026-08-02 00:18:59  DEBUG     httpcore.http11  receive_response_body.complete
2026-08-02 00:18:59  DEBUG     httpcore.http11  response_closed.started
2026-08-02 00:18:59  DEBUG     httpcore.http11  response_closed.complete
2026-08-02 00:18:59  INFO      parsers.image_parser  VLM Output Parsed — extracted_text len=0, description len=268
2026-08-02 00:18:59  DEBUG     httpcore.http11  send_request_headers.started request=<Request [b'POST']>
2026-08-02 00:18:59  DEBUG     httpcore.http11  send_request_headers.complete
2026-08-02 00:18:59  DEBUG     httpcore.http11  send_request_body.started request=<Request [b'POST']>
2026-08-02 00:18:59  DEBUG     httpcore.http11  send_request_body.complete
2026-08-02 00:18:59  DEBUG     httpcore.http11  receive_response_headers.started request=<Request [b'POST']>
2026-08-02 00:19:34  DEBUG     httpcore.http11  receive_response_headers.complete return_value=(b'HTTP/1.1', 200, b'OK', [(b'Content-Type', b'application/json; charset=utf-8'), (b'Date', b'Sat, 01 Aug 2026 18:49:34 GMT'), (b'Content-Length', b'575')])
2026-08-02 00:19:34  INFO      httpx  HTTP Request: POST http://127.0.0.1:11434/api/chat "HTTP/1.1 200 OK"
2026-08-02 00:19:34  DEBUG     httpcore.http11  receive_response_body.started request=<Request [b'POST']>
2026-08-02 00:19:34  DEBUG     httpcore.http11  receive_response_body.complete
2026-08-02 00:19:34  DEBUG     httpcore.http11  response_closed.started
2026-08-02 00:19:34  DEBUG     httpcore.http11  response_closed.complete
2026-08-02 00:19:34  INFO      parsers.image_parser  VLM Output Parsed — extracted_text len=0, description len=274
2026-08-02 00:19:34  DEBUG     httpcore.http11  send_request_headers.started request=<Request [b'POST']>
2026-08-02 00:19:34  DEBUG     httpcore.http11  send_request_headers.complete
2026-08-02 00:19:34  DEBUG     httpcore.http11  send_request_body.started request=<Request [b'POST']>
2026-08-02 00:19:34  DEBUG     httpcore.http11  send_request_body.complete
2026-08-02 00:19:35  DEBUG     httpcore.http11  receive_response_headers.started request=<Request [b'POST']>
2026-08-02 00:19:46  DEBUG     httpcore.http11  receive_response_headers.complete return_value=(b'HTTP/1.1', 200, b'OK', [(b'Content-Type', b'application/json; charset=utf-8'), (b'Date', b'Sat, 01 Aug 2026 18:49:46 GMT'), (b'Content-Length', b'669')])
2026-08-02 00:19:46  INFO      httpx  HTTP Request: POST http://127.0.0.1:11434/api/chat "HTTP/1.1 200 OK"
2026-08-02 00:19:46  DEBUG     httpcore.http11  receive_response_body.started request=<Request [b'POST']>
2026-08-02 00:19:46  DEBUG     httpcore.http11  receive_response_body.complete
2026-08-02 00:19:46  DEBUG     httpcore.http11  response_closed.started
2026-08-02 00:19:46  DEBUG     httpcore.http11  response_closed.complete
2026-08-02 00:19:46  INFO      parsers.image_parser  VLM Output Parsed — extracted_text len=0, description len=369
2026-08-02 00:19:46  WARNING   parsers.image_parser  Ollama Vision call timed out (45s) for 'C:\Users\acer\Documents\Aadhisesha\College_ID_Card2.jpeg'; falling back to Tesseract.
2026-08-02 00:19:46  DEBUG     pytesseract  ['tesseract', 'C:\\Users\\acer\\AppData\\Local\\Temp\\tess_7kmlxd32_input.PNG', 'C:\\Users\\acer\\AppData\\Local\\Temp\\tess_7kmlxd32', '-l', 'eng', 'txt']
2026-08-02 00:19:47  ERROR     parsers.image_parser  Tesseract executable not found. Install Tesseract and ensure it is on your PATH.
2026-08-02 00:19:47  DEBUG     httpcore.http11  send_request_headers.started request=<Request [b'POST']>
2026-08-02 00:19:47  DEBUG     httpcore.http11  send_request_headers.complete
2026-08-02 00:19:47  DEBUG     httpcore.http11  send_request_body.started request=<Request [b'POST']>
2026-08-02 00:19:47  DEBUG     httpcore.http11  send_request_body.complete
2026-08-02 00:19:47  DEBUG     httpcore.http11  receive_response_headers.started request=<Request [b'POST']>
2026-08-02 00:20:28  DEBUG     httpcore.http11  receive_response_headers.complete return_value=(b'HTTP/1.1', 200, b'OK', [(b'Content-Type', b'application/json; charset=utf-8'), (b'Date', b'Sat, 01 Aug 2026 18:50:28 GMT'), (b'Content-Length', b'576')])
2026-08-02 00:20:29  INFO      httpx  HTTP Request: POST http://127.0.0.1:11434/api/chat "HTTP/1.1 200 OK"
2026-08-02 00:20:29  DEBUG     httpcore.http11  receive_response_body.started request=<Request [b'POST']>
2026-08-02 00:20:29  DEBUG     httpcore.http11  receive_response_body.complete
2026-08-02 00:20:29  DEBUG     httpcore.http11  response_closed.started
2026-08-02 00:20:29  DEBUG     httpcore.http11  response_closed.complete
2026-08-02 00:20:29  INFO      parsers.image_parser  VLM Output Parsed — extracted_text len=0, description len=274
2026-08-02 00:20:29  WARNING   parsers.image_parser  Ollama Vision call timed out (45s) for 'C:\Users\acer\Documents\Aadhisesha\tcsoriginal.jpeg'; falling back to Tesseract.
2026-08-02 00:20:29  DEBUG     pytesseract  ['tesseract', 'C:\\Users\\acer\\AppData\\Local\\Temp\\tess_nemymwt6_input.PNG', 'C:\\Users\\acer\\AppData\\Local\\Temp\\tess_nemymwt6', '-l', 'eng', 'txt']
2026-08-02 00:20:31  ERROR     parsers.image_parser  Tesseract executable not found. Install Tesseract and ensure it is on your PATH.
2026-08-02 00:20:32  DEBUG     httpcore.connection  connect_tcp.started host='127.0.0.1' port=11434 local_address=None timeout=None socket_options=None
2026-08-02 00:20:32  DEBUG     httpcore.http11  send_request_headers.started request=<Request [b'POST']>
2026-08-02 00:20:32  DEBUG     httpcore.connection  connect_tcp.started host='127.0.0.1' port=11434 local_address=None timeout=None socket_options=None
2026-08-02 00:20:32  DEBUG     httpcore.connection  connect_tcp.started host='127.0.0.1' port=11434 local_address=None timeout=None socket_options=None
2026-08-02 00:20:32  DEBUG     httpcore.http11  send_request_headers.complete
2026-08-02 00:20:32  DEBUG     httpcore.connection  connect_tcp.complete return_value=<httpcore._backends.sync.SyncStream object at 0x000001A262648910>
2026-08-02 00:20:32  DEBUG     httpcore.http11  send_request_headers.started request=<Request [b'POST']>
2026-08-02 00:20:32  DEBUG     httpcore.http11  send_request_body.started request=<Request [b'POST']>
2026-08-02 00:20:32  DEBUG     httpcore.http11  send_request_headers.complete
2026-08-02 00:20:32  DEBUG     httpcore.http11  send_request_body.started request=<Request [b'POST']>
2026-08-02 00:20:32  DEBUG     httpcore.http11  send_request_body.complete
2026-08-02 00:20:32  DEBUG     httpcore.connection  connect_tcp.complete return_value=<httpcore._backends.sync.SyncStream object at 0x000001A262639E00>
2026-08-02 00:20:32  DEBUG     httpcore.connection  connect_tcp.complete return_value=<httpcore._backends.sync.SyncStream object at 0x000001A262639F30>
2026-08-02 00:20:32  DEBUG     httpcore.http11  send_request_body.complete
2026-08-02 00:20:32  DEBUG     httpcore.http11  receive_response_headers.started request=<Request [b'POST']>
2026-08-02 00:20:32  DEBUG     httpcore.http11  send_request_headers.started request=<Request [b'POST']>
2026-08-02 00:20:32  DEBUG     httpcore.http11  send_request_headers.started request=<Request [b'POST']>
2026-08-02 00:20:32  DEBUG     httpcore.http11  receive_response_headers.started request=<Request [b'POST']>
2026-08-02 00:20:32  DEBUG     httpcore.http11  send_request_headers.complete
2026-08-02 00:20:32  DEBUG     httpcore.http11  send_request_headers.complete
2026-08-02 00:20:32  DEBUG     httpcore.http11  send_request_body.started request=<Request [b'POST']>
2026-08-02 00:20:32  DEBUG     httpcore.http11  send_request_body.complete
2026-08-02 00:20:32  DEBUG     httpcore.http11  receive_response_headers.started request=<Request [b'POST']>
2026-08-02 00:20:32  DEBUG     httpcore.http11  send_request_body.started request=<Request [b'POST']>
2026-08-02 00:20:32  DEBUG     httpcore.http11  send_request_body.complete
2026-08-02 00:20:32  DEBUG     httpcore.http11  receive_response_headers.started request=<Request [b'POST']>
2026-08-02 00:20:36  DEBUG     httpcore.http11  receive_response_headers.complete return_value=(b'HTTP/1.1', 200, b'OK', [(b'Content-Type', b'application/json; charset=utf-8'), (b'Date', b'Sat, 01 Aug 2026 18:50:36 GMT'), (b'Transfer-Encoding', b'chunked')])
2026-08-02 00:20:36  INFO      httpx  HTTP Request: POST http://127.0.0.1:11434/api/embeddings "HTTP/1.1 200 OK"
2026-08-02 00:20:36  DEBUG     httpcore.http11  receive_response_body.started request=<Request [b'POST']>
2026-08-02 00:20:37  DEBUG     httpcore.http11  receive_response_body.complete
2026-08-02 00:20:37  DEBUG     httpcore.http11  response_closed.started
2026-08-02 00:20:37  DEBUG     httpcore.http11  response_closed.complete
2026-08-02 00:20:37  DEBUG     httpcore.http11  send_request_headers.started request=<Request [b'POST']>
2026-08-02 00:20:37  DEBUG     httpcore.http11  send_request_headers.complete
2026-08-02 00:20:37  DEBUG     httpcore.http11  send_request_body.started request=<Request [b'POST']>
2026-08-02 00:20:37  DEBUG     httpcore.http11  send_request_body.complete
2026-08-02 00:20:37  DEBUG     httpcore.http11  receive_response_headers.started request=<Request [b'POST']>
2026-08-02 00:20:37  DEBUG     httpcore.http11  receive_response_headers.complete return_value=(b'HTTP/1.1', 200, b'OK', [(b'Content-Type', b'application/json; charset=utf-8'), (b'Date', b'Sat, 01 Aug 2026 18:50:37 GMT'), (b'Transfer-Encoding', b'chunked')])
2026-08-02 00:20:37  INFO      httpx  HTTP Request: POST http://127.0.0.1:11434/api/embeddings "HTTP/1.1 200 OK"
2026-08-02 00:20:37  DEBUG     httpcore.http11  receive_response_body.started request=<Request [b'POST']>
2026-08-02 00:20:37  DEBUG     httpcore.http11  receive_response_body.complete
2026-08-02 00:20:37  DEBUG     httpcore.http11  response_closed.started
2026-08-02 00:20:37  DEBUG     httpcore.http11  response_closed.complete
2026-08-02 00:20:37  DEBUG     httpcore.http11  send_request_headers.started request=<Request [b'POST']>
2026-08-02 00:20:37  DEBUG     httpcore.http11  send_request_headers.complete
2026-08-02 00:20:37  DEBUG     httpcore.http11  send_request_body.started request=<Request [b'POST']>
2026-08-02 00:20:37  DEBUG     httpcore.http11  send_request_body.complete
2026-08-02 00:20:37  DEBUG     httpcore.http11  receive_response_headers.started request=<Request [b'POST']>
2026-08-02 00:20:38  DEBUG     httpcore.http11  receive_response_headers.complete return_value=(b'HTTP/1.1', 200, b'OK', [(b'Content-Type', b'application/json; charset=utf-8'), (b'Date', b'Sat, 01 Aug 2026 18:50:38 GMT'), (b'Transfer-Encoding', b'chunked')])
2026-08-02 00:20:38  INFO      httpx  HTTP Request: POST http://127.0.0.1:11434/api/embeddings "HTTP/1.1 200 OK"
2026-08-02 00:20:38  DEBUG     httpcore.http11  receive_response_body.started request=<Request [b'POST']>
2026-08-02 00:20:38  DEBUG     httpcore.http11  receive_response_body.complete
2026-08-02 00:20:38  DEBUG     httpcore.http11  response_closed.started
2026-08-02 00:20:38  DEBUG     httpcore.http11  response_closed.complete
2026-08-02 00:20:38  DEBUG     httpcore.http11  send_request_headers.started request=<Request [b'POST']>
2026-08-02 00:20:38  DEBUG     httpcore.http11  send_request_headers.complete
2026-08-02 00:20:38  DEBUG     httpcore.http11  send_request_body.started request=<Request [b'POST']>
2026-08-02 00:20:38  DEBUG     httpcore.http11  send_request_body.complete
2026-08-02 00:20:38  DEBUG     httpcore.http11  receive_response_headers.started request=<Request [b'POST']>
2026-08-02 00:20:39  DEBUG     httpcore.http11  receive_response_headers.complete return_value=(b'HTTP/1.1', 200, b'OK', [(b'Content-Type', b'application/json; charset=utf-8'), (b'Date', b'Sat, 01 Aug 2026 18:50:38 GMT'), (b'Content-Length', b'573')])
2026-08-02 00:20:39  INFO      httpx  HTTP Request: POST http://127.0.0.1:11434/api/chat "HTTP/1.1 200 OK"
2026-08-02 00:20:39  DEBUG     httpcore.http11  receive_response_body.started request=<Request [b'POST']>
2026-08-02 00:20:39  DEBUG     httpcore.http11  receive_response_body.complete
2026-08-02 00:20:39  DEBUG     httpcore.http11  response_closed.started
2026-08-02 00:20:39  DEBUG     httpcore.http11  response_closed.complete
2026-08-02 00:20:39  INFO      parsers.image_parser  VLM Output Parsed — extracted_text len=0, description len=274
2026-08-02 00:20:39  WARNING   parsers.image_parser  Ollama Vision call timed out (45s) for 'C:\Users\acer\Documents\Aadhisesha\tcsnowhite.jpeg'; falling back to Tesseract.
2026-08-02 00:20:39  DEBUG     httpcore.http11  receive_response_headers.complete return_value=(b'HTTP/1.1', 200, b'OK', [(b'Content-Type', b'application/json; charset=utf-8'), (b'Date', b'Sat, 01 Aug 2026 18:50:39 GMT'), (b'Transfer-Encoding', b'chunked')])
2026-08-02 00:20:39  INFO      httpx  HTTP Request: POST http://127.0.0.1:11434/api/embeddings "HTTP/1.1 200 OK"
2026-08-02 00:20:39  DEBUG     httpcore.http11  receive_response_body.started request=<Request [b'POST']>
2026-08-02 00:20:39  DEBUG     httpcore.http11  receive_response_body.complete
2026-08-02 00:20:39  DEBUG     httpcore.http11  response_closed.started
2026-08-02 00:20:39  DEBUG     httpcore.http11  response_closed.complete
2026-08-02 00:20:39  DEBUG     httpcore.http11  send_request_headers.started request=<Request [b'POST']>
2026-08-02 00:20:39  DEBUG     httpcore.http11  send_request_headers.complete
2026-08-02 00:20:39  DEBUG     httpcore.http11  send_request_body.started request=<Request [b'POST']>
2026-08-02 00:20:39  DEBUG     httpcore.http11  send_request_body.complete
2026-08-02 00:20:39  DEBUG     httpcore.http11  receive_response_headers.started request=<Request [b'POST']>
2026-08-02 00:20:40  DEBUG     pytesseract  ['tesseract', 'C:\\Users\\acer\\AppData\\Local\\Temp\\tess_y9bhpwzb_input.PNG', 'C:\\Users\\acer\\AppData\\Local\\Temp\\tess_y9bhpwzb', '-l', 'eng', 'txt']
2026-08-02 00:20:40  DEBUG     httpcore.http11  receive_response_headers.complete return_value=(b'HTTP/1.1', 200, b'OK', [(b'Content-Type', b'application/json; charset=utf-8'), (b'Date', b'Sat, 01 Aug 2026 18:50:40 GMT'), (b'Transfer-Encoding', b'chunked')])
2026-08-02 00:20:40  INFO      httpx  HTTP Request: POST http://127.0.0.1:11434/api/embeddings "HTTP/1.1 200 OK"
2026-08-02 00:20:40  DEBUG     httpcore.http11  receive_response_body.started request=<Request [b'POST']>
2026-08-02 00:20:40  DEBUG     httpcore.http11  receive_response_body.complete
2026-08-02 00:20:40  DEBUG     httpcore.http11  response_closed.started
2026-08-02 00:20:40  DEBUG     httpcore.http11  response_closed.complete
2026-08-02 00:20:40  ERROR     parsers.image_parser  Tesseract executable not found. Install Tesseract and ensure it is on your PATH.
2026-08-02 00:20:41  DEBUG     httpcore.http11  receive_response_headers.complete return_value=(b'HTTP/1.1', 200, b'OK', [(b'Content-Type', b'application/json; charset=utf-8'), (b'Date', b'Sat, 01 Aug 2026 18:50:41 GMT'), (b'Transfer-Encoding', b'chunked')])
2026-08-02 00:20:41  INFO      httpx  HTTP Request: POST http://127.0.0.1:11434/api/embeddings "HTTP/1.1 200 OK"
2026-08-02 00:20:41  DEBUG     httpcore.http11  receive_response_body.started request=<Request [b'POST']>
2026-08-02 00:20:41  DEBUG     httpcore.http11  receive_response_body.complete
2026-08-02 00:20:41  DEBUG     httpcore.http11  response_closed.started
2026-08-02 00:20:41  DEBUG     httpcore.http11  response_closed.complete
2026-08-02 00:20:41  DEBUG     httpcore.http11  send_request_headers.started request=<Request [b'POST']>
2026-08-02 00:20:41  DEBUG     httpcore.http11  send_request_headers.complete
2026-08-02 00:20:41  DEBUG     httpcore.http11  send_request_body.started request=<Request [b'POST']>
2026-08-02 00:20:41  DEBUG     httpcore.http11  send_request_body.complete
2026-08-02 00:20:41  DEBUG     httpcore.http11  receive_response_headers.started request=<Request [b'POST']>
2026-08-02 00:20:41  DEBUG     httpcore.http11  receive_response_headers.complete return_value=(b'HTTP/1.1', 200, b'OK', [(b'Content-Type', b'application/json; charset=utf-8'), (b'Date', b'Sat, 01 Aug 2026 18:50:41 GMT'), (b'Transfer-Encoding', b'chunked')])
2026-08-02 00:20:41  INFO      httpx  HTTP Request: POST http://127.0.0.1:11434/api/embeddings "HTTP/1.1 200 OK"
2026-08-02 00:20:41  DEBUG     httpcore.http11  receive_response_body.started request=<Request [b'POST']>
2026-08-02 00:20:41  DEBUG     httpcore.http11  receive_response_body.complete
2026-08-02 00:20:41  DEBUG     httpcore.http11  response_closed.started
2026-08-02 00:20:41  DEBUG     httpcore.http11  response_closed.complete
2026-08-02 00:20:41  DEBUG     httpcore.http11  receive_response_headers.complete return_value=(b'HTTP/1.1', 200, b'OK', [(b'Content-Type', b'application/json; charset=utf-8'), (b'Date', b'Sat, 01 Aug 2026 18:50:41 GMT'), (b'Transfer-Encoding', b'chunked')])
2026-08-02 00:20:41  INFO      httpx  HTTP Request: POST http://127.0.0.1:11434/api/embeddings "HTTP/1.1 200 OK"
2026-08-02 00:20:41  DEBUG     httpcore.http11  receive_response_body.started request=<Request [b'POST']>
2026-08-02 00:20:41  DEBUG     httpcore.http11  receive_response_body.complete
2026-08-02 00:20:41  DEBUG     httpcore.http11  response_closed.started
2026-08-02 00:20:41  DEBUG     httpcore.http11  response_closed.complete
2026-08-02 00:20:43  INFO      __main__  INDEX aadhisesha_resume.pdf — 8 chunk(s) stored
2026-08-02 00:20:43  DEBUG     httpcore.http11  send_request_headers.started request=<Request [b'POST']>
2026-08-02 00:20:43  DEBUG     httpcore.http11  send_request_headers.complete
2026-08-02 00:20:43  DEBUG     httpcore.http11  send_request_body.started request=<Request [b'POST']>
2026-08-02 00:20:43  DEBUG     httpcore.http11  send_request_body.complete
2026-08-02 00:20:43  DEBUG     httpcore.http11  receive_response_headers.started request=<Request [b'POST']>
2026-08-02 00:20:44  DEBUG     httpcore.http11  receive_response_headers.complete return_value=(b'HTTP/1.1', 200, b'OK', [(b'Content-Type', b'application/json; charset=utf-8'), (b'Date', b'Sat, 01 Aug 2026 18:50:44 GMT'), (b'Transfer-Encoding', b'chunked')])
2026-08-02 00:20:44  INFO      httpx  HTTP Request: POST http://127.0.0.1:11434/api/embeddings "HTTP/1.1 200 OK"
2026-08-02 00:20:44  DEBUG     httpcore.http11  receive_response_body.started request=<Request [b'POST']>
2026-08-02 00:20:44  DEBUG     httpcore.http11  receive_response_body.complete
2026-08-02 00:20:44  DEBUG     httpcore.http11  response_closed.started
2026-08-02 00:20:44  DEBUG     httpcore.http11  response_closed.complete
2026-08-02 00:20:45  INFO      __main__  INDEX Aadhi_Passport_raw.JPG — 1 chunk(s) stored
2026-08-02 00:20:45  DEBUG     httpcore.http11  send_request_headers.started request=<Request [b'POST']>
2026-08-02 00:20:45  DEBUG     httpcore.http11  send_request_headers.complete
2026-08-02 00:20:45  DEBUG     httpcore.http11  send_request_body.started request=<Request [b'POST']>
2026-08-02 00:20:45  DEBUG     httpcore.http11  send_request_body.complete
2026-08-02 00:20:45  DEBUG     httpcore.http11  receive_response_headers.started request=<Request [b'POST']>
2026-08-02 00:20:45  DEBUG     httpcore.http11  receive_response_headers.complete return_value=(b'HTTP/1.1', 200, b'OK', [(b'Content-Type', b'application/json; charset=utf-8'), (b'Date', b'Sat, 01 Aug 2026 18:50:45 GMT'), (b'Transfer-Encoding', b'chunked')])
2026-08-02 00:20:45  INFO      httpx  HTTP Request: POST http://127.0.0.1:11434/api/embeddings "HTTP/1.1 200 OK"
2026-08-02 00:20:45  DEBUG     httpcore.http11  receive_response_body.started request=<Request [b'POST']>
2026-08-02 00:20:45  DEBUG     httpcore.http11  receive_response_body.complete
2026-08-02 00:20:45  DEBUG     httpcore.http11  response_closed.started
2026-08-02 00:20:45  DEBUG     httpcore.http11  response_closed.complete
2026-08-02 00:20:45  DEBUG     httpcore.connection  close.started
2026-08-02 00:20:46  DEBUG     httpcore.connection  close.complete
2026-08-02 00:20:46  INFO      __main__  INDEX College_ID_Card.jpeg — 1 chunk(s) stored
2026-08-02 00:20:46  DEBUG     httpcore.http11  send_request_headers.started request=<Request [b'POST']>
2026-08-02 00:20:46  DEBUG     httpcore.http11  send_request_headers.complete
2026-08-02 00:20:46  DEBUG     httpcore.http11  send_request_body.started request=<Request [b'POST']>
2026-08-02 00:20:46  DEBUG     httpcore.http11  send_request_body.complete
2026-08-02 00:20:46  DEBUG     httpcore.http11  receive_response_headers.started request=<Request [b'POST']>
2026-08-02 00:20:46  DEBUG     httpcore.http11  send_request_headers.started request=<Request [b'POST']>
2026-08-02 00:20:46  DEBUG     httpcore.http11  send_request_headers.complete
2026-08-02 00:20:46  DEBUG     httpcore.http11  send_request_body.started request=<Request [b'POST']>
2026-08-02 00:20:46  DEBUG     httpcore.http11  send_request_body.complete
2026-08-02 00:20:46  DEBUG     httpcore.http11  receive_response_headers.started request=<Request [b'POST']>
2026-08-02 00:20:46  DEBUG     httpcore.http11  send_request_headers.started request=<Request [b'POST']>
2026-08-02 00:20:46  DEBUG     httpcore.http11  send_request_headers.complete
2026-08-02 00:20:46  DEBUG     httpcore.http11  send_request_body.started request=<Request [b'POST']>
2026-08-02 00:20:46  DEBUG     httpcore.http11  send_request_body.complete
2026-08-02 00:20:46  DEBUG     httpcore.http11  receive_response_headers.started request=<Request [b'POST']>
2026-08-02 00:20:46  DEBUG     httpcore.connection  connect_tcp.started host='127.0.0.1' port=11434 local_address=None timeout=None socket_options=None
2026-08-02 00:20:46  DEBUG     httpcore.connection  connect_tcp.complete return_value=<httpcore._backends.sync.SyncStream object at 0x000001A262605A30>
2026-08-02 00:20:46  DEBUG     httpcore.http11  send_request_headers.started request=<Request [b'POST']>
2026-08-02 00:20:46  DEBUG     httpcore.http11  send_request_headers.complete
2026-08-02 00:20:46  DEBUG     httpcore.http11  send_request_body.started request=<Request [b'POST']>
2026-08-02 00:20:46  DEBUG     httpcore.http11  send_request_body.complete
2026-08-02 00:20:46  DEBUG     httpcore.http11  receive_response_headers.started request=<Request [b'POST']>
2026-08-02 00:20:47  DEBUG     httpcore.http11  receive_response_headers.complete return_value=(b'HTTP/1.1', 200, b'OK', [(b'Content-Type', b'application/json; charset=utf-8'), (b'Date', b'Sat, 01 Aug 2026 18:50:47 GMT'), (b'Transfer-Encoding', b'chunked')])
2026-08-02 00:20:47  INFO      httpx  HTTP Request: POST http://127.0.0.1:11434/api/embeddings "HTTP/1.1 200 OK"
2026-08-02 00:20:47  DEBUG     httpcore.http11  receive_response_body.started request=<Request [b'POST']>
2026-08-02 00:20:47  DEBUG     httpcore.http11  receive_response_body.complete
2026-08-02 00:20:47  DEBUG     httpcore.http11  response_closed.started
2026-08-02 00:20:47  DEBUG     httpcore.http11  response_closed.complete
2026-08-02 00:20:48  DEBUG     httpcore.http11  send_request_headers.started request=<Request [b'POST']>
2026-08-02 00:20:48  DEBUG     httpcore.http11  send_request_headers.complete
2026-08-02 00:20:48  DEBUG     httpcore.http11  send_request_body.started request=<Request [b'POST']>
2026-08-02 00:20:48  DEBUG     httpcore.http11  send_request_body.complete
2026-08-02 00:20:48  DEBUG     httpcore.http11  receive_response_headers.started request=<Request [b'POST']>
2026-08-02 00:20:48  DEBUG     httpcore.http11  receive_response_headers.complete return_value=(b'HTTP/1.1', 200, b'OK', [(b'Content-Type', b'application/json; charset=utf-8'), (b'Date', b'Sat, 01 Aug 2026 18:50:48 GMT'), (b'Transfer-Encoding', b'chunked')])
2026-08-02 00:20:48  INFO      httpx  HTTP Request: POST http://127.0.0.1:11434/api/embeddings "HTTP/1.1 200 OK"
2026-08-02 00:20:48  DEBUG     httpcore.http11  receive_response_body.started request=<Request [b'POST']>
2026-08-02 00:20:48  DEBUG     httpcore.http11  receive_response_body.complete
2026-08-02 00:20:48  DEBUG     httpcore.http11  response_closed.started
2026-08-02 00:20:48  DEBUG     httpcore.http11  response_closed.complete
2026-08-02 00:20:48  DEBUG     httpcore.http11  send_request_headers.started request=<Request [b'POST']>
2026-08-02 00:20:48  DEBUG     httpcore.http11  send_request_headers.complete
2026-08-02 00:20:48  DEBUG     httpcore.http11  send_request_body.started request=<Request [b'POST']>
2026-08-02 00:20:48  DEBUG     httpcore.http11  send_request_body.complete
2026-08-02 00:20:48  DEBUG     httpcore.http11  receive_response_headers.started request=<Request [b'POST']>
2026-08-02 00:20:49  DEBUG     httpcore.http11  receive_response_headers.complete return_value=(b'HTTP/1.1', 200, b'OK', [(b'Content-Type', b'application/json; charset=utf-8'), (b'Date', b'Sat, 01 Aug 2026 18:50:49 GMT'), (b'Transfer-Encoding', b'chunked')])
2026-08-02 00:20:49  INFO      httpx  HTTP Request: POST http://127.0.0.1:11434/api/embeddings "HTTP/1.1 200 OK"
2026-08-02 00:20:49  DEBUG     httpcore.http11  receive_response_body.started request=<Request [b'POST']>
2026-08-02 00:20:49  DEBUG     httpcore.http11  receive_response_body.complete
2026-08-02 00:20:49  DEBUG     httpcore.http11  response_closed.started
2026-08-02 00:20:49  DEBUG     httpcore.http11  response_closed.complete
2026-08-02 00:20:51  DEBUG     httpcore.http11  send_request_headers.started request=<Request [b'POST']>
2026-08-02 00:20:51  DEBUG     httpcore.http11  send_request_headers.complete
2026-08-02 00:20:51  DEBUG     httpcore.http11  send_request_body.started request=<Request [b'POST']>
2026-08-02 00:20:51  DEBUG     httpcore.http11  send_request_body.complete
2026-08-02 00:20:51  DEBUG     httpcore.http11  receive_response_headers.started request=<Request [b'POST']>
2026-08-02 00:20:51  DEBUG     httpcore.http11  receive_response_headers.complete return_value=(b'HTTP/1.1', 200, b'OK', [(b'Content-Type', b'application/json; charset=utf-8'), (b'Date', b'Sat, 01 Aug 2026 18:50:51 GMT'), (b'Transfer-Encoding', b'chunked')])
2026-08-02 00:20:51  INFO      httpx  HTTP Request: POST http://127.0.0.1:11434/api/embeddings "HTTP/1.1 200 OK"
2026-08-02 00:20:51  DEBUG     httpcore.http11  receive_response_body.started request=<Request [b'POST']>
2026-08-02 00:20:51  DEBUG     httpcore.http11  receive_response_body.complete
2026-08-02 00:20:51  DEBUG     httpcore.http11  response_closed.started
2026-08-02 00:20:51  DEBUG     httpcore.http11  response_closed.complete
2026-08-02 00:20:51  DEBUG     httpcore.http11  send_request_headers.started request=<Request [b'POST']>
2026-08-02 00:20:51  DEBUG     httpcore.http11  send_request_headers.complete
2026-08-02 00:20:51  DEBUG     httpcore.http11  send_request_body.started request=<Request [b'POST']>
2026-08-02 00:20:51  DEBUG     httpcore.http11  send_request_body.complete
2026-08-02 00:20:51  DEBUG     httpcore.http11  receive_response_headers.started request=<Request [b'POST']>
2026-08-02 00:20:51  DEBUG     httpcore.http11  receive_response_headers.complete return_value=(b'HTTP/1.1', 200, b'OK', [(b'Content-Type', b'application/json; charset=utf-8'), (b'Date', b'Sat, 01 Aug 2026 18:50:51 GMT'), (b'Transfer-Encoding', b'chunked')])
2026-08-02 00:20:51  INFO      httpx  HTTP Request: POST http://127.0.0.1:11434/api/embeddings "HTTP/1.1 200 OK"
2026-08-02 00:20:51  DEBUG     httpcore.http11  receive_response_body.started request=<Request [b'POST']>
2026-08-02 00:20:51  DEBUG     httpcore.http11  receive_response_body.complete
2026-08-02 00:20:51  DEBUG     httpcore.http11  response_closed.started
2026-08-02 00:20:51  DEBUG     httpcore.http11  response_closed.complete
2026-08-02 00:20:51  DEBUG     httpcore.http11  send_request_headers.started request=<Request [b'POST']>
2026-08-02 00:20:51  DEBUG     httpcore.http11  send_request_headers.complete
2026-08-02 00:20:51  DEBUG     httpcore.http11  send_request_body.started request=<Request [b'POST']>
2026-08-02 00:20:51  DEBUG     httpcore.http11  send_request_body.complete
2026-08-02 00:20:51  DEBUG     httpcore.http11  receive_response_headers.started request=<Request [b'POST']>
2026-08-02 00:20:52  DEBUG     httpcore.http11  receive_response_headers.complete return_value=(b'HTTP/1.1', 200, b'OK', [(b'Content-Type', b'application/json; charset=utf-8'), (b'Date', b'Sat, 01 Aug 2026 18:50:52 GMT'), (b'Content-Length', b'573')])
2026-08-02 00:20:52  INFO      httpx  HTTP Request: POST http://127.0.0.1:11434/api/chat "HTTP/1.1 200 OK"
2026-08-02 00:20:52  DEBUG     httpcore.http11  receive_response_body.started request=<Request [b'POST']>
2026-08-02 00:20:52  DEBUG     httpcore.http11  receive_response_body.complete
2026-08-02 00:20:52  DEBUG     httpcore.http11  response_closed.started
2026-08-02 00:20:52  DEBUG     httpcore.http11  response_closed.complete
2026-08-02 00:20:52  INFO      parsers.image_parser  VLM Output Parsed — extracted_text len=0, description len=274
2026-08-02 00:20:52  DEBUG     httpcore.http11  send_request_headers.started request=<Request [b'POST']>
2026-08-02 00:20:52  DEBUG     httpcore.http11  send_request_headers.complete
2026-08-02 00:20:52  DEBUG     httpcore.http11  send_request_body.started request=<Request [b'POST']>
2026-08-02 00:20:52  DEBUG     httpcore.http11  send_request_body.complete
2026-08-02 00:20:52  DEBUG     httpcore.http11  receive_response_headers.started request=<Request [b'POST']>
2026-08-02 00:20:52  DEBUG     httpcore.http11  receive_response_headers.complete return_value=(b'HTTP/1.1', 200, b'OK', [(b'Content-Type', b'application/json; charset=utf-8'), (b'Date', b'Sat, 01 Aug 2026 18:50:52 GMT'), (b'Transfer-Encoding', b'chunked')])
2026-08-02 00:20:52  INFO      httpx  HTTP Request: POST http://127.0.0.1:11434/api/embeddings "HTTP/1.1 200 OK"
2026-08-02 00:20:52  DEBUG     httpcore.http11  receive_response_body.started request=<Request [b'POST']>
2026-08-02 00:20:52  DEBUG     httpcore.http11  receive_response_body.complete
2026-08-02 00:20:52  DEBUG     httpcore.http11  response_closed.started
2026-08-02 00:20:52  DEBUG     httpcore.http11  response_closed.complete
2026-08-02 00:20:52  DEBUG     httpcore.http11  send_request_headers.started request=<Request [b'POST']>
2026-08-02 00:20:52  DEBUG     httpcore.http11  send_request_headers.complete
2026-08-02 00:20:52  DEBUG     httpcore.http11  send_request_body.started request=<Request [b'POST']>
2026-08-02 00:20:52  DEBUG     httpcore.http11  send_request_body.complete
2026-08-02 00:20:52  DEBUG     httpcore.http11  receive_response_headers.started request=<Request [b'POST']>
2026-08-02 00:20:53  DEBUG     httpcore.http11  receive_response_headers.complete return_value=(b'HTTP/1.1', 200, b'OK', [(b'Content-Type', b'application/json; charset=utf-8'), (b'Date', b'Sat, 01 Aug 2026 18:50:53 GMT'), (b'Transfer-Encoding', b'chunked')])
2026-08-02 00:20:53  INFO      httpx  HTTP Request: POST http://127.0.0.1:11434/api/embeddings "HTTP/1.1 200 OK"
2026-08-02 00:20:53  DEBUG     httpcore.http11  receive_response_body.started request=<Request [b'POST']>
2026-08-02 00:20:53  DEBUG     httpcore.http11  receive_response_body.complete
2026-08-02 00:20:53  DEBUG     httpcore.http11  response_closed.started
2026-08-02 00:20:53  DEBUG     httpcore.http11  response_closed.complete
2026-08-02 00:20:53  DEBUG     httpcore.http11  send_request_headers.started request=<Request [b'POST']>
2026-08-02 00:20:53  DEBUG     httpcore.http11  send_request_headers.complete
2026-08-02 00:20:53  DEBUG     httpcore.http11  send_request_body.started request=<Request [b'POST']>
2026-08-02 00:20:53  DEBUG     httpcore.http11  send_request_body.complete
2026-08-02 00:20:53  DEBUG     httpcore.http11  receive_response_headers.started request=<Request [b'POST']>
2026-08-02 00:20:54  DEBUG     httpcore.http11  receive_response_headers.complete return_value=(b'HTTP/1.1', 200, b'OK', [(b'Content-Type', b'application/json; charset=utf-8'), (b'Date', b'Sat, 01 Aug 2026 18:50:54 GMT'), (b'Transfer-Encoding', b'chunked')])
2026-08-02 00:20:54  INFO      httpx  HTTP Request: POST http://127.0.0.1:11434/api/embeddings "HTTP/1.1 200 OK"
2026-08-02 00:20:55  DEBUG     httpcore.http11  receive_response_headers.complete return_value=(b'HTTP/1.1', 200, b'OK', [(b'Content-Type', b'application/json; charset=utf-8'), (b'Date', b'Sat, 01 Aug 2026 18:50:55 GMT'), (b'Transfer-Encoding', b'chunked')])
2026-08-02 00:20:55  INFO      httpx  HTTP Request: POST http://127.0.0.1:11434/api/embeddings "HTTP/1.1 200 OK"
2026-08-02 00:20:55  DEBUG     httpcore.http11  receive_response_body.started request=<Request [b'POST']>
2026-08-02 00:20:55  DEBUG     httpcore.http11  receive_response_body.complete
2026-08-02 00:20:55  DEBUG     httpcore.http11  response_closed.started
2026-08-02 00:20:55  DEBUG     httpcore.http11  response_closed.complete
2026-08-02 00:20:56  INFO      __main__  UPDATE Aadhisesha_35x35.jpeg — 1 chunk(s) stored
2026-08-02 00:20:56  DEBUG     httpcore.http11  send_request_headers.started request=<Request [b'POST']>
2026-08-02 00:20:56  DEBUG     httpcore.http11  send_request_headers.complete
2026-08-02 00:20:56  DEBUG     httpcore.connection  connect_tcp.started host='127.0.0.1' port=11434 local_address=None timeout=None socket_options=None
2026-08-02 00:20:56  DEBUG     httpcore.connection  connect_tcp.started host='127.0.0.1' port=11434 local_address=None timeout=None socket_options=None
2026-08-02 00:20:56  DEBUG     httpcore.http11  send_request_body.started request=<Request [b'POST']>
2026-08-02 00:20:56  DEBUG     httpcore.http11  send_request_body.complete
2026-08-02 00:20:56  DEBUG     httpcore.http11  receive_response_headers.started request=<Request [b'POST']>
2026-08-02 00:20:56  DEBUG     httpcore.connection  connect_tcp.complete return_value=<httpcore._backends.sync.SyncStream object at 0x000001FDFF8FFC50>
2026-08-02 00:20:56  DEBUG     httpcore.http11  send_request_headers.started request=<Request [b'POST']>
2026-08-02 00:20:56  DEBUG     httpcore.connection  connect_tcp.complete return_value=<httpcore._backends.sync.SyncStream object at 0x000001FDFF8FE490>
2026-08-02 00:20:56  DEBUG     httpcore.http11  send_request_headers.started request=<Request [b'POST']>
2026-08-02 00:20:56  DEBUG     httpcore.http11  send_request_headers.complete
2026-08-02 00:20:56  DEBUG     httpcore.connection  connect_tcp.started host='127.0.0.1' port=11434 local_address=None timeout=None socket_options=None
2026-08-02 00:20:56  DEBUG     httpcore.http11  send_request_headers.complete
2026-08-02 00:20:56  DEBUG     httpcore.http11  send_request_body.started request=<Request [b'POST']>
2026-08-02 00:20:56  DEBUG     httpcore.http11  send_request_body.started request=<Request [b'POST']>
2026-08-02 00:20:56  DEBUG     httpcore.http11  send_request_body.complete
2026-08-02 00:20:56  DEBUG     httpcore.http11  receive_response_headers.started request=<Request [b'POST']>
2026-08-02 00:20:56  DEBUG     httpcore.http11  send_request_body.complete
2026-08-02 00:20:56  DEBUG     httpcore.http11  receive_response_headers.started request=<Request [b'POST']>
2026-08-02 00:20:56  DEBUG     httpcore.connection  connect_tcp.complete return_value=<httpcore._backends.sync.SyncStream object at 0x000001FDFF9ADBA0>
2026-08-02 00:20:56  DEBUG     httpcore.http11  send_request_headers.started request=<Request [b'POST']>
2026-08-02 00:20:56  DEBUG     httpcore.http11  send_request_headers.complete
2026-08-02 00:20:56  DEBUG     httpcore.http11  send_request_body.started request=<Request [b'POST']>
2026-08-02 00:20:56  DEBUG     httpcore.http11  send_request_body.complete
2026-08-02 00:20:56  DEBUG     httpcore.http11  receive_response_headers.started request=<Request [b'POST']>
2026-08-02 00:20:57  DEBUG     httpcore.http11  receive_response_headers.complete return_value=(b'HTTP/1.1', 200, b'OK', [(b'Content-Type', b'application/json; charset=utf-8'), (b'Date', b'Sat, 01 Aug 2026 18:50:57 GMT'), (b'Transfer-Encoding', b'chunked')])
2026-08-02 00:20:57  INFO      httpx  HTTP Request: POST http://127.0.0.1:11434/api/embeddings "HTTP/1.1 200 OK"
2026-08-02 00:20:57  DEBUG     httpcore.http11  receive_response_body.started request=<Request [b'POST']>
2026-08-02 00:20:57  DEBUG     httpcore.http11  receive_response_body.complete
2026-08-02 00:20:57  DEBUG     httpcore.http11  response_closed.started
2026-08-02 00:20:57  DEBUG     httpcore.http11  response_closed.complete
2026-08-02 00:20:57  DEBUG     httpcore.http11  send_request_headers.started request=<Request [b'POST']>
2026-08-02 00:20:57  DEBUG     httpcore.http11  send_request_headers.complete
2026-08-02 00:20:57  DEBUG     httpcore.http11  send_request_body.started request=<Request [b'POST']>
2026-08-02 00:20:57  DEBUG     httpcore.http11  send_request_body.complete
2026-08-02 00:20:57  DEBUG     httpcore.http11  receive_response_headers.started request=<Request [b'POST']>
2026-08-02 00:20:57  DEBUG     httpcore.http11  receive_response_headers.complete return_value=(b'HTTP/1.1', 200, b'OK', [(b'Content-Type', b'application/json; charset=utf-8'), (b'Date', b'Sat, 01 Aug 2026 18:50:55 GMT'), (b'Transfer-Encoding', b'chunked')])
2026-08-02 00:20:57  INFO      httpx  HTTP Request: POST http://127.0.0.1:11434/api/embeddings "HTTP/1.1 200 OK"
2026-08-02 00:20:57  DEBUG     httpcore.http11  receive_response_body.started request=<Request [b'POST']>
2026-08-02 00:20:57  DEBUG     httpcore.http11  receive_response_headers.complete return_value=(b'HTTP/1.1', 200, b'OK', [(b'Content-Type', b'application/json; charset=utf-8'), (b'Date', b'Sat, 01 Aug 2026 18:50:56 GMT'), (b'Transfer-Encoding', b'chunked')])
2026-08-02 00:20:57  INFO      httpx  HTTP Request: POST http://127.0.0.1:11434/api/embeddings "HTTP/1.1 200 OK"
2026-08-02 00:20:54  DEBUG     httpcore.http11  receive_response_body.started request=<Request [b'POST']>
2026-08-02 00:20:57  DEBUG     httpcore.http11  receive_response_body.complete
2026-08-02 00:20:57  DEBUG     httpcore.http11  receive_response_headers.complete return_value=(b'HTTP/1.1', 200, b'OK', [(b'Content-Type', b'application/json; charset=utf-8'), (b'Date', b'Sat, 01 Aug 2026 18:50:54 GMT'), (b'Transfer-Encoding', b'chunked')])
2026-08-02 00:20:57  INFO      httpx  HTTP Request: POST http://127.0.0.1:11434/api/embeddings "HTTP/1.1 200 OK"
2026-08-02 00:20:57  DEBUG     httpcore.http11  receive_response_body.started request=<Request [b'POST']>
2026-08-02 00:20:57  DEBUG     httpcore.http11  receive_response_body.started request=<Request [b'POST']>
2026-08-02 00:20:57  DEBUG     httpcore.http11  response_closed.started
2026-08-02 00:20:57  DEBUG     httpcore.http11  receive_response_body.complete
2026-08-02 00:20:57  DEBUG     httpcore.http11  receive_response_body.complete
2026-08-02 00:20:57  DEBUG     httpcore.http11  response_closed.started
2026-08-02 00:20:57  DEBUG     httpcore.http11  response_closed.complete
2026-08-02 00:20:57  DEBUG     httpcore.http11  receive_response_body.complete
2026-08-02 00:20:57  DEBUG     httpcore.http11  response_closed.started
2026-08-02 00:20:57  DEBUG     httpcore.http11  response_closed.started
2026-08-02 00:20:57  DEBUG     httpcore.http11  send_request_headers.started request=<Request [b'POST']>
2026-08-02 00:20:57  DEBUG     httpcore.http11  response_closed.complete
2026-08-02 00:20:57  DEBUG     httpcore.http11  response_closed.complete
2026-08-02 00:20:57  DEBUG     httpcore.http11  response_closed.complete
2026-08-02 00:20:57  DEBUG     httpcore.http11  send_request_headers.started request=<Request [b'POST']>
2026-08-02 00:20:57  DEBUG     httpcore.http11  send_request_headers.complete
2026-08-02 00:20:57  DEBUG     httpcore.http11  send_request_body.started request=<Request [b'POST']>
2026-08-02 00:20:57  DEBUG     httpcore.http11  send_request_body.complete
2026-08-02 00:20:57  DEBUG     httpcore.http11  receive_response_headers.started request=<Request [b'POST']>
2026-08-02 00:20:57  DEBUG     httpcore.http11  send_request_headers.complete
2026-08-02 00:20:57  DEBUG     httpcore.http11  send_request_body.started request=<Request [b'POST']>
2026-08-02 00:20:57  DEBUG     httpcore.http11  send_request_body.complete
2026-08-02 00:20:57  DEBUG     httpcore.http11  receive_response_headers.started request=<Request [b'POST']>
2026-08-02 00:20:57  DEBUG     httpcore.http11  send_request_headers.started request=<Request [b'POST']>
2026-08-02 00:20:57  DEBUG     httpcore.http11  send_request_headers.complete
2026-08-02 00:20:57  DEBUG     httpcore.http11  send_request_body.started request=<Request [b'POST']>
2026-08-02 00:20:57  DEBUG     httpcore.http11  send_request_body.complete
2026-08-02 00:20:57  DEBUG     httpcore.http11  receive_response_headers.started request=<Request [b'POST']>
2026-08-02 00:20:57  DEBUG     httpcore.http11  send_request_headers.started request=<Request [b'POST']>
2026-08-02 00:20:57  DEBUG     httpcore.http11  send_request_headers.complete
2026-08-02 00:20:57  DEBUG     httpcore.http11  send_request_body.started request=<Request [b'POST']>
2026-08-02 00:20:57  DEBUG     httpcore.http11  send_request_body.complete
2026-08-02 00:20:57  DEBUG     httpcore.http11  receive_response_headers.started request=<Request [b'POST']>
2026-08-02 00:20:58  DEBUG     httpcore.http11  receive_response_headers.complete return_value=(b'HTTP/1.1', 200, b'OK', [(b'Content-Type', b'application/json; charset=utf-8'), (b'Date', b'Sat, 01 Aug 2026 18:50:58 GMT'), (b'Transfer-Encoding', b'chunked')])
2026-08-02 00:20:58  INFO      httpx  HTTP Request: POST http://127.0.0.1:11434/api/embeddings "HTTP/1.1 200 OK"
2026-08-02 00:20:58  DEBUG     httpcore.http11  receive_response_body.started request=<Request [b'POST']>
2026-08-02 00:20:58  DEBUG     httpcore.http11  receive_response_body.complete
2026-08-02 00:20:58  DEBUG     httpcore.http11  response_closed.started
2026-08-02 00:20:58  DEBUG     httpcore.http11  response_closed.complete
2026-08-02 00:20:58  DEBUG     httpcore.http11  send_request_headers.started request=<Request [b'POST']>
2026-08-02 00:20:58  DEBUG     httpcore.http11  send_request_headers.complete
2026-08-02 00:20:58  DEBUG     httpcore.http11  send_request_body.started request=<Request [b'POST']>
2026-08-02 00:20:58  DEBUG     httpcore.http11  send_request_body.complete
2026-08-02 00:20:58  DEBUG     httpcore.http11  receive_response_headers.started request=<Request [b'POST']>
2026-08-02 00:20:59  DEBUG     httpcore.http11  receive_response_headers.complete return_value=(b'HTTP/1.1', 200, b'OK', [(b'Content-Type', b'application/json; charset=utf-8'), (b'Date', b'Sat, 01 Aug 2026 18:50:59 GMT'), (b'Transfer-Encoding', b'chunked')])
2026-08-02 00:20:59  INFO      httpx  HTTP Request: POST http://127.0.0.1:11434/api/embeddings "HTTP/1.1 200 OK"
2026-08-02 00:20:59  DEBUG     httpcore.http11  receive_response_body.started request=<Request [b'POST']>
2026-08-02 00:20:59  DEBUG     httpcore.http11  receive_response_body.complete
2026-08-02 00:20:59  DEBUG     httpcore.http11  response_closed.started
2026-08-02 00:20:59  DEBUG     httpcore.http11  response_closed.complete
2026-08-02 00:20:59  DEBUG     httpcore.http11  send_request_headers.started request=<Request [b'POST']>
2026-08-02 00:20:59  DEBUG     httpcore.http11  send_request_headers.complete
2026-08-02 00:20:59  DEBUG     httpcore.http11  send_request_body.started request=<Request [b'POST']>
2026-08-02 00:20:59  DEBUG     httpcore.http11  send_request_body.complete
2026-08-02 00:20:59  DEBUG     httpcore.http11  receive_response_headers.started request=<Request [b'POST']>
2026-08-02 00:20:59  DEBUG     httpcore.http11  receive_response_headers.complete return_value=(b'HTTP/1.1', 200, b'OK', [(b'Content-Type', b'application/json; charset=utf-8'), (b'Date', b'Sat, 01 Aug 2026 18:50:59 GMT'), (b'Transfer-Encoding', b'chunked')])
2026-08-02 00:20:59  INFO      httpx  HTTP Request: POST http://127.0.0.1:11434/api/embeddings "HTTP/1.1 200 OK"
2026-08-02 00:20:59  DEBUG     httpcore.http11  receive_response_body.started request=<Request [b'POST']>
2026-08-02 00:20:59  DEBUG     httpcore.http11  receive_response_body.complete
2026-08-02 00:20:59  DEBUG     httpcore.http11  response_closed.started
2026-08-02 00:20:59  DEBUG     httpcore.http11  response_closed.complete
2026-08-02 00:20:59  DEBUG     httpcore.http11  send_request_headers.started request=<Request [b'POST']>
2026-08-02 00:20:59  DEBUG     httpcore.http11  send_request_headers.complete
2026-08-02 00:20:59  DEBUG     httpcore.http11  send_request_body.started request=<Request [b'POST']>
2026-08-02 00:20:59  DEBUG     httpcore.http11  send_request_body.complete
2026-08-02 00:20:59  DEBUG     httpcore.http11  receive_response_headers.started request=<Request [b'POST']>
2026-08-02 00:21:00  DEBUG     httpcore.http11  receive_response_headers.complete return_value=(b'HTTP/1.1', 200, b'OK', [(b'Content-Type', b'application/json; charset=utf-8'), (b'Date', b'Sat, 01 Aug 2026 18:51:00 GMT'), (b'Transfer-Encoding', b'chunked')])
2026-08-02 00:21:00  INFO      httpx  HTTP Request: POST http://127.0.0.1:11434/api/embeddings "HTTP/1.1 200 OK"
2026-08-02 00:21:00  DEBUG     httpcore.http11  receive_response_body.started request=<Request [b'POST']>
2026-08-02 00:21:00  DEBUG     httpcore.http11  receive_response_body.complete
2026-08-02 00:21:00  DEBUG     httpcore.http11  response_closed.started
2026-08-02 00:21:00  DEBUG     httpcore.http11  response_closed.complete
2026-08-02 00:21:01  DEBUG     httpcore.http11  receive_response_headers.complete return_value=(b'HTTP/1.1', 200, b'OK', [(b'Content-Type', b'application/json; charset=utf-8'), (b'Date', b'Sat, 01 Aug 2026 18:51:01 GMT'), (b'Transfer-Encoding', b'chunked')])
2026-08-02 00:21:01  INFO      httpx  HTTP Request: POST http://127.0.0.1:11434/api/embeddings "HTTP/1.1 200 OK"
2026-08-02 00:21:01  DEBUG     httpcore.http11  receive_response_body.started request=<Request [b'POST']>
2026-08-02 00:21:01  DEBUG     httpcore.http11  receive_response_body.complete
2026-08-02 00:21:01  DEBUG     httpcore.http11  response_closed.started
2026-08-02 00:21:01  DEBUG     httpcore.http11  response_closed.complete
2026-08-02 00:21:01  DEBUG     httpcore.http11  receive_response_headers.complete return_value=(b'HTTP/1.1', 200, b'OK', [(b'Content-Type', b'application/json; charset=utf-8'), (b'Date', b'Sat, 01 Aug 2026 18:51:01 GMT'), (b'Transfer-Encoding', b'chunked')])
2026-08-02 00:21:01  INFO      httpx  HTTP Request: POST http://127.0.0.1:11434/api/embeddings "HTTP/1.1 200 OK"
2026-08-02 00:21:01  DEBUG     httpcore.http11  receive_response_body.started request=<Request [b'POST']>
2026-08-02 00:21:01  DEBUG     httpcore.http11  receive_response_body.complete
2026-08-02 00:21:01  DEBUG     httpcore.http11  response_closed.started
2026-08-02 00:21:01  DEBUG     httpcore.http11  response_closed.complete
2026-08-02 00:21:01  DEBUG     httpcore.http11  receive_response_headers.complete return_value=(b'HTTP/1.1', 200, b'OK', [(b'Content-Type', b'application/json; charset=utf-8'), (b'Date', b'Sat, 01 Aug 2026 18:51:01 GMT'), (b'Transfer-Encoding', b'chunked')])
2026-08-02 00:21:01  INFO      httpx  HTTP Request: POST http://127.0.0.1:11434/api/embeddings "HTTP/1.1 200 OK"
2026-08-02 00:21:01  DEBUG     httpcore.http11  receive_response_body.started request=<Request [b'POST']>
2026-08-02 00:21:01  DEBUG     httpcore.http11  receive_response_body.complete
2026-08-02 00:21:01  DEBUG     httpcore.http11  response_closed.started
2026-08-02 00:21:01  DEBUG     httpcore.http11  response_closed.complete
2026-08-02 00:21:02  DEBUG     httpcore.http11  receive_response_headers.complete return_value=(b'HTTP/1.1', 200, b'OK', [(b'Content-Type', b'application/json; charset=utf-8'), (b'Date', b'Sat, 01 Aug 2026 18:51:02 GMT'), (b'Transfer-Encoding', b'chunked')])
2026-08-02 00:21:02  INFO      httpx  HTTP Request: POST http://127.0.0.1:11434/api/embeddings "HTTP/1.1 200 OK"
2026-08-02 00:21:02  DEBUG     httpcore.http11  receive_response_body.started request=<Request [b'POST']>
2026-08-02 00:21:02  DEBUG     httpcore.http11  receive_response_body.complete
2026-08-02 00:21:02  DEBUG     httpcore.http11  response_closed.started
2026-08-02 00:21:02  DEBUG     httpcore.http11  response_closed.complete
2026-08-02 00:21:02  INFO      __main__  INDEX CT20265021581_Application_Form.pdf — 15 chunk(s) stored
2026-08-02 00:21:02  DEBUG     httpcore.http11  send_request_headers.started request=<Request [b'POST']>
2026-08-02 00:21:02  DEBUG     httpcore.http11  send_request_headers.complete
2026-08-02 00:21:02  DEBUG     httpcore.http11  send_request_body.started request=<Request [b'POST']>
2026-08-02 00:21:02  DEBUG     httpcore.http11  send_request_body.complete
2026-08-02 00:21:02  DEBUG     httpcore.http11  receive_response_headers.started request=<Request [b'POST']>
2026-08-02 00:21:03  DEBUG     httpcore.http11  receive_response_headers.complete return_value=(b'HTTP/1.1', 200, b'OK', [(b'Content-Type', b'application/json; charset=utf-8'), (b'Date', b'Sat, 01 Aug 2026 18:51:03 GMT'), (b'Transfer-Encoding', b'chunked')])
2026-08-02 00:21:03  INFO      httpx  HTTP Request: POST http://127.0.0.1:11434/api/embeddings "HTTP/1.1 200 OK"
2026-08-02 00:21:03  DEBUG     httpcore.http11  receive_response_body.started request=<Request [b'POST']>
2026-08-02 00:21:03  DEBUG     httpcore.http11  receive_response_body.complete
2026-08-02 00:21:03  DEBUG     httpcore.http11  response_closed.started
2026-08-02 00:21:03  DEBUG     httpcore.http11  response_closed.complete
2026-08-02 00:21:03  INFO      __main__  INDEX tcsnowhite.jpeg — 1 chunk(s) stored
2026-08-02 00:21:03  DEBUG     httpcore.http11  send_request_headers.started request=<Request [b'POST']>
2026-08-02 00:21:03  DEBUG     httpcore.http11  send_request_headers.complete
2026-08-02 00:21:03  DEBUG     httpcore.http11  send_request_body.started request=<Request [b'POST']>
2026-08-02 00:21:03  DEBUG     httpcore.http11  send_request_body.complete
2026-08-02 00:21:03  DEBUG     httpcore.http11  receive_response_headers.started request=<Request [b'POST']>
2026-08-02 00:21:03  DEBUG     httpcore.http11  send_request_headers.started request=<Request [b'POST']>
2026-08-02 00:21:03  DEBUG     httpcore.http11  send_request_headers.complete
2026-08-02 00:21:03  DEBUG     httpcore.http11  send_request_body.started request=<Request [b'POST']>
2026-08-02 00:21:03  DEBUG     httpcore.http11  send_request_body.complete
2026-08-02 00:21:03  DEBUG     httpcore.http11  receive_response_headers.started request=<Request [b'POST']>
2026-08-02 00:21:03  DEBUG     httpcore.http11  send_request_headers.started request=<Request [b'POST']>
2026-08-02 00:21:03  DEBUG     httpcore.http11  send_request_headers.complete
2026-08-02 00:21:03  DEBUG     httpcore.http11  send_request_body.started request=<Request [b'POST']>
2026-08-02 00:21:03  DEBUG     httpcore.http11  send_request_body.complete
2026-08-02 00:21:03  DEBUG     httpcore.http11  receive_response_headers.started request=<Request [b'POST']>
2026-08-02 00:21:03  DEBUG     httpcore.http11  send_request_headers.started request=<Request [b'POST']>
2026-08-02 00:21:03  DEBUG     httpcore.http11  send_request_headers.complete
2026-08-02 00:21:03  DEBUG     httpcore.http11  send_request_body.started request=<Request [b'POST']>
2026-08-02 00:21:03  DEBUG     httpcore.http11  send_request_body.complete
2026-08-02 00:21:03  DEBUG     httpcore.http11  receive_response_headers.started request=<Request [b'POST']>
2026-08-02 00:21:04  DEBUG     httpcore.http11  receive_response_headers.complete return_value=(b'HTTP/1.1', 200, b'OK', [(b'Content-Type', b'application/json; charset=utf-8'), (b'Date', b'Sat, 01 Aug 2026 18:51:04 GMT'), (b'Transfer-Encoding', b'chunked')])
2026-08-02 00:21:04  INFO      httpx  HTTP Request: POST http://127.0.0.1:11434/api/embeddings "HTTP/1.1 200 OK"
2026-08-02 00:21:04  DEBUG     httpcore.http11  receive_response_body.started request=<Request [b'POST']>
2026-08-02 00:21:04  DEBUG     httpcore.http11  receive_response_body.complete
2026-08-02 00:21:04  DEBUG     httpcore.http11  response_closed.started
2026-08-02 00:21:04  DEBUG     httpcore.http11  response_closed.complete
2026-08-02 00:21:04  DEBUG     httpcore.http11  send_request_headers.started request=<Request [b'POST']>
2026-08-02 00:21:04  DEBUG     httpcore.http11  send_request_headers.complete
2026-08-02 00:21:04  DEBUG     httpcore.http11  send_request_body.started request=<Request [b'POST']>
2026-08-02 00:21:04  DEBUG     httpcore.http11  send_request_body.complete
2026-08-02 00:21:04  DEBUG     httpcore.http11  receive_response_headers.started request=<Request [b'POST']>
2026-08-02 00:21:05  DEBUG     httpcore.http11  receive_response_headers.complete return_value=(b'HTTP/1.1', 200, b'OK', [(b'Content-Type', b'application/json; charset=utf-8'), (b'Date', b'Sat, 01 Aug 2026 18:51:05 GMT'), (b'Transfer-Encoding', b'chunked')])
2026-08-02 00:21:05  INFO      httpx  HTTP Request: POST http://127.0.0.1:11434/api/embeddings "HTTP/1.1 200 OK"
2026-08-02 00:21:05  DEBUG     httpcore.http11  receive_response_body.started request=<Request [b'POST']>
2026-08-02 00:21:05  DEBUG     httpcore.http11  receive_response_body.complete
2026-08-02 00:21:05  DEBUG     httpcore.http11  response_closed.started
2026-08-02 00:21:05  DEBUG     httpcore.http11  response_closed.complete
2026-08-02 00:21:05  DEBUG     httpcore.http11  send_request_headers.started request=<Request [b'POST']>
2026-08-02 00:21:05  DEBUG     httpcore.http11  send_request_headers.complete
2026-08-02 00:21:05  DEBUG     httpcore.http11  send_request_body.started request=<Request [b'POST']>
2026-08-02 00:21:05  DEBUG     httpcore.http11  send_request_body.complete
2026-08-02 00:21:05  DEBUG     httpcore.http11  receive_response_headers.started request=<Request [b'POST']>
2026-08-02 00:21:06  DEBUG     httpcore.http11  receive_response_headers.complete return_value=(b'HTTP/1.1', 200, b'OK', [(b'Content-Type', b'application/json; charset=utf-8'), (b'Date', b'Sat, 01 Aug 2026 18:51:06 GMT'), (b'Transfer-Encoding', b'chunked')])
2026-08-02 00:21:06  INFO      httpx  HTTP Request: POST http://127.0.0.1:11434/api/embeddings "HTTP/1.1 200 OK"
2026-08-02 00:21:06  DEBUG     httpcore.http11  receive_response_body.started request=<Request [b'POST']>
2026-08-02 00:21:06  DEBUG     httpcore.http11  receive_response_body.complete
2026-08-02 00:21:06  DEBUG     httpcore.http11  response_closed.started
2026-08-02 00:21:06  DEBUG     httpcore.http11  response_closed.complete
2026-08-02 00:21:06  DEBUG     httpcore.http11  send_request_headers.started request=<Request [b'POST']>
2026-08-02 00:21:06  DEBUG     httpcore.http11  send_request_headers.complete
2026-08-02 00:21:06  DEBUG     httpcore.http11  send_request_body.started request=<Request [b'POST']>
2026-08-02 00:21:06  DEBUG     httpcore.http11  send_request_body.complete
2026-08-02 00:21:06  DEBUG     httpcore.http11  receive_response_headers.started request=<Request [b'POST']>
2026-08-02 00:21:06  DEBUG     httpcore.http11  receive_response_headers.complete return_value=(b'HTTP/1.1', 200, b'OK', [(b'Content-Type', b'application/json; charset=utf-8'), (b'Date', b'Sat, 01 Aug 2026 18:51:06 GMT'), (b'Transfer-Encoding', b'chunked')])
2026-08-02 00:21:06  INFO      httpx  HTTP Request: POST http://127.0.0.1:11434/api/embeddings "HTTP/1.1 200 OK"
2026-08-02 00:21:06  DEBUG     httpcore.http11  receive_response_body.started request=<Request [b'POST']>
2026-08-02 00:21:06  DEBUG     httpcore.http11  receive_response_body.complete
2026-08-02 00:21:06  DEBUG     httpcore.http11  response_closed.started
2026-08-02 00:21:06  DEBUG     httpcore.http11  response_closed.complete
2026-08-02 00:21:06  DEBUG     httpcore.http11  send_request_headers.started request=<Request [b'POST']>
2026-08-02 00:21:06  DEBUG     httpcore.http11  send_request_headers.complete
2026-08-02 00:21:06  DEBUG     httpcore.http11  send_request_body.started request=<Request [b'POST']>
2026-08-02 00:21:06  DEBUG     httpcore.http11  send_request_body.complete
2026-08-02 00:21:06  DEBUG     httpcore.http11  receive_response_headers.started request=<Request [b'POST']>
2026-08-02 00:21:07  DEBUG     httpcore.http11  receive_response_headers.complete return_value=(b'HTTP/1.1', 200, b'OK', [(b'Content-Type', b'application/json; charset=utf-8'), (b'Date', b'Sat, 01 Aug 2026 18:51:07 GMT'), (b'Transfer-Encoding', b'chunked')])
2026-08-02 00:21:07  INFO      httpx  HTTP Request: POST http://127.0.0.1:11434/api/embeddings "HTTP/1.1 200 OK"
2026-08-02 00:21:07  DEBUG     httpcore.http11  receive_response_body.started request=<Request [b'POST']>
2026-08-02 00:21:07  DEBUG     httpcore.http11  receive_response_body.complete
2026-08-02 00:21:07  DEBUG     httpcore.http11  response_closed.started
2026-08-02 00:21:07  DEBUG     httpcore.http11  response_closed.complete
2026-08-02 00:21:07  DEBUG     httpcore.http11  send_request_headers.started request=<Request [b'POST']>
2026-08-02 00:21:07  DEBUG     httpcore.http11  send_request_headers.complete
2026-08-02 00:21:07  DEBUG     httpcore.http11  send_request_body.started request=<Request [b'POST']>
2026-08-02 00:21:07  DEBUG     httpcore.http11  send_request_body.complete
2026-08-02 00:21:07  DEBUG     httpcore.http11  receive_response_headers.started request=<Request [b'POST']>
2026-08-02 00:21:08  DEBUG     httpcore.http11  receive_response_headers.complete return_value=(b'HTTP/1.1', 200, b'OK', [(b'Content-Type', b'application/json; charset=utf-8'), (b'Date', b'Sat, 01 Aug 2026 18:51:07 GMT'), (b'Transfer-Encoding', b'chunked')])
2026-08-02 00:21:08  INFO      httpx  HTTP Request: POST http://127.0.0.1:11434/api/embeddings "HTTP/1.1 200 OK"
2026-08-02 00:21:08  DEBUG     httpcore.http11  receive_response_body.started request=<Request [b'POST']>
2026-08-02 00:21:08  DEBUG     httpcore.http11  receive_response_body.complete
2026-08-02 00:21:08  DEBUG     httpcore.http11  response_closed.started
2026-08-02 00:21:08  DEBUG     httpcore.http11  response_closed.complete
2026-08-02 00:21:08  DEBUG     httpcore.http11  receive_response_headers.complete return_value=(b'HTTP/1.1', 200, b'OK', [(b'Content-Type', b'application/json; charset=utf-8'), (b'Date', b'Sat, 01 Aug 2026 18:51:08 GMT'), (b'Transfer-Encoding', b'chunked')])
2026-08-02 00:21:08  INFO      httpx  HTTP Request: POST http://127.0.0.1:11434/api/embeddings "HTTP/1.1 200 OK"
2026-08-02 00:21:08  DEBUG     httpcore.http11  receive_response_body.started request=<Request [b'POST']>
2026-08-02 00:21:08  DEBUG     httpcore.http11  receive_response_body.complete
2026-08-02 00:21:08  DEBUG     httpcore.http11  response_closed.started
2026-08-02 00:21:08  DEBUG     httpcore.http11  response_closed.complete
2026-08-02 00:21:09  DEBUG     httpcore.http11  receive_response_headers.complete return_value=(b'HTTP/1.1', 200, b'OK', [(b'Content-Type', b'application/json; charset=utf-8'), (b'Date', b'Sat, 01 Aug 2026 18:51:09 GMT'), (b'Transfer-Encoding', b'chunked')])
2026-08-02 00:21:09  INFO      httpx  HTTP Request: POST http://127.0.0.1:11434/api/embeddings "HTTP/1.1 200 OK"
2026-08-02 00:21:09  DEBUG     httpcore.http11  receive_response_body.started request=<Request [b'POST']>
2026-08-02 00:21:09  DEBUG     httpcore.http11  receive_response_body.complete
2026-08-02 00:21:09  DEBUG     httpcore.http11  response_closed.started
2026-08-02 00:21:09  DEBUG     httpcore.http11  response_closed.complete
2026-08-02 00:21:09  DEBUG     httpcore.http11  receive_response_headers.complete return_value=(b'HTTP/1.1', 200, b'OK', [(b'Content-Type', b'application/json; charset=utf-8'), (b'Date', b'Sat, 01 Aug 2026 18:51:09 GMT'), (b'Transfer-Encoding', b'chunked')])
2026-08-02 00:21:09  INFO      httpx  HTTP Request: POST http://127.0.0.1:11434/api/embeddings "HTTP/1.1 200 OK"
2026-08-02 00:21:09  DEBUG     httpcore.http11  receive_response_body.started request=<Request [b'POST']>
2026-08-02 00:21:09  DEBUG     httpcore.http11  receive_response_body.complete
2026-08-02 00:21:09  DEBUG     httpcore.http11  response_closed.started
2026-08-02 00:21:09  DEBUG     httpcore.http11  response_closed.complete
2026-08-02 00:21:09  INFO      __main__  INDEX tcs_application.pdf — 9 chunk(s) stored
2026-08-02 00:21:09  DEBUG     httpcore.http11  send_request_headers.started request=<Request [b'POST']>
2026-08-02 00:21:09  DEBUG     httpcore.http11  send_request_headers.complete
2026-08-02 00:21:09  DEBUG     httpcore.http11  send_request_body.started request=<Request [b'POST']>
2026-08-02 00:21:09  DEBUG     httpcore.http11  send_request_body.complete
2026-08-02 00:21:09  DEBUG     httpcore.http11  receive_response_headers.started request=<Request [b'POST']>
2026-08-02 00:21:09  DEBUG     httpcore.http11  send_request_headers.started request=<Request [b'POST']>
2026-08-02 00:21:09  DEBUG     httpcore.http11  send_request_headers.complete
2026-08-02 00:21:09  DEBUG     httpcore.http11  send_request_body.started request=<Request [b'POST']>
2026-08-02 00:21:09  DEBUG     httpcore.http11  send_request_body.complete
2026-08-02 00:21:09  DEBUG     httpcore.http11  receive_response_headers.started request=<Request [b'POST']>
2026-08-02 00:21:09  DEBUG     httpcore.http11  send_request_headers.started request=<Request [b'POST']>
2026-08-02 00:21:09  DEBUG     httpcore.http11  send_request_headers.complete
2026-08-02 00:21:09  DEBUG     httpcore.http11  send_request_headers.started request=<Request [b'POST']>
2026-08-02 00:21:09  DEBUG     httpcore.http11  send_request_body.started request=<Request [b'POST']>
2026-08-02 00:21:09  DEBUG     httpcore.http11  send_request_body.complete
2026-08-02 00:21:09  DEBUG     httpcore.http11  receive_response_headers.started request=<Request [b'POST']>
2026-08-02 00:21:09  DEBUG     httpcore.http11  send_request_headers.complete
2026-08-02 00:21:09  DEBUG     httpcore.http11  send_request_body.started request=<Request [b'POST']>
2026-08-02 00:21:09  DEBUG     httpcore.http11  send_request_body.complete
2026-08-02 00:21:09  DEBUG     httpcore.http11  receive_response_headers.started request=<Request [b'POST']>
2026-08-02 00:21:10  DEBUG     httpcore.http11  receive_response_headers.complete return_value=(b'HTTP/1.1', 200, b'OK', [(b'Content-Type', b'application/json; charset=utf-8'), (b'Date', b'Sat, 01 Aug 2026 18:51:10 GMT'), (b'Transfer-Encoding', b'chunked')])
2026-08-02 00:21:10  INFO      httpx  HTTP Request: POST http://127.0.0.1:11434/api/embeddings "HTTP/1.1 200 OK"
2026-08-02 00:21:10  DEBUG     httpcore.http11  receive_response_body.started request=<Request [b'POST']>
2026-08-02 00:21:10  DEBUG     httpcore.http11  receive_response_body.complete
2026-08-02 00:21:10  DEBUG     httpcore.http11  response_closed.started
2026-08-02 00:21:10  DEBUG     httpcore.http11  response_closed.complete
2026-08-02 00:21:10  DEBUG     httpcore.http11  send_request_headers.started request=<Request [b'POST']>
2026-08-02 00:21:10  DEBUG     httpcore.http11  send_request_headers.complete
2026-08-02 00:21:10  DEBUG     httpcore.http11  send_request_body.started request=<Request [b'POST']>
2026-08-02 00:21:10  DEBUG     httpcore.http11  send_request_body.complete
2026-08-02 00:21:10  DEBUG     httpcore.http11  receive_response_headers.started request=<Request [b'POST']>
2026-08-02 00:21:11  DEBUG     httpcore.http11  receive_response_headers.complete return_value=(b'HTTP/1.1', 200, b'OK', [(b'Content-Type', b'application/json; charset=utf-8'), (b'Date', b'Sat, 01 Aug 2026 18:51:11 GMT'), (b'Transfer-Encoding', b'chunked')])
2026-08-02 00:21:11  INFO      httpx  HTTP Request: POST http://127.0.0.1:11434/api/embeddings "HTTP/1.1 200 OK"
2026-08-02 00:21:11  DEBUG     httpcore.http11  receive_response_body.started request=<Request [b'POST']>
2026-08-02 00:21:11  DEBUG     httpcore.http11  receive_response_body.complete
2026-08-02 00:21:11  DEBUG     httpcore.http11  response_closed.started
2026-08-02 00:21:11  DEBUG     httpcore.http11  response_closed.complete
2026-08-02 00:21:11  DEBUG     httpcore.http11  send_request_headers.started request=<Request [b'POST']>
2026-08-02 00:21:11  DEBUG     httpcore.http11  send_request_headers.complete
2026-08-02 00:21:11  DEBUG     httpcore.http11  send_request_body.started request=<Request [b'POST']>
2026-08-02 00:21:11  DEBUG     httpcore.http11  send_request_body.complete
2026-08-02 00:21:11  DEBUG     httpcore.http11  receive_response_headers.started request=<Request [b'POST']>
2026-08-02 00:21:12  DEBUG     httpcore.http11  receive_response_headers.complete return_value=(b'HTTP/1.1', 200, b'OK', [(b'Content-Type', b'application/json; charset=utf-8'), (b'Date', b'Sat, 01 Aug 2026 18:51:12 GMT'), (b'Transfer-Encoding', b'chunked')])
2026-08-02 00:21:12  INFO      httpx  HTTP Request: POST http://127.0.0.1:11434/api/embeddings "HTTP/1.1 200 OK"
2026-08-02 00:21:12  DEBUG     httpcore.http11  receive_response_body.started request=<Request [b'POST']>
2026-08-02 00:21:12  DEBUG     httpcore.http11  receive_response_body.complete
2026-08-02 00:21:12  DEBUG     httpcore.http11  response_closed.started
2026-08-02 00:21:12  DEBUG     httpcore.http11  response_closed.complete
2026-08-02 00:21:12  DEBUG     httpcore.http11  send_request_headers.started request=<Request [b'POST']>
2026-08-02 00:21:12  DEBUG     httpcore.http11  send_request_headers.complete
2026-08-02 00:21:12  DEBUG     httpcore.http11  send_request_body.started request=<Request [b'POST']>
2026-08-02 00:21:12  DEBUG     httpcore.http11  send_request_body.complete
2026-08-02 00:21:12  DEBUG     httpcore.http11  receive_response_headers.started request=<Request [b'POST']>
2026-08-02 00:21:13  DEBUG     httpcore.http11  receive_response_headers.complete return_value=(b'HTTP/1.1', 200, b'OK', [(b'Content-Type', b'application/json; charset=utf-8'), (b'Date', b'Sat, 01 Aug 2026 18:51:13 GMT'), (b'Transfer-Encoding', b'chunked')])
2026-08-02 00:21:13  INFO      httpx  HTTP Request: POST http://127.0.0.1:11434/api/embeddings "HTTP/1.1 200 OK"
2026-08-02 00:21:13  DEBUG     httpcore.http11  receive_response_body.started request=<Request [b'POST']>
2026-08-02 00:21:13  DEBUG     httpcore.http11  receive_response_body.complete
2026-08-02 00:21:13  DEBUG     httpcore.http11  response_closed.started
2026-08-02 00:21:13  DEBUG     httpcore.http11  response_closed.complete
2026-08-02 00:21:13  DEBUG     httpcore.http11  send_request_headers.started request=<Request [b'POST']>
2026-08-02 00:21:13  DEBUG     httpcore.http11  send_request_headers.complete
2026-08-02 00:21:13  DEBUG     httpcore.http11  send_request_body.started request=<Request [b'POST']>
2026-08-02 00:21:13  DEBUG     httpcore.http11  send_request_body.complete
2026-08-02 00:21:13  DEBUG     httpcore.http11  receive_response_headers.started request=<Request [b'POST']>
2026-08-02 00:21:14  DEBUG     httpcore.http11  receive_response_headers.complete return_value=(b'HTTP/1.1', 200, b'OK', [(b'Content-Type', b'application/json; charset=utf-8'), (b'Date', b'Sat, 01 Aug 2026 18:51:14 GMT'), (b'Transfer-Encoding', b'chunked')])
2026-08-02 00:21:14  INFO      httpx  HTTP Request: POST http://127.0.0.1:11434/api/embeddings "HTTP/1.1 200 OK"
2026-08-02 00:21:14  DEBUG     httpcore.http11  receive_response_body.started request=<Request [b'POST']>
2026-08-02 00:21:14  DEBUG     httpcore.http11  receive_response_body.complete
2026-08-02 00:21:14  DEBUG     httpcore.http11  response_closed.started
2026-08-02 00:21:14  DEBUG     httpcore.http11  response_closed.complete
2026-08-02 00:21:14  DEBUG     httpcore.http11  send_request_headers.started request=<Request [b'POST']>
2026-08-02 00:21:14  DEBUG     httpcore.http11  send_request_headers.complete
2026-08-02 00:21:14  DEBUG     httpcore.http11  send_request_body.started request=<Request [b'POST']>
2026-08-02 00:21:14  DEBUG     httpcore.http11  send_request_body.complete
2026-08-02 00:21:14  DEBUG     httpcore.http11  receive_response_headers.started request=<Request [b'POST']>
2026-08-02 00:21:15  DEBUG     httpcore.http11  receive_response_headers.complete return_value=(b'HTTP/1.1', 200, b'OK', [(b'Content-Type', b'application/json; charset=utf-8'), (b'Date', b'Sat, 01 Aug 2026 18:51:15 GMT'), (b'Transfer-Encoding', b'chunked')])
2026-08-02 00:21:15  INFO      httpx  HTTP Request: POST http://127.0.0.1:11434/api/embeddings "HTTP/1.1 200 OK"
2026-08-02 00:21:15  DEBUG     httpcore.http11  receive_response_body.started request=<Request [b'POST']>
2026-08-02 00:21:15  DEBUG     httpcore.http11  receive_response_body.complete
2026-08-02 00:21:15  DEBUG     httpcore.http11  response_closed.started
2026-08-02 00:21:15  DEBUG     httpcore.http11  response_closed.complete
2026-08-02 00:21:15  DEBUG     httpcore.http11  send_request_headers.started request=<Request [b'POST']>
2026-08-02 00:21:15  DEBUG     httpcore.http11  send_request_headers.complete
2026-08-02 00:21:15  DEBUG     httpcore.http11  send_request_body.started request=<Request [b'POST']>
2026-08-02 00:21:15  DEBUG     httpcore.http11  send_request_body.complete
2026-08-02 00:21:15  DEBUG     httpcore.http11  receive_response_headers.started request=<Request [b'POST']>
2026-08-02 00:21:16  DEBUG     httpcore.http11  receive_response_headers.complete return_value=(b'HTTP/1.1', 200, b'OK', [(b'Content-Type', b'application/json; charset=utf-8'), (b'Date', b'Sat, 01 Aug 2026 18:51:16 GMT'), (b'Transfer-Encoding', b'chunked')])
2026-08-02 00:21:16  INFO      httpx  HTTP Request: POST http://127.0.0.1:11434/api/embeddings "HTTP/1.1 200 OK"
2026-08-02 00:21:16  DEBUG     httpcore.http11  receive_response_body.started request=<Request [b'POST']>
2026-08-02 00:21:16  DEBUG     httpcore.http11  receive_response_body.complete
2026-08-02 00:21:16  DEBUG     httpcore.http11  response_closed.started
2026-08-02 00:21:16  DEBUG     httpcore.http11  response_closed.complete
2026-08-02 00:21:16  DEBUG     httpcore.http11  send_request_headers.started request=<Request [b'POST']>
2026-08-02 00:21:16  DEBUG     httpcore.http11  send_request_headers.complete
2026-08-02 00:21:16  DEBUG     httpcore.http11  send_request_body.started request=<Request [b'POST']>
2026-08-02 00:21:16  DEBUG     httpcore.http11  send_request_body.complete
2026-08-02 00:21:16  DEBUG     httpcore.http11  receive_response_headers.started request=<Request [b'POST']>
2026-08-02 00:21:17  DEBUG     httpcore.http11  receive_response_headers.complete return_value=(b'HTTP/1.1', 200, b'OK', [(b'Content-Type', b'application/json; charset=utf-8'), (b'Date', b'Sat, 01 Aug 2026 18:51:17 GMT'), (b'Transfer-Encoding', b'chunked')])
2026-08-02 00:21:17  INFO      httpx  HTTP Request: POST http://127.0.0.1:11434/api/embeddings "HTTP/1.1 200 OK"
2026-08-02 00:21:17  DEBUG     httpcore.http11  receive_response_body.started request=<Request [b'POST']>
2026-08-02 00:21:17  DEBUG     httpcore.http11  receive_response_body.complete
2026-08-02 00:21:17  DEBUG     httpcore.http11  response_closed.started
2026-08-02 00:21:17  DEBUG     httpcore.http11  response_closed.complete
2026-08-02 00:21:17  DEBUG     httpcore.http11  send_request_headers.started request=<Request [b'POST']>
2026-08-02 00:21:17  DEBUG     httpcore.http11  send_request_headers.complete
2026-08-02 00:21:17  DEBUG     httpcore.http11  send_request_body.started request=<Request [b'POST']>
2026-08-02 00:21:17  DEBUG     httpcore.http11  send_request_body.complete
2026-08-02 00:21:17  DEBUG     httpcore.http11  receive_response_headers.started request=<Request [b'POST']>
2026-08-02 00:21:18  DEBUG     httpcore.http11  receive_response_headers.complete return_value=(b'HTTP/1.1', 200, b'OK', [(b'Content-Type', b'application/json; charset=utf-8'), (b'Date', b'Sat, 01 Aug 2026 18:51:18 GMT'), (b'Transfer-Encoding', b'chunked')])
2026-08-02 00:21:18  INFO      httpx  HTTP Request: POST http://127.0.0.1:11434/api/embeddings "HTTP/1.1 200 OK"
2026-08-02 00:21:18  DEBUG     httpcore.http11  receive_response_body.started request=<Request [b'POST']>
2026-08-02 00:21:18  DEBUG     httpcore.http11  receive_response_body.complete
2026-08-02 00:21:18  DEBUG     httpcore.http11  response_closed.started
2026-08-02 00:21:18  DEBUG     httpcore.http11  response_closed.complete
2026-08-02 00:21:18  DEBUG     httpcore.http11  send_request_headers.started request=<Request [b'POST']>
2026-08-02 00:21:18  DEBUG     httpcore.http11  send_request_headers.complete
2026-08-02 00:21:18  DEBUG     httpcore.http11  send_request_body.started request=<Request [b'POST']>
2026-08-02 00:21:18  DEBUG     httpcore.http11  send_request_body.complete
2026-08-02 00:21:18  DEBUG     httpcore.http11  receive_response_headers.started request=<Request [b'POST']>
2026-08-02 00:21:19  DEBUG     httpcore.http11  receive_response_headers.complete return_value=(b'HTTP/1.1', 200, b'OK', [(b'Content-Type', b'application/json; charset=utf-8'), (b'Date', b'Sat, 01 Aug 2026 18:51:19 GMT'), (b'Transfer-Encoding', b'chunked')])
2026-08-02 00:21:19  INFO      httpx  HTTP Request: POST http://127.0.0.1:11434/api/embeddings "HTTP/1.1 200 OK"
2026-08-02 00:21:19  DEBUG     httpcore.http11  receive_response_body.started request=<Request [b'POST']>
2026-08-02 00:21:19  DEBUG     httpcore.http11  receive_response_body.complete
2026-08-02 00:21:19  DEBUG     httpcore.http11  response_closed.started
2026-08-02 00:21:19  DEBUG     httpcore.http11  response_closed.complete
2026-08-02 00:21:20  DEBUG     httpcore.http11  send_request_headers.started request=<Request [b'POST']>
2026-08-02 00:21:20  DEBUG     httpcore.http11  send_request_headers.complete
2026-08-02 00:21:20  DEBUG     httpcore.http11  send_request_body.started request=<Request [b'POST']>
2026-08-02 00:21:20  DEBUG     httpcore.http11  send_request_body.complete
2026-08-02 00:21:20  DEBUG     httpcore.http11  receive_response_headers.started request=<Request [b'POST']>
2026-08-02 00:21:21  DEBUG     httpcore.http11  receive_response_headers.complete return_value=(b'HTTP/1.1', 200, b'OK', [(b'Content-Type', b'application/json; charset=utf-8'), (b'Date', b'Sat, 01 Aug 2026 18:51:21 GMT'), (b'Transfer-Encoding', b'chunked')])
2026-08-02 00:21:21  INFO      httpx  HTTP Request: POST http://127.0.0.1:11434/api/embeddings "HTTP/1.1 200 OK"
2026-08-02 00:21:21  DEBUG     httpcore.http11  receive_response_body.started request=<Request [b'POST']>
2026-08-02 00:21:21  DEBUG     httpcore.http11  receive_response_body.complete
2026-08-02 00:21:21  DEBUG     httpcore.http11  response_closed.started
2026-08-02 00:21:21  DEBUG     httpcore.http11  response_closed.complete
2026-08-02 00:21:21  DEBUG     httpcore.http11  send_request_headers.started request=<Request [b'POST']>
2026-08-02 00:21:21  DEBUG     httpcore.http11  send_request_headers.complete
2026-08-02 00:21:21  DEBUG     httpcore.http11  send_request_body.started request=<Request [b'POST']>
2026-08-02 00:21:21  DEBUG     httpcore.http11  send_request_body.complete
2026-08-02 00:21:21  DEBUG     httpcore.http11  receive_response_headers.started request=<Request [b'POST']>
2026-08-02 00:21:22  DEBUG     httpcore.http11  receive_response_headers.complete return_value=(b'HTTP/1.1', 200, b'OK', [(b'Content-Type', b'application/json; charset=utf-8'), (b'Date', b'Sat, 01 Aug 2026 18:51:22 GMT'), (b'Transfer-Encoding', b'chunked')])
2026-08-02 00:21:22  INFO      httpx  HTTP Request: POST http://127.0.0.1:11434/api/embeddings "HTTP/1.1 200 OK"
2026-08-02 00:21:22  DEBUG     httpcore.http11  receive_response_body.started request=<Request [b'POST']>
2026-08-02 00:21:22  DEBUG     httpcore.http11  receive_response_body.complete
2026-08-02 00:21:22  DEBUG     httpcore.http11  response_closed.started
2026-08-02 00:21:22  DEBUG     httpcore.http11  response_closed.complete
2026-08-02 00:21:22  DEBUG     httpcore.http11  send_request_headers.started request=<Request [b'POST']>
2026-08-02 00:21:22  DEBUG     httpcore.http11  send_request_headers.complete
2026-08-02 00:21:22  DEBUG     httpcore.http11  send_request_body.started request=<Request [b'POST']>
2026-08-02 00:21:22  DEBUG     httpcore.http11  send_request_body.complete
2026-08-02 00:21:22  DEBUG     httpcore.http11  receive_response_headers.started request=<Request [b'POST']>
2026-08-02 00:21:22  DEBUG     httpcore.http11  receive_response_headers.complete return_value=(b'HTTP/1.1', 200, b'OK', [(b'Content-Type', b'application/json; charset=utf-8'), (b'Date', b'Sat, 01 Aug 2026 18:51:22 GMT'), (b'Transfer-Encoding', b'chunked')])
2026-08-02 00:21:22  INFO      httpx  HTTP Request: POST http://127.0.0.1:11434/api/embeddings "HTTP/1.1 200 OK"
2026-08-02 00:21:22  DEBUG     httpcore.http11  receive_response_body.started request=<Request [b'POST']>
2026-08-02 00:21:22  DEBUG     httpcore.http11  receive_response_body.complete
2026-08-02 00:21:22  DEBUG     httpcore.http11  response_closed.started
2026-08-02 00:21:22  DEBUG     httpcore.http11  response_closed.complete
2026-08-02 00:21:23  DEBUG     httpcore.http11  send_request_headers.started request=<Request [b'POST']>
2026-08-02 00:21:23  DEBUG     httpcore.http11  send_request_headers.complete
2026-08-02 00:21:23  DEBUG     httpcore.http11  send_request_body.started request=<Request [b'POST']>
2026-08-02 00:21:23  DEBUG     httpcore.http11  send_request_body.complete
2026-08-02 00:21:23  DEBUG     httpcore.http11  receive_response_headers.started request=<Request [b'POST']>
2026-08-02 00:21:23  DEBUG     httpcore.http11  receive_response_headers.complete return_value=(b'HTTP/1.1', 200, b'OK', [(b'Content-Type', b'application/json; charset=utf-8'), (b'Date', b'Sat, 01 Aug 2026 18:51:23 GMT'), (b'Transfer-Encoding', b'chunked')])
2026-08-02 00:21:23  INFO      httpx  HTTP Request: POST http://127.0.0.1:11434/api/embeddings "HTTP/1.1 200 OK"
2026-08-02 00:21:23  DEBUG     httpcore.http11  receive_response_body.started request=<Request [b'POST']>
2026-08-02 00:21:23  DEBUG     httpcore.http11  receive_response_body.complete
2026-08-02 00:21:23  DEBUG     httpcore.http11  response_closed.started
2026-08-02 00:21:23  DEBUG     httpcore.http11  response_closed.complete
2026-08-02 00:21:23  DEBUG     httpcore.http11  send_request_headers.started request=<Request [b'POST']>
2026-08-02 00:21:23  DEBUG     httpcore.http11  send_request_headers.complete
2026-08-02 00:21:23  DEBUG     httpcore.http11  send_request_body.started request=<Request [b'POST']>
2026-08-02 00:21:23  DEBUG     httpcore.http11  send_request_body.complete
2026-08-02 00:21:23  DEBUG     httpcore.http11  receive_response_headers.started request=<Request [b'POST']>
2026-08-02 00:21:24  DEBUG     httpcore.http11  receive_response_headers.complete return_value=(b'HTTP/1.1', 200, b'OK', [(b'Content-Type', b'application/json; charset=utf-8'), (b'Date', b'Sat, 01 Aug 2026 18:51:24 GMT'), (b'Transfer-Encoding', b'chunked')])
2026-08-02 00:21:24  INFO      httpx  HTTP Request: POST http://127.0.0.1:11434/api/embeddings "HTTP/1.1 200 OK"
2026-08-02 00:21:24  DEBUG     httpcore.http11  receive_response_body.started request=<Request [b'POST']>
2026-08-02 00:21:24  DEBUG     httpcore.http11  receive_response_body.complete
2026-08-02 00:21:24  DEBUG     httpcore.http11  response_closed.started
2026-08-02 00:21:24  DEBUG     httpcore.http11  response_closed.complete
2026-08-02 00:21:24  DEBUG     httpcore.http11  send_request_headers.started request=<Request [b'POST']>
2026-08-02 00:21:24  DEBUG     httpcore.http11  send_request_headers.complete
2026-08-02 00:21:24  DEBUG     httpcore.http11  send_request_body.started request=<Request [b'POST']>
2026-08-02 00:21:24  DEBUG     httpcore.http11  send_request_body.complete
2026-08-02 00:21:24  DEBUG     httpcore.http11  receive_response_headers.started request=<Request [b'POST']>
2026-08-02 00:21:25  DEBUG     httpcore.http11  receive_response_headers.complete return_value=(b'HTTP/1.1', 200, b'OK', [(b'Content-Type', b'application/json; charset=utf-8'), (b'Date', b'Sat, 01 Aug 2026 18:51:25 GMT'), (b'Transfer-Encoding', b'chunked')])
2026-08-02 00:21:25  INFO      httpx  HTTP Request: POST http://127.0.0.1:11434/api/embeddings "HTTP/1.1 200 OK"
2026-08-02 00:21:25  DEBUG     httpcore.http11  receive_response_body.started request=<Request [b'POST']>
2026-08-02 00:21:25  DEBUG     httpcore.http11  receive_response_body.complete
2026-08-02 00:21:25  DEBUG     httpcore.http11  response_closed.started
2026-08-02 00:21:25  DEBUG     httpcore.http11  response_closed.complete
2026-08-02 00:21:25  DEBUG     httpcore.http11  send_request_headers.started request=<Request [b'POST']>
2026-08-02 00:21:25  DEBUG     httpcore.http11  send_request_headers.complete
2026-08-02 00:21:25  DEBUG     httpcore.http11  send_request_body.started request=<Request [b'POST']>
2026-08-02 00:21:25  DEBUG     httpcore.http11  send_request_body.complete
2026-08-02 00:21:25  DEBUG     httpcore.http11  receive_response_headers.started request=<Request [b'POST']>
2026-08-02 00:21:26  DEBUG     httpcore.http11  receive_response_headers.complete return_value=(b'HTTP/1.1', 200, b'OK', [(b'Content-Type', b'application/json; charset=utf-8'), (b'Date', b'Sat, 01 Aug 2026 18:51:26 GMT'), (b'Transfer-Encoding', b'chunked')])
2026-08-02 00:21:26  INFO      httpx  HTTP Request: POST http://127.0.0.1:11434/api/embeddings "HTTP/1.1 200 OK"
2026-08-02 00:21:26  DEBUG     httpcore.http11  receive_response_body.started request=<Request [b'POST']>
2026-08-02 00:21:26  DEBUG     httpcore.http11  receive_response_body.complete
2026-08-02 00:21:26  DEBUG     httpcore.http11  response_closed.started
2026-08-02 00:21:26  DEBUG     httpcore.http11  response_closed.complete
2026-08-02 00:21:26  DEBUG     httpcore.http11  send_request_headers.started request=<Request [b'POST']>
2026-08-02 00:21:26  DEBUG     httpcore.http11  send_request_headers.complete
2026-08-02 00:21:26  DEBUG     httpcore.http11  send_request_body.started request=<Request [b'POST']>
2026-08-02 00:21:26  DEBUG     httpcore.http11  send_request_body.complete
2026-08-02 00:21:26  DEBUG     httpcore.http11  receive_response_headers.started request=<Request [b'POST']>
2026-08-02 00:21:27  DEBUG     httpcore.http11  receive_response_headers.complete return_value=(b'HTTP/1.1', 200, b'OK', [(b'Content-Type', b'application/json; charset=utf-8'), (b'Date', b'Sat, 01 Aug 2026 18:51:27 GMT'), (b'Transfer-Encoding', b'chunked')])
2026-08-02 00:21:27  INFO      httpx  HTTP Request: POST http://127.0.0.1:11434/api/embeddings "HTTP/1.1 200 OK"
2026-08-02 00:21:27  DEBUG     httpcore.http11  receive_response_body.started request=<Request [b'POST']>
2026-08-02 00:21:27  DEBUG     httpcore.http11  receive_response_body.complete
2026-08-02 00:21:27  DEBUG     httpcore.http11  response_closed.started
2026-08-02 00:21:27  DEBUG     httpcore.http11  response_closed.complete
2026-08-02 00:21:27  DEBUG     httpcore.http11  send_request_headers.started request=<Request [b'POST']>
2026-08-02 00:21:27  DEBUG     httpcore.http11  send_request_headers.complete
2026-08-02 00:21:27  DEBUG     httpcore.http11  send_request_body.started request=<Request [b'POST']>
2026-08-02 00:21:27  DEBUG     httpcore.http11  send_request_body.complete
2026-08-02 00:21:27  DEBUG     httpcore.http11  receive_response_headers.started request=<Request [b'POST']>
2026-08-02 00:21:28  DEBUG     httpcore.http11  receive_response_headers.complete return_value=(b'HTTP/1.1', 200, b'OK', [(b'Content-Type', b'application/json; charset=utf-8'), (b'Date', b'Sat, 01 Aug 2026 18:51:28 GMT'), (b'Transfer-Encoding', b'chunked')])
2026-08-02 00:21:28  INFO      httpx  HTTP Request: POST http://127.0.0.1:11434/api/embeddings "HTTP/1.1 200 OK"
2026-08-02 00:21:28  DEBUG     httpcore.http11  receive_response_body.started request=<Request [b'POST']>
2026-08-02 00:21:28  DEBUG     httpcore.http11  receive_response_body.complete
2026-08-02 00:21:28  DEBUG     httpcore.http11  response_closed.started
2026-08-02 00:21:28  DEBUG     httpcore.http11  response_closed.complete
2026-08-02 00:21:28  DEBUG     httpcore.http11  send_request_headers.started request=<Request [b'POST']>
2026-08-02 00:21:28  DEBUG     httpcore.http11  send_request_headers.complete
2026-08-02 00:21:28  DEBUG     httpcore.http11  send_request_body.started request=<Request [b'POST']>
2026-08-02 00:21:28  DEBUG     httpcore.http11  send_request_body.complete
2026-08-02 00:21:28  DEBUG     httpcore.http11  receive_response_headers.started request=<Request [b'POST']>
2026-08-02 00:21:29  DEBUG     httpcore.http11  receive_response_headers.complete return_value=(b'HTTP/1.1', 200, b'OK', [(b'Content-Type', b'application/json; charset=utf-8'), (b'Date', b'Sat, 01 Aug 2026 18:51:29 GMT'), (b'Transfer-Encoding', b'chunked')])
2026-08-02 00:21:29  INFO      httpx  HTTP Request: POST http://127.0.0.1:11434/api/embeddings "HTTP/1.1 200 OK"
2026-08-02 00:21:29  DEBUG     httpcore.http11  receive_response_body.started request=<Request [b'POST']>
2026-08-02 00:21:29  DEBUG     httpcore.http11  receive_response_body.complete
2026-08-02 00:21:29  DEBUG     httpcore.http11  response_closed.started
2026-08-02 00:21:29  DEBUG     httpcore.http11  response_closed.complete
2026-08-02 00:21:29  DEBUG     httpcore.http11  send_request_headers.started request=<Request [b'POST']>
2026-08-02 00:21:29  DEBUG     httpcore.http11  send_request_headers.complete
2026-08-02 00:21:29  DEBUG     httpcore.http11  send_request_body.started request=<Request [b'POST']>
2026-08-02 00:21:29  DEBUG     httpcore.http11  send_request_body.complete
2026-08-02 00:21:29  DEBUG     httpcore.http11  receive_response_headers.started request=<Request [b'POST']>
2026-08-02 00:21:30  DEBUG     httpcore.http11  receive_response_headers.complete return_value=(b'HTTP/1.1', 200, b'OK', [(b'Content-Type', b'application/json; charset=utf-8'), (b'Date', b'Sat, 01 Aug 2026 18:51:30 GMT'), (b'Transfer-Encoding', b'chunked')])
2026-08-02 00:21:30  INFO      httpx  HTTP Request: POST http://127.0.0.1:11434/api/embeddings "HTTP/1.1 200 OK"
2026-08-02 00:21:30  DEBUG     httpcore.http11  receive_response_body.started request=<Request [b'POST']>
2026-08-02 00:21:30  DEBUG     httpcore.http11  receive_response_body.complete
2026-08-02 00:21:30  DEBUG     httpcore.http11  response_closed.started
2026-08-02 00:21:30  DEBUG     httpcore.http11  response_closed.complete
2026-08-02 00:21:30  DEBUG     httpcore.http11  send_request_headers.started request=<Request [b'POST']>
2026-08-02 00:21:30  DEBUG     httpcore.http11  send_request_headers.complete
2026-08-02 00:21:30  DEBUG     httpcore.http11  send_request_body.started request=<Request [b'POST']>
2026-08-02 00:21:30  DEBUG     httpcore.http11  send_request_body.complete
2026-08-02 00:21:30  DEBUG     httpcore.http11  receive_response_headers.started request=<Request [b'POST']>
2026-08-02 00:21:32  DEBUG     httpcore.http11  receive_response_headers.complete return_value=(b'HTTP/1.1', 200, b'OK', [(b'Content-Type', b'application/json; charset=utf-8'), (b'Date', b'Sat, 01 Aug 2026 18:51:32 GMT'), (b'Transfer-Encoding', b'chunked')])
2026-08-02 00:21:32  INFO      httpx  HTTP Request: POST http://127.0.0.1:11434/api/embeddings "HTTP/1.1 200 OK"
2026-08-02 00:21:32  DEBUG     httpcore.http11  receive_response_body.started request=<Request [b'POST']>
2026-08-02 00:21:32  DEBUG     httpcore.http11  receive_response_body.complete
2026-08-02 00:21:32  DEBUG     httpcore.http11  response_closed.started
2026-08-02 00:21:32  DEBUG     httpcore.http11  response_closed.complete
2026-08-02 00:21:32  DEBUG     httpcore.http11  send_request_headers.started request=<Request [b'POST']>
2026-08-02 00:21:32  DEBUG     httpcore.http11  send_request_headers.complete
2026-08-02 00:21:32  DEBUG     httpcore.http11  send_request_body.started request=<Request [b'POST']>
2026-08-02 00:21:32  DEBUG     httpcore.http11  send_request_body.complete
2026-08-02 00:21:32  DEBUG     httpcore.http11  receive_response_headers.started request=<Request [b'POST']>
2026-08-02 00:21:33  DEBUG     httpcore.http11  receive_response_headers.complete return_value=(b'HTTP/1.1', 200, b'OK', [(b'Content-Type', b'application/json; charset=utf-8'), (b'Date', b'Sat, 01 Aug 2026 18:51:33 GMT'), (b'Transfer-Encoding', b'chunked')])
2026-08-02 00:21:33  INFO      httpx  HTTP Request: POST http://127.0.0.1:11434/api/embeddings "HTTP/1.1 200 OK"
2026-08-02 00:21:33  DEBUG     httpcore.http11  receive_response_body.started request=<Request [b'POST']>
2026-08-02 00:21:33  DEBUG     httpcore.http11  receive_response_body.complete
2026-08-02 00:21:33  DEBUG     httpcore.http11  response_closed.started
2026-08-02 00:21:33  DEBUG     httpcore.http11  response_closed.complete
2026-08-02 00:21:33  DEBUG     httpcore.http11  send_request_headers.started request=<Request [b'POST']>
2026-08-02 00:21:33  DEBUG     httpcore.http11  send_request_headers.complete
2026-08-02 00:21:33  DEBUG     httpcore.http11  send_request_body.started request=<Request [b'POST']>
2026-08-02 00:21:33  DEBUG     httpcore.http11  send_request_body.complete
2026-08-02 00:21:33  DEBUG     httpcore.http11  receive_response_headers.started request=<Request [b'POST']>
2026-08-02 00:21:35  DEBUG     httpcore.http11  receive_response_headers.complete return_value=(b'HTTP/1.1', 200, b'OK', [(b'Content-Type', b'application/json; charset=utf-8'), (b'Date', b'Sat, 01 Aug 2026 18:51:35 GMT'), (b'Transfer-Encoding', b'chunked')])
2026-08-02 00:21:35  INFO      httpx  HTTP Request: POST http://127.0.0.1:11434/api/embeddings "HTTP/1.1 200 OK"
2026-08-02 00:21:35  DEBUG     httpcore.http11  receive_response_body.started request=<Request [b'POST']>
2026-08-02 00:21:35  DEBUG     httpcore.http11  receive_response_body.complete
2026-08-02 00:21:35  DEBUG     httpcore.http11  response_closed.started
2026-08-02 00:21:35  DEBUG     httpcore.http11  response_closed.complete
2026-08-02 00:21:35  DEBUG     httpcore.http11  send_request_headers.started request=<Request [b'POST']>
2026-08-02 00:21:35  DEBUG     httpcore.http11  send_request_headers.complete
2026-08-02 00:21:35  DEBUG     httpcore.http11  send_request_body.started request=<Request [b'POST']>
2026-08-02 00:21:35  DEBUG     httpcore.http11  send_request_body.complete
2026-08-02 00:21:35  DEBUG     httpcore.http11  receive_response_headers.started request=<Request [b'POST']>
2026-08-02 00:21:36  DEBUG     httpcore.http11  receive_response_headers.complete return_value=(b'HTTP/1.1', 200, b'OK', [(b'Content-Type', b'application/json; charset=utf-8'), (b'Date', b'Sat, 01 Aug 2026 18:51:36 GMT'), (b'Transfer-Encoding', b'chunked')])
2026-08-02 00:21:36  INFO      httpx  HTTP Request: POST http://127.0.0.1:11434/api/embeddings "HTTP/1.1 200 OK"
2026-08-02 00:21:36  DEBUG     httpcore.http11  receive_response_body.started request=<Request [b'POST']>
2026-08-02 00:21:36  DEBUG     httpcore.http11  receive_response_body.complete
2026-08-02 00:21:36  DEBUG     httpcore.http11  response_closed.started
2026-08-02 00:21:36  DEBUG     httpcore.http11  response_closed.complete
2026-08-02 00:21:36  DEBUG     httpcore.http11  send_request_headers.started request=<Request [b'POST']>
2026-08-02 00:21:36  DEBUG     httpcore.http11  send_request_headers.complete
2026-08-02 00:21:36  DEBUG     httpcore.http11  send_request_body.started request=<Request [b'POST']>
2026-08-02 00:21:36  DEBUG     httpcore.http11  send_request_body.complete
2026-08-02 00:21:36  DEBUG     httpcore.http11  receive_response_headers.started request=<Request [b'POST']>
2026-08-02 00:21:38  DEBUG     httpcore.http11  receive_response_headers.complete return_value=(b'HTTP/1.1', 200, b'OK', [(b'Content-Type', b'application/json; charset=utf-8'), (b'Date', b'Sat, 01 Aug 2026 18:51:38 GMT'), (b'Transfer-Encoding', b'chunked')])
2026-08-02 00:21:38  INFO      httpx  HTTP Request: POST http://127.0.0.1:11434/api/embeddings "HTTP/1.1 200 OK"
2026-08-02 00:21:38  DEBUG     httpcore.http11  receive_response_body.started request=<Request [b'POST']>
2026-08-02 00:21:38  DEBUG     httpcore.http11  receive_response_body.complete
2026-08-02 00:21:38  DEBUG     httpcore.http11  response_closed.started
2026-08-02 00:21:38  DEBUG     httpcore.http11  response_closed.complete
2026-08-02 00:21:38  DEBUG     httpcore.http11  send_request_headers.started request=<Request [b'POST']>
2026-08-02 00:21:38  DEBUG     httpcore.http11  send_request_headers.complete
2026-08-02 00:21:38  DEBUG     httpcore.http11  send_request_body.started request=<Request [b'POST']>
2026-08-02 00:21:38  DEBUG     httpcore.http11  send_request_body.complete
2026-08-02 00:21:38  DEBUG     httpcore.http11  receive_response_headers.started request=<Request [b'POST']>
2026-08-02 00:21:39  DEBUG     httpcore.http11  receive_response_headers.complete return_value=(b'HTTP/1.1', 200, b'OK', [(b'Content-Type', b'application/json; charset=utf-8'), (b'Date', b'Sat, 01 Aug 2026 18:51:39 GMT'), (b'Transfer-Encoding', b'chunked')])
2026-08-02 00:21:39  INFO      httpx  HTTP Request: POST http://127.0.0.1:11434/api/embeddings "HTTP/1.1 200 OK"
2026-08-02 00:21:39  DEBUG     httpcore.http11  receive_response_body.started request=<Request [b'POST']>
2026-08-02 00:21:39  DEBUG     httpcore.http11  receive_response_body.complete
2026-08-02 00:21:39  DEBUG     httpcore.http11  response_closed.started
2026-08-02 00:21:39  DEBUG     httpcore.http11  response_closed.complete
2026-08-02 00:21:39  DEBUG     httpcore.http11  send_request_headers.started request=<Request [b'POST']>
2026-08-02 00:21:39  DEBUG     httpcore.http11  send_request_headers.complete
2026-08-02 00:21:39  DEBUG     httpcore.http11  send_request_body.started request=<Request [b'POST']>
2026-08-02 00:21:39  DEBUG     httpcore.http11  send_request_body.complete
2026-08-02 00:21:39  DEBUG     httpcore.http11  receive_response_headers.started request=<Request [b'POST']>
2026-08-02 00:21:41  DEBUG     httpcore.http11  receive_response_headers.complete return_value=(b'HTTP/1.1', 200, b'OK', [(b'Content-Type', b'application/json; charset=utf-8'), (b'Date', b'Sat, 01 Aug 2026 18:51:41 GMT'), (b'Transfer-Encoding', b'chunked')])
2026-08-02 00:21:41  INFO      httpx  HTTP Request: POST http://127.0.0.1:11434/api/embeddings "HTTP/1.1 200 OK"
2026-08-02 00:21:41  DEBUG     httpcore.http11  receive_response_body.started request=<Request [b'POST']>
2026-08-02 00:21:41  DEBUG     httpcore.http11  receive_response_body.complete
2026-08-02 00:21:41  DEBUG     httpcore.http11  response_closed.started
2026-08-02 00:21:41  DEBUG     httpcore.http11  response_closed.complete
2026-08-02 00:21:41  DEBUG     httpcore.http11  send_request_headers.started request=<Request [b'POST']>
2026-08-02 00:21:41  DEBUG     httpcore.http11  send_request_headers.complete
2026-08-02 00:21:41  DEBUG     httpcore.http11  send_request_body.started request=<Request [b'POST']>
2026-08-02 00:21:41  DEBUG     httpcore.http11  send_request_body.complete
2026-08-02 00:21:41  DEBUG     httpcore.http11  receive_response_headers.started request=<Request [b'POST']>
2026-08-02 00:21:42  DEBUG     httpcore.http11  receive_response_headers.complete return_value=(b'HTTP/1.1', 200, b'OK', [(b'Content-Type', b'application/json; charset=utf-8'), (b'Date', b'Sat, 01 Aug 2026 18:51:42 GMT'), (b'Transfer-Encoding', b'chunked')])
2026-08-02 00:21:42  INFO      httpx  HTTP Request: POST http://127.0.0.1:11434/api/embeddings "HTTP/1.1 200 OK"
2026-08-02 00:21:42  DEBUG     httpcore.http11  receive_response_body.started request=<Request [b'POST']>
2026-08-02 00:21:42  DEBUG     httpcore.http11  receive_response_body.complete
2026-08-02 00:21:42  DEBUG     httpcore.http11  response_closed.started
2026-08-02 00:21:42  DEBUG     httpcore.http11  response_closed.complete
2026-08-02 00:21:42  DEBUG     httpcore.http11  send_request_headers.started request=<Request [b'POST']>
2026-08-02 00:21:42  DEBUG     httpcore.http11  send_request_headers.complete
2026-08-02 00:21:42  DEBUG     httpcore.http11  send_request_body.started request=<Request [b'POST']>
2026-08-02 00:21:42  DEBUG     httpcore.http11  send_request_body.complete
2026-08-02 00:21:42  DEBUG     httpcore.http11  receive_response_headers.started request=<Request [b'POST']>
2026-08-02 00:21:44  DEBUG     httpcore.http11  receive_response_headers.complete return_value=(b'HTTP/1.1', 200, b'OK', [(b'Content-Type', b'application/json; charset=utf-8'), (b'Date', b'Sat, 01 Aug 2026 18:51:44 GMT'), (b'Transfer-Encoding', b'chunked')])
2026-08-02 00:21:44  INFO      httpx  HTTP Request: POST http://127.0.0.1:11434/api/embeddings "HTTP/1.1 200 OK"
2026-08-02 00:21:44  DEBUG     httpcore.http11  receive_response_body.started request=<Request [b'POST']>
2026-08-02 00:21:44  DEBUG     httpcore.http11  receive_response_body.complete
2026-08-02 00:21:44  DEBUG     httpcore.http11  response_closed.started
2026-08-02 00:21:44  DEBUG     httpcore.http11  response_closed.complete
2026-08-02 00:21:44  DEBUG     httpcore.http11  send_request_headers.started request=<Request [b'POST']>
2026-08-02 00:21:44  DEBUG     httpcore.http11  send_request_headers.complete
2026-08-02 00:21:44  DEBUG     httpcore.http11  send_request_body.started request=<Request [b'POST']>
2026-08-02 00:21:44  DEBUG     httpcore.http11  send_request_body.complete
2026-08-02 00:21:44  DEBUG     httpcore.http11  receive_response_headers.started request=<Request [b'POST']>
2026-08-02 00:21:45  DEBUG     httpcore.http11  receive_response_headers.complete return_value=(b'HTTP/1.1', 200, b'OK', [(b'Content-Type', b'application/json; charset=utf-8'), (b'Date', b'Sat, 01 Aug 2026 18:51:45 GMT'), (b'Transfer-Encoding', b'chunked')])
2026-08-02 00:21:45  INFO      httpx  HTTP Request: POST http://127.0.0.1:11434/api/embeddings "HTTP/1.1 200 OK"
2026-08-02 00:21:45  DEBUG     httpcore.http11  receive_response_body.started request=<Request [b'POST']>
2026-08-02 00:21:45  DEBUG     httpcore.http11  receive_response_body.complete
2026-08-02 00:21:45  DEBUG     httpcore.http11  response_closed.started
2026-08-02 00:21:45  DEBUG     httpcore.http11  response_closed.complete
2026-08-02 00:21:45  DEBUG     httpcore.http11  send_request_headers.started request=<Request [b'POST']>
2026-08-02 00:21:45  DEBUG     httpcore.http11  send_request_headers.complete
2026-08-02 00:21:45  DEBUG     httpcore.http11  send_request_body.started request=<Request [b'POST']>
2026-08-02 00:21:45  DEBUG     httpcore.http11  send_request_body.complete
2026-08-02 00:21:45  DEBUG     httpcore.http11  receive_response_headers.started request=<Request [b'POST']>
2026-08-02 00:21:47  DEBUG     httpcore.http11  receive_response_headers.complete return_value=(b'HTTP/1.1', 200, b'OK', [(b'Content-Type', b'application/json; charset=utf-8'), (b'Date', b'Sat, 01 Aug 2026 18:51:47 GMT'), (b'Transfer-Encoding', b'chunked')])
2026-08-02 00:21:47  INFO      httpx  HTTP Request: POST http://127.0.0.1:11434/api/embeddings "HTTP/1.1 200 OK"
2026-08-02 00:21:47  DEBUG     httpcore.http11  receive_response_body.started request=<Request [b'POST']>
2026-08-02 00:21:47  DEBUG     httpcore.http11  receive_response_body.complete
2026-08-02 00:21:47  DEBUG     httpcore.http11  response_closed.started
2026-08-02 00:21:47  DEBUG     httpcore.http11  response_closed.complete
2026-08-02 00:21:48  DEBUG     httpcore.http11  send_request_headers.started request=<Request [b'POST']>
2026-08-02 00:21:48  DEBUG     httpcore.http11  send_request_headers.complete
2026-08-02 00:21:48  DEBUG     httpcore.http11  send_request_body.started request=<Request [b'POST']>
2026-08-02 00:21:48  DEBUG     httpcore.http11  send_request_body.complete
2026-08-02 00:21:48  DEBUG     httpcore.http11  receive_response_headers.started request=<Request [b'POST']>
2026-08-02 00:21:49  DEBUG     httpcore.http11  receive_response_headers.complete return_value=(b'HTTP/1.1', 200, b'OK', [(b'Content-Type', b'application/json; charset=utf-8'), (b'Date', b'Sat, 01 Aug 2026 18:51:49 GMT'), (b'Transfer-Encoding', b'chunked')])
2026-08-02 00:21:49  INFO      httpx  HTTP Request: POST http://127.0.0.1:11434/api/embeddings "HTTP/1.1 200 OK"
2026-08-02 00:21:49  DEBUG     httpcore.http11  receive_response_body.started request=<Request [b'POST']>
2026-08-02 00:21:49  DEBUG     httpcore.http11  receive_response_body.complete
2026-08-02 00:21:49  DEBUG     httpcore.http11  response_closed.started
2026-08-02 00:21:49  DEBUG     httpcore.http11  response_closed.complete
2026-08-02 00:21:50  DEBUG     httpcore.http11  send_request_headers.started request=<Request [b'POST']>
2026-08-02 00:21:50  DEBUG     httpcore.http11  send_request_headers.complete
2026-08-02 00:21:50  DEBUG     httpcore.http11  send_request_body.started request=<Request [b'POST']>
2026-08-02 00:21:50  DEBUG     httpcore.http11  send_request_body.complete
2026-08-02 00:21:50  DEBUG     httpcore.http11  receive_response_headers.started request=<Request [b'POST']>
2026-08-02 00:21:51  DEBUG     httpcore.http11  receive_response_headers.complete return_value=(b'HTTP/1.1', 200, b'OK', [(b'Content-Type', b'application/json; charset=utf-8'), (b'Date', b'Sat, 01 Aug 2026 18:51:51 GMT'), (b'Transfer-Encoding', b'chunked')])
2026-08-02 00:21:51  INFO      httpx  HTTP Request: POST http://127.0.0.1:11434/api/embeddings "HTTP/1.1 200 OK"
2026-08-02 00:21:51  DEBUG     httpcore.http11  receive_response_body.started request=<Request [b'POST']>
2026-08-02 00:21:51  DEBUG     httpcore.http11  receive_response_body.complete
2026-08-02 00:21:51  DEBUG     httpcore.http11  response_closed.started
2026-08-02 00:21:51  DEBUG     httpcore.http11  response_closed.complete
2026-08-02 00:21:51  DEBUG     httpcore.http11  send_request_headers.started request=<Request [b'POST']>
2026-08-02 00:21:51  DEBUG     httpcore.http11  send_request_headers.complete
2026-08-02 00:21:51  DEBUG     httpcore.http11  send_request_body.started request=<Request [b'POST']>
2026-08-02 00:21:51  DEBUG     httpcore.http11  send_request_body.complete
2026-08-02 00:21:51  DEBUG     httpcore.http11  receive_response_headers.started request=<Request [b'POST']>
2026-08-02 00:21:52  DEBUG     httpcore.http11  receive_response_headers.complete return_value=(b'HTTP/1.1', 200, b'OK', [(b'Content-Type', b'application/json; charset=utf-8'), (b'Date', b'Sat, 01 Aug 2026 18:51:52 GMT'), (b'Transfer-Encoding', b'chunked')])
2026-08-02 00:21:52  INFO      httpx  HTTP Request: POST http://127.0.0.1:11434/api/embeddings "HTTP/1.1 200 OK"
2026-08-02 00:21:52  DEBUG     httpcore.http11  receive_response_body.started request=<Request [b'POST']>
2026-08-02 00:21:52  DEBUG     httpcore.http11  receive_response_body.complete
2026-08-02 00:21:52  DEBUG     httpcore.http11  response_closed.started
2026-08-02 00:21:52  DEBUG     httpcore.http11  response_closed.complete
2026-08-02 00:21:53  DEBUG     httpcore.http11  send_request_headers.started request=<Request [b'POST']>
2026-08-02 00:21:54  DEBUG     httpcore.http11  send_request_headers.complete
2026-08-02 00:21:54  DEBUG     httpcore.http11  receive_response_headers.complete return_value=(b'HTTP/1.1', 200, b'OK', [(b'Content-Type', b'application/json; charset=utf-8'), (b'Date', b'Sat, 01 Aug 2026 18:51:54 GMT'), (b'Transfer-Encoding', b'chunked')])
2026-08-02 00:21:54  INFO      httpx  HTTP Request: POST http://127.0.0.1:11434/api/embeddings "HTTP/1.1 200 OK"
2026-08-02 00:21:54  DEBUG     httpcore.http11  receive_response_body.started request=<Request [b'POST']>
2026-08-02 00:21:54  DEBUG     httpcore.http11  receive_response_body.complete
2026-08-02 00:21:54  DEBUG     httpcore.http11  response_closed.started
2026-08-02 00:21:54  DEBUG     httpcore.http11  response_closed.complete
2026-08-02 00:21:54  DEBUG     httpcore.http11  send_request_body.started request=<Request [b'POST']>
2026-08-02 00:21:54  DEBUG     httpcore.http11  send_request_headers.started request=<Request [b'POST']>
2026-08-02 00:21:54  DEBUG     httpcore.http11  send_request_body.complete
2026-08-02 00:21:54  DEBUG     httpcore.http11  send_request_headers.complete
2026-08-02 00:21:54  DEBUG     httpcore.http11  send_request_body.started request=<Request [b'POST']>
2026-08-02 00:21:54  DEBUG     httpcore.http11  send_request_body.complete
2026-08-02 00:21:54  DEBUG     httpcore.http11  receive_response_headers.started request=<Request [b'POST']>
2026-08-02 00:21:54  DEBUG     httpcore.http11  receive_response_headers.started request=<Request [b'POST']>
2026-08-02 00:21:55  DEBUG     httpcore.http11  receive_response_headers.complete return_value=(b'HTTP/1.1', 200, b'OK', [(b'Content-Type', b'application/json; charset=utf-8'), (b'Date', b'Sat, 01 Aug 2026 18:51:55 GMT'), (b'Transfer-Encoding', b'chunked')])
2026-08-02 00:21:55  INFO      httpx  HTTP Request: POST http://127.0.0.1:11434/api/embeddings "HTTP/1.1 200 OK"
2026-08-02 00:21:55  DEBUG     httpcore.http11  receive_response_body.started request=<Request [b'POST']>
2026-08-02 00:21:55  DEBUG     httpcore.http11  receive_response_body.complete
2026-08-02 00:21:55  DEBUG     httpcore.http11  response_closed.started
2026-08-02 00:21:55  DEBUG     httpcore.http11  response_closed.complete
2026-08-02 00:21:55  DEBUG     httpcore.http11  send_request_headers.started request=<Request [b'POST']>
2026-08-02 00:21:55  DEBUG     httpcore.http11  send_request_headers.complete
2026-08-02 00:21:55  DEBUG     httpcore.http11  send_request_body.started request=<Request [b'POST']>
2026-08-02 00:21:55  DEBUG     httpcore.http11  send_request_body.complete
2026-08-02 00:21:55  DEBUG     httpcore.http11  receive_response_headers.started request=<Request [b'POST']>
2026-08-02 00:21:57  DEBUG     httpcore.http11  receive_response_headers.complete return_value=(b'HTTP/1.1', 200, b'OK', [(b'Content-Type', b'application/json; charset=utf-8'), (b'Date', b'Sat, 01 Aug 2026 18:51:57 GMT'), (b'Transfer-Encoding', b'chunked')])
2026-08-02 00:21:57  INFO      httpx  HTTP Request: POST http://127.0.0.1:11434/api/embeddings "HTTP/1.1 200 OK"
2026-08-02 00:21:57  DEBUG     httpcore.http11  receive_response_body.started request=<Request [b'POST']>
2026-08-02 00:21:57  DEBUG     httpcore.http11  receive_response_body.complete
2026-08-02 00:21:57  DEBUG     httpcore.http11  response_closed.started
2026-08-02 00:21:57  DEBUG     httpcore.http11  response_closed.complete
2026-08-02 00:21:57  DEBUG     httpcore.http11  send_request_headers.started request=<Request [b'POST']>
2026-08-02 00:21:57  DEBUG     httpcore.http11  send_request_headers.complete
2026-08-02 00:21:57  DEBUG     httpcore.http11  send_request_body.started request=<Request [b'POST']>
2026-08-02 00:21:57  DEBUG     httpcore.http11  send_request_body.complete
2026-08-02 00:21:57  DEBUG     httpcore.http11  receive_response_headers.started request=<Request [b'POST']>
2026-08-02 00:22:00  DEBUG     httpcore.http11  receive_response_headers.complete return_value=(b'HTTP/1.1', 200, b'OK', [(b'Content-Type', b'application/json; charset=utf-8'), (b'Date', b'Sat, 01 Aug 2026 18:52:00 GMT'), (b'Transfer-Encoding', b'chunked')])
2026-08-02 00:22:00  INFO      httpx  HTTP Request: POST http://127.0.0.1:11434/api/embeddings "HTTP/1.1 200 OK"
2026-08-02 00:22:00  DEBUG     httpcore.http11  receive_response_body.started request=<Request [b'POST']>
2026-08-02 00:22:00  DEBUG     httpcore.http11  receive_response_body.complete
2026-08-02 00:22:00  DEBUG     httpcore.http11  response_closed.started
2026-08-02 00:22:00  DEBUG     httpcore.http11  response_closed.complete
2026-08-02 00:22:00  DEBUG     httpcore.http11  send_request_headers.started request=<Request [b'POST']>
2026-08-02 00:22:00  DEBUG     httpcore.http11  send_request_headers.complete
2026-08-02 00:22:00  DEBUG     httpcore.http11  send_request_body.started request=<Request [b'POST']>
2026-08-02 00:22:00  DEBUG     httpcore.http11  send_request_body.complete
2026-08-02 00:22:00  DEBUG     httpcore.http11  receive_response_headers.started request=<Request [b'POST']>
2026-08-02 00:22:02  DEBUG     httpcore.http11  receive_response_headers.complete return_value=(b'HTTP/1.1', 200, b'OK', [(b'Content-Type', b'application/json; charset=utf-8'), (b'Date', b'Sat, 01 Aug 2026 18:52:02 GMT'), (b'Transfer-Encoding', b'chunked')])
2026-08-02 00:22:02  INFO      httpx  HTTP Request: POST http://127.0.0.1:11434/api/embeddings "HTTP/1.1 200 OK"
2026-08-02 00:22:02  DEBUG     httpcore.http11  receive_response_body.started request=<Request [b'POST']>
2026-08-02 00:22:02  DEBUG     httpcore.http11  receive_response_body.complete
2026-08-02 00:22:02  DEBUG     httpcore.http11  response_closed.started
2026-08-02 00:22:02  DEBUG     httpcore.http11  response_closed.complete
2026-08-02 00:22:02  DEBUG     httpcore.http11  send_request_headers.started request=<Request [b'POST']>
2026-08-02 00:22:02  DEBUG     httpcore.http11  send_request_headers.complete
2026-08-02 00:22:02  DEBUG     httpcore.http11  send_request_body.started request=<Request [b'POST']>
2026-08-02 00:22:02  DEBUG     httpcore.http11  send_request_body.complete
2026-08-02 00:22:02  DEBUG     httpcore.http11  receive_response_headers.started request=<Request [b'POST']>
2026-08-02 00:22:04  DEBUG     httpcore.http11  receive_response_headers.complete return_value=(b'HTTP/1.1', 200, b'OK', [(b'Content-Type', b'application/json; charset=utf-8'), (b'Date', b'Sat, 01 Aug 2026 18:52:04 GMT'), (b'Transfer-Encoding', b'chunked')])
2026-08-02 00:22:04  INFO      httpx  HTTP Request: POST http://127.0.0.1:11434/api/embeddings "HTTP/1.1 200 OK"
2026-08-02 00:22:04  DEBUG     httpcore.http11  receive_response_body.started request=<Request [b'POST']>
2026-08-02 00:22:04  DEBUG     httpcore.http11  receive_response_body.complete
2026-08-02 00:22:04  DEBUG     httpcore.http11  response_closed.started
2026-08-02 00:22:04  DEBUG     httpcore.http11  response_closed.complete
2026-08-02 00:22:05  DEBUG     httpcore.http11  send_request_headers.started request=<Request [b'POST']>
2026-08-02 00:22:05  DEBUG     httpcore.http11  send_request_headers.complete
2026-08-02 00:22:05  DEBUG     httpcore.http11  send_request_body.started request=<Request [b'POST']>
2026-08-02 00:22:05  DEBUG     httpcore.http11  send_request_body.complete
2026-08-02 00:22:05  DEBUG     httpcore.http11  receive_response_headers.started request=<Request [b'POST']>
2026-08-02 00:22:06  DEBUG     httpcore.http11  receive_response_headers.complete return_value=(b'HTTP/1.1', 200, b'OK', [(b'Content-Type', b'application/json; charset=utf-8'), (b'Date', b'Sat, 01 Aug 2026 18:52:06 GMT'), (b'Transfer-Encoding', b'chunked')])
2026-08-02 00:22:06  INFO      httpx  HTTP Request: POST http://127.0.0.1:11434/api/embeddings "HTTP/1.1 200 OK"
2026-08-02 00:22:06  DEBUG     httpcore.http11  receive_response_body.started request=<Request [b'POST']>
2026-08-02 00:22:06  DEBUG     httpcore.http11  receive_response_body.complete
2026-08-02 00:22:06  DEBUG     httpcore.http11  response_closed.started
2026-08-02 00:22:06  DEBUG     httpcore.http11  response_closed.complete
2026-08-02 00:22:06  DEBUG     httpcore.http11  send_request_headers.started request=<Request [b'POST']>
2026-08-02 00:22:06  DEBUG     httpcore.http11  send_request_headers.complete
2026-08-02 00:22:06  DEBUG     httpcore.http11  send_request_body.started request=<Request [b'POST']>
2026-08-02 00:22:06  DEBUG     httpcore.http11  send_request_body.complete
2026-08-02 00:22:06  DEBUG     httpcore.http11  receive_response_headers.started request=<Request [b'POST']>
2026-08-02 00:22:09  DEBUG     httpcore.http11  receive_response_headers.complete return_value=(b'HTTP/1.1', 200, b'OK', [(b'Content-Type', b'application/json; charset=utf-8'), (b'Date', b'Sat, 01 Aug 2026 18:52:09 GMT'), (b'Transfer-Encoding', b'chunked')])
2026-08-02 00:22:09  INFO      httpx  HTTP Request: POST http://127.0.0.1:11434/api/embeddings "HTTP/1.1 200 OK"
2026-08-02 00:22:09  DEBUG     httpcore.http11  receive_response_body.started request=<Request [b'POST']>
2026-08-02 00:22:09  DEBUG     httpcore.http11  receive_response_body.complete
2026-08-02 00:22:09  DEBUG     httpcore.http11  response_closed.started
2026-08-02 00:22:09  DEBUG     httpcore.http11  response_closed.complete
2026-08-02 00:22:09  DEBUG     httpcore.http11  send_request_headers.started request=<Request [b'POST']>
2026-08-02 00:22:09  DEBUG     httpcore.http11  send_request_headers.complete
2026-08-02 00:22:09  DEBUG     httpcore.http11  send_request_body.started request=<Request [b'POST']>
2026-08-02 00:22:09  DEBUG     httpcore.http11  send_request_body.complete
2026-08-02 00:22:09  DEBUG     httpcore.http11  receive_response_headers.started request=<Request [b'POST']>
2026-08-02 00:22:10  DEBUG     httpcore.http11  receive_response_headers.complete return_value=(b'HTTP/1.1', 200, b'OK', [(b'Content-Type', b'application/json; charset=utf-8'), (b'Date', b'Sat, 01 Aug 2026 18:52:10 GMT'), (b'Transfer-Encoding', b'chunked')])
2026-08-02 00:22:10  INFO      httpx  HTTP Request: POST http://127.0.0.1:11434/api/embeddings "HTTP/1.1 200 OK"
2026-08-02 00:22:10  DEBUG     httpcore.http11  receive_response_body.started request=<Request [b'POST']>
2026-08-02 00:22:10  DEBUG     httpcore.http11  receive_response_body.complete
2026-08-02 00:22:10  DEBUG     httpcore.http11  response_closed.started
2026-08-02 00:22:10  DEBUG     httpcore.http11  response_closed.complete
2026-08-02 00:22:10  DEBUG     httpcore.http11  send_request_headers.started request=<Request [b'POST']>
2026-08-02 00:22:10  DEBUG     httpcore.http11  send_request_headers.complete
2026-08-02 00:22:10  DEBUG     httpcore.http11  send_request_body.started request=<Request [b'POST']>
2026-08-02 00:22:10  DEBUG     httpcore.http11  send_request_body.complete
2026-08-02 00:22:10  DEBUG     httpcore.http11  receive_response_headers.started request=<Request [b'POST']>
2026-08-02 00:22:12  DEBUG     httpcore.http11  receive_response_headers.complete return_value=(b'HTTP/1.1', 200, b'OK', [(b'Content-Type', b'application/json; charset=utf-8'), (b'Date', b'Sat, 01 Aug 2026 18:52:12 GMT'), (b'Transfer-Encoding', b'chunked')])
2026-08-02 00:22:12  INFO      httpx  HTTP Request: POST http://127.0.0.1:11434/api/embeddings "HTTP/1.1 200 OK"
2026-08-02 00:22:12  DEBUG     httpcore.http11  receive_response_body.started request=<Request [b'POST']>
2026-08-02 00:22:12  DEBUG     httpcore.http11  receive_response_body.complete
2026-08-02 00:22:12  DEBUG     httpcore.http11  response_closed.started
2026-08-02 00:22:12  DEBUG     httpcore.http11  response_closed.complete
2026-08-02 00:22:12  DEBUG     httpcore.http11  send_request_headers.started request=<Request [b'POST']>
2026-08-02 00:22:12  DEBUG     httpcore.http11  send_request_headers.complete
2026-08-02 00:22:12  DEBUG     httpcore.http11  send_request_body.started request=<Request [b'POST']>
2026-08-02 00:22:12  DEBUG     httpcore.http11  send_request_body.complete
2026-08-02 00:22:12  DEBUG     httpcore.http11  receive_response_headers.started request=<Request [b'POST']>
2026-08-02 00:22:13  DEBUG     httpcore.http11  receive_response_headers.complete return_value=(b'HTTP/1.1', 200, b'OK', [(b'Content-Type', b'application/json; charset=utf-8'), (b'Date', b'Sat, 01 Aug 2026 18:52:13 GMT'), (b'Transfer-Encoding', b'chunked')])
2026-08-02 00:22:13  INFO      httpx  HTTP Request: POST http://127.0.0.1:11434/api/embeddings "HTTP/1.1 200 OK"
2026-08-02 00:22:13  DEBUG     httpcore.http11  receive_response_body.started request=<Request [b'POST']>
2026-08-02 00:22:13  DEBUG     httpcore.http11  receive_response_body.complete
2026-08-02 00:22:13  DEBUG     httpcore.http11  response_closed.started
2026-08-02 00:22:13  DEBUG     httpcore.http11  response_closed.complete
2026-08-02 00:22:14  DEBUG     httpcore.http11  send_request_headers.started request=<Request [b'POST']>
2026-08-02 00:22:14  DEBUG     httpcore.http11  send_request_headers.complete
2026-08-02 00:22:14  DEBUG     httpcore.http11  send_request_body.started request=<Request [b'POST']>
2026-08-02 00:22:14  DEBUG     httpcore.http11  send_request_body.complete
2026-08-02 00:22:14  DEBUG     httpcore.http11  receive_response_headers.started request=<Request [b'POST']>
2026-08-02 00:22:15  DEBUG     httpcore.http11  receive_response_headers.complete return_value=(b'HTTP/1.1', 200, b'OK', [(b'Content-Type', b'application/json; charset=utf-8'), (b'Date', b'Sat, 01 Aug 2026 18:52:15 GMT'), (b'Transfer-Encoding', b'chunked')])
2026-08-02 00:22:15  INFO      httpx  HTTP Request: POST http://127.0.0.1:11434/api/embeddings "HTTP/1.1 200 OK"
2026-08-02 00:22:15  DEBUG     httpcore.http11  receive_response_body.started request=<Request [b'POST']>
2026-08-02 00:22:15  DEBUG     httpcore.http11  receive_response_body.complete
2026-08-02 00:22:15  DEBUG     httpcore.http11  response_closed.started
2026-08-02 00:22:15  DEBUG     httpcore.http11  response_closed.complete
2026-08-02 00:22:15  DEBUG     httpcore.http11  send_request_headers.started request=<Request [b'POST']>
2026-08-02 00:22:15  DEBUG     httpcore.http11  send_request_headers.complete
2026-08-02 00:22:15  DEBUG     httpcore.http11  send_request_body.started request=<Request [b'POST']>
2026-08-02 00:22:15  DEBUG     httpcore.http11  send_request_body.complete
2026-08-02 00:22:15  DEBUG     httpcore.http11  receive_response_headers.started request=<Request [b'POST']>
2026-08-02 00:22:17  DEBUG     httpcore.http11  receive_response_headers.complete return_value=(b'HTTP/1.1', 200, b'OK', [(b'Content-Type', b'application/json; charset=utf-8'), (b'Date', b'Sat, 01 Aug 2026 18:52:17 GMT'), (b'Transfer-Encoding', b'chunked')])
2026-08-02 00:22:17  INFO      httpx  HTTP Request: POST http://127.0.0.1:11434/api/embeddings "HTTP/1.1 200 OK"
2026-08-02 00:22:17  DEBUG     httpcore.http11  receive_response_body.started request=<Request [b'POST']>
2026-08-02 00:22:17  DEBUG     httpcore.http11  receive_response_body.complete
2026-08-02 00:22:17  DEBUG     httpcore.http11  response_closed.started
2026-08-02 00:22:17  DEBUG     httpcore.http11  response_closed.complete
2026-08-02 00:22:17  DEBUG     httpcore.http11  send_request_headers.started request=<Request [b'POST']>
2026-08-02 00:22:17  DEBUG     httpcore.http11  send_request_headers.complete
2026-08-02 00:22:17  DEBUG     httpcore.http11  send_request_body.started request=<Request [b'POST']>
2026-08-02 00:22:17  DEBUG     httpcore.http11  send_request_body.complete
2026-08-02 00:22:17  DEBUG     httpcore.http11  receive_response_headers.started request=<Request [b'POST']>
2026-08-02 00:22:18  DEBUG     httpcore.http11  receive_response_headers.complete return_value=(b'HTTP/1.1', 200, b'OK', [(b'Content-Type', b'application/json; charset=utf-8'), (b'Date', b'Sat, 01 Aug 2026 18:52:18 GMT'), (b'Transfer-Encoding', b'chunked')])
2026-08-02 00:22:18  INFO      httpx  HTTP Request: POST http://127.0.0.1:11434/api/embeddings "HTTP/1.1 200 OK"
2026-08-02 00:22:18  DEBUG     httpcore.http11  receive_response_body.started request=<Request [b'POST']>
2026-08-02 00:22:18  DEBUG     httpcore.http11  receive_response_body.complete
2026-08-02 00:22:18  DEBUG     httpcore.http11  response_closed.started
2026-08-02 00:22:18  DEBUG     httpcore.http11  response_closed.complete
2026-08-02 00:22:18  DEBUG     httpcore.http11  send_request_headers.started request=<Request [b'POST']>
2026-08-02 00:22:18  DEBUG     httpcore.http11  send_request_headers.complete
2026-08-02 00:22:18  DEBUG     httpcore.http11  send_request_body.started request=<Request [b'POST']>
2026-08-02 00:22:18  DEBUG     httpcore.http11  send_request_body.complete
2026-08-02 00:22:18  DEBUG     httpcore.http11  receive_response_headers.started request=<Request [b'POST']>
2026-08-02 00:22:19  DEBUG     httpcore.http11  receive_response_headers.complete return_value=(b'HTTP/1.1', 200, b'OK', [(b'Content-Type', b'application/json; charset=utf-8'), (b'Date', b'Sat, 01 Aug 2026 18:52:19 GMT'), (b'Transfer-Encoding', b'chunked')])
2026-08-02 00:22:19  INFO      httpx  HTTP Request: POST http://127.0.0.1:11434/api/embeddings "HTTP/1.1 200 OK"
2026-08-02 00:22:19  DEBUG     httpcore.http11  receive_response_body.started request=<Request [b'POST']>
2026-08-02 00:22:19  DEBUG     httpcore.http11  receive_response_body.complete
2026-08-02 00:22:19  DEBUG     httpcore.http11  response_closed.started
2026-08-02 00:22:19  DEBUG     httpcore.http11  response_closed.complete
2026-08-02 00:22:20  DEBUG     httpcore.http11  receive_response_headers.complete return_value=(b'HTTP/1.1', 200, b'OK', [(b'Content-Type', b'application/json; charset=utf-8'), (b'Date', b'Sat, 01 Aug 2026 18:52:20 GMT'), (b'Transfer-Encoding', b'chunked')])
2026-08-02 00:22:20  INFO      httpx  HTTP Request: POST http://127.0.0.1:11434/api/embeddings "HTTP/1.1 200 OK"
2026-08-02 00:22:20  DEBUG     httpcore.http11  receive_response_body.started request=<Request [b'POST']>
2026-08-02 00:22:20  DEBUG     httpcore.http11  receive_response_body.complete
2026-08-02 00:22:20  DEBUG     httpcore.http11  response_closed.started
2026-08-02 00:22:20  DEBUG     httpcore.http11  response_closed.complete
2026-08-02 00:22:22  DEBUG     httpcore.http11  receive_response_headers.complete return_value=(b'HTTP/1.1', 200, b'OK', [(b'Content-Type', b'application/json; charset=utf-8'), (b'Date', b'Sat, 01 Aug 2026 18:52:22 GMT'), (b'Transfer-Encoding', b'chunked')])
2026-08-02 00:22:22  INFO      httpx  HTTP Request: POST http://127.0.0.1:11434/api/embeddings "HTTP/1.1 200 OK"
2026-08-02 00:22:22  DEBUG     httpcore.http11  receive_response_body.started request=<Request [b'POST']>
2026-08-02 00:22:22  DEBUG     httpcore.http11  receive_response_body.complete
2026-08-02 00:22:22  DEBUG     httpcore.http11  response_closed.started
2026-08-02 00:22:22  DEBUG     httpcore.http11  response_closed.complete
2026-08-02 00:22:23  DEBUG     httpcore.http11  receive_response_headers.complete return_value=(b'HTTP/1.1', 200, b'OK', [(b'Content-Type', b'application/json; charset=utf-8'), (b'Date', b'Sat, 01 Aug 2026 18:52:23 GMT'), (b'Transfer-Encoding', b'chunked')])
2026-08-02 00:22:23  INFO      httpx  HTTP Request: POST http://127.0.0.1:11434/api/embeddings "HTTP/1.1 200 OK"
2026-08-02 00:22:23  DEBUG     httpcore.http11  receive_response_body.started request=<Request [b'POST']>
2026-08-02 00:22:23  DEBUG     httpcore.http11  receive_response_body.complete
2026-08-02 00:22:23  DEBUG     httpcore.http11  response_closed.started
2026-08-02 00:22:23  DEBUG     httpcore.http11  response_closed.complete
2026-08-02 00:22:23  INFO      __main__  INDEX TITAN LeAP - CS Dept.xlsx — 53 chunk(s) stored
2026-08-02 00:22:23  INFO      __main__  === Indexer run complete — indexed=14 skipped=0 failed=0 total_time=497.41s ===
2026-08-10 22:43:56  INFO      __main__  === Indexer run started (workers=None, embed_only=False) ===
2026-08-10 22:43:56  WARNING   discovery  Folder does not exist, skipping: C:\Users\acer\Documents\Aadhisesha
2026-08-10 22:43:56  INFO      __main__  Discovery complete: 0 file(s) found
2026-08-10 22:43:59  DEBUG     chromadb.config  Starting component System
2026-08-10 22:43:59  DEBUG     chromadb.config  Starting component Posthog
2026-08-10 22:53:04  INFO      __main__  === Indexer run started (workers=None, embed_only=False) ===
2026-08-10 22:53:04  INFO      discovery  Scanning: D:\ai_proj\nexus\data\test_samples
2026-08-10 22:53:04  INFO      discovery  Scanning: D:\ai_proj\nexus\data\test_tree
2026-08-10 22:53:04  INFO      __main__  Discovery complete: 13 file(s) found
2026-08-10 22:53:07  DEBUG     chromadb.config  Starting component System
2026-08-10 22:53:07  DEBUG     chromadb.config  Starting component Posthog
2026-08-10 22:53:08  INFO      __main__  Pruning missing/deleted file from index: C:\Users\acer\Documents\Aadhisesha\aadhisesha_resume.pdf
2026-08-10 22:53:08  INFO      __main__  Pruning missing/deleted file from index: C:\Users\acer\Documents\Aadhisesha\Aadhi_Passport_Photo.jpeg
2026-08-10 22:53:08  INFO      __main__  Pruning missing/deleted file from index: C:\Users\acer\Documents\Aadhisesha\Aadhi_Passport_Photo_white.jpeg
2026-08-10 22:53:08  INFO      __main__  Pruning missing/deleted file from index: C:\Users\acer\Documents\Aadhisesha\Aadhi_Passport_raw.JPG
2026-08-10 22:53:08  INFO      __main__  Pruning missing/deleted file from index: C:\Users\acer\Documents\Aadhisesha\College_ID_Card.jpeg
2026-08-10 22:53:08  INFO      __main__  Pruning missing/deleted file from index: C:\Users\acer\Documents\Aadhisesha\College_ID_Card.pdf
2026-08-10 22:53:08  INFO      __main__  Pruning missing/deleted file from index: C:\Users\acer\Documents\Aadhisesha\College_ID_Card2.jpeg
2026-08-10 22:53:08  INFO      __main__  Pruning missing/deleted file from index: C:\Users\acer\Documents\Aadhisesha\Aadhisesha_35x35.jpeg
2026-08-10 22:53:08  INFO      __main__  Pruning missing/deleted file from index: C:\Users\acer\Documents\Aadhisesha\CT20265021581_Application_Form.pdf
2026-08-10 22:53:08  INFO      __main__  Pruning missing/deleted file from index: C:\Users\acer\Documents\Aadhisesha\Info_Document.pdf
2026-08-10 22:53:08  INFO      __main__  Pruning missing/deleted file from index: C:\Users\acer\Documents\Aadhisesha\tcsnowhite.jpeg
2026-08-10 22:53:08  INFO      __main__  Pruning missing/deleted file from index: C:\Users\acer\Documents\Aadhisesha\tcsoriginal.jpeg
2026-08-10 22:53:08  INFO      __main__  Pruning missing/deleted file from index: C:\Users\acer\Documents\Aadhisesha\tcs_application.pdf
2026-08-10 22:53:08  INFO      __main__  Pruning missing/deleted file from index: C:\Users\acer\Documents\Aadhisesha\TITAN LeAP - CS Dept.xlsx
2026-08-10 22:53:08  INFO      __main__  Pruning missing/deleted file from index: D:\ai_proj\nexus\data\test_docs\machine_learning.py
2026-08-10 22:53:08  INFO      __main__  Pruning missing/deleted file from index: D:\ai_proj\nexus\data\test_docs\sample_code.py
2026-08-10 22:53:08  INFO      __main__  Pruning missing/deleted file from index: D:\ai_proj\nexus\data\test_docs\sample_new.py
2026-08-10 22:53:08  INFO      __main__  Pruning missing/deleted file from index: D:\ai_proj\nexus\data\test_docs\sample_report.py
2026-08-10 22:53:11  DEBUG     PIL.PngImagePlugin  STREAM b'IHDR' 16 13
2026-08-10 22:53:11  DEBUG     PIL.PngImagePlugin  STREAM b'IDAT' 41 4758
2026-08-10 22:53:11  DEBUG     httpcore.connection  connect_tcp.started host='127.0.0.1' port=11434 local_address=None timeout=None socket_options=None
2026-08-10 22:53:11  DEBUG     httpcore.connection  connect_tcp.complete return_value=<httpcore._backends.sync.SyncStream object at 0x0000019A68FFBE00>
2026-08-10 22:53:11  DEBUG     httpcore.http11  send_request_headers.started request=<Request [b'POST']>
2026-08-10 22:53:11  DEBUG     httpcore.http11  send_request_headers.complete
2026-08-10 22:53:11  DEBUG     httpcore.http11  send_request_body.started request=<Request [b'POST']>
2026-08-10 22:53:11  DEBUG     httpcore.http11  send_request_body.complete
2026-08-10 22:53:11  DEBUG     httpcore.http11  receive_response_headers.started request=<Request [b'POST']>
2026-08-10 22:53:48  DEBUG     httpcore.http11  receive_response_headers.complete return_value=(b'HTTP/1.1', 200, b'OK', [(b'Content-Type', b'application/json; charset=utf-8'), (b'Date', b'Mon, 10 Aug 2026 17:23:48 GMT'), (b'Content-Length', b'569')])
2026-08-10 22:53:48  INFO      httpx  HTTP Request: POST http://127.0.0.1:11434/api/chat "HTTP/1.1 200 OK"
2026-08-10 22:53:48  DEBUG     httpcore.http11  receive_response_body.started request=<Request [b'POST']>
2026-08-10 22:53:48  DEBUG     httpcore.http11  receive_response_body.complete
2026-08-10 22:53:48  DEBUG     httpcore.http11  response_closed.started
2026-08-10 22:53:48  DEBUG     httpcore.http11  response_closed.complete
2026-08-10 22:53:48  INFO      parsers.image_parser  VLM Output Parsed — extracted_text len=0, description len=261
2026-08-10 22:53:48  DEBUG     PIL.Image  Importing AvifImagePlugin
2026-08-10 22:53:48  DEBUG     PIL.Image  Importing BlpImagePlugin
2026-08-10 22:53:48  DEBUG     PIL.Image  Importing BmpImagePlugin
2026-08-10 22:53:48  DEBUG     PIL.Image  Importing BufrStubImagePlugin
2026-08-10 22:53:48  DEBUG     PIL.Image  Importing CurImagePlugin
2026-08-10 22:53:48  DEBUG     PIL.Image  Importing DcxImagePlugin
2026-08-10 22:53:48  DEBUG     PIL.Image  Importing DdsImagePlugin
2026-08-10 22:53:48  DEBUG     PIL.Image  Importing EpsImagePlugin
2026-08-10 22:53:48  DEBUG     PIL.Image  Importing FitsImagePlugin
2026-08-10 22:53:48  DEBUG     PIL.Image  Importing FliImagePlugin
2026-08-10 22:53:48  DEBUG     PIL.Image  Importing FpxImagePlugin
2026-08-10 22:53:48  DEBUG     PIL.Image  Image: failed to import FpxImagePlugin: No module named 'olefile'
2026-08-10 22:53:48  DEBUG     PIL.Image  Importing FtexImagePlugin
2026-08-10 22:53:48  DEBUG     PIL.Image  Importing GbrImagePlugin
2026-08-10 22:53:48  DEBUG     PIL.Image  Importing GifImagePlugin
2026-08-10 22:53:48  DEBUG     PIL.Image  Importing GribStubImagePlugin
2026-08-10 22:53:48  DEBUG     PIL.Image  Importing Hdf5StubImagePlugin
2026-08-10 22:53:48  DEBUG     PIL.Image  Importing IcnsImagePlugin
2026-08-10 22:53:48  DEBUG     PIL.Image  Importing IcoImagePlugin
2026-08-10 22:53:48  DEBUG     PIL.Image  Importing ImImagePlugin
2026-08-10 22:53:48  DEBUG     PIL.Image  Importing ImtImagePlugin
2026-08-10 22:53:48  DEBUG     PIL.Image  Importing IptcImagePlugin
2026-08-10 22:53:48  DEBUG     PIL.Image  Importing JpegImagePlugin
2026-08-10 22:53:48  DEBUG     PIL.Image  Importing Jpeg2KImagePlugin
2026-08-10 22:53:48  DEBUG     PIL.Image  Importing McIdasImagePlugin
2026-08-10 22:53:48  DEBUG     PIL.Image  Importing MicImagePlugin
2026-08-10 22:53:48  DEBUG     PIL.Image  Image: failed to import MicImagePlugin: No module named 'olefile'
2026-08-10 22:53:48  DEBUG     PIL.Image  Importing MpegImagePlugin
2026-08-10 22:53:48  DEBUG     PIL.Image  Importing MpoImagePlugin
2026-08-10 22:53:48  DEBUG     PIL.Image  Importing MspImagePlugin
2026-08-10 22:53:48  DEBUG     PIL.Image  Importing PalmImagePlugin
2026-08-10 22:53:48  DEBUG     PIL.Image  Importing PcdImagePlugin
2026-08-10 22:53:48  DEBUG     PIL.Image  Importing PcxImagePlugin
2026-08-10 22:53:48  DEBUG     PIL.Image  Importing PdfImagePlugin
2026-08-10 22:53:48  DEBUG     PIL.Image  Importing PixarImagePlugin
2026-08-10 22:53:48  DEBUG     PIL.Image  Importing PngImagePlugin
2026-08-10 22:53:48  DEBUG     PIL.Image  Importing PpmImagePlugin
2026-08-10 22:53:48  DEBUG     PIL.Image  Importing PsdImagePlugin
2026-08-10 22:53:48  DEBUG     PIL.Image  Importing QoiImagePlugin
2026-08-10 22:53:48  DEBUG     PIL.Image  Importing SgiImagePlugin
2026-08-10 22:53:48  DEBUG     PIL.Image  Importing SpiderImagePlugin
2026-08-10 22:53:48  DEBUG     PIL.Image  Importing SunImagePlugin
2026-08-10 22:53:48  DEBUG     PIL.Image  Importing TgaImagePlugin
2026-08-10 22:53:48  DEBUG     PIL.Image  Importing TiffImagePlugin
2026-08-10 22:53:48  DEBUG     PIL.Image  Importing WebPImagePlugin
2026-08-10 22:53:49  DEBUG     PIL.Image  Importing WmfImagePlugin
2026-08-10 22:53:49  DEBUG     PIL.Image  Importing XbmImagePlugin
2026-08-10 22:53:49  DEBUG     PIL.Image  Importing XpmImagePlugin
2026-08-10 22:53:49  DEBUG     PIL.Image  Importing XVThumbImagePlugin
2026-08-10 22:53:49  DEBUG     parsers.image_parser  Image downscaling skipped for 'D:\ai_proj\nexus\data\test_tree\folder_a\photo.jpg': cannot identify image file 'D:\\ai_proj\\nexus\\data\\test_tree\\folder_a\\photo.jpg'
2026-08-10 22:53:49  DEBUG     httpcore.http11  send_request_headers.started request=<Request [b'POST']>
2026-08-10 22:53:49  DEBUG     httpcore.http11  send_request_headers.complete
2026-08-10 22:53:49  DEBUG     httpcore.http11  send_request_body.started request=<Request [b'POST']>
2026-08-10 22:53:49  DEBUG     httpcore.http11  send_request_body.complete
2026-08-10 22:53:49  DEBUG     httpcore.http11  receive_response_headers.started request=<Request [b'POST']>
2026-08-10 22:53:49  DEBUG     httpcore.http11  receive_response_headers.complete return_value=(b'HTTP/1.1', 400, b'Bad Request', [(b'Content-Type', b'application/json; charset=utf-8'), (b'Date', b'Mon, 10 Aug 2026 17:23:49 GMT'), (b'Content-Length', b'124')])
2026-08-10 22:53:49  INFO      httpx  HTTP Request: POST http://127.0.0.1:11434/api/chat "HTTP/1.1 400 Bad Request"
2026-08-10 22:53:49  DEBUG     httpcore.http11  receive_response_body.started request=<Request [b'POST']>
2026-08-10 22:53:49  DEBUG     httpcore.http11  receive_response_body.complete
2026-08-10 22:53:49  DEBUG     httpcore.http11  response_closed.started
2026-08-10 22:53:49  DEBUG     httpcore.http11  response_closed.complete
2026-08-10 22:53:49  WARNING   parsers.image_parser  Ollama Vision call failed for 'D:\ai_proj\nexus\data\test_tree\folder_a\photo.jpg' (ResponseError: {"error":{"code":400,"message":"Failed to load image or audio file","type":"invalid_request_error"}} (status code: 400)); falling back to Tesseract.
2026-08-10 22:53:52  INFO      __main__  === Indexer run started (workers=None, embed_only=False) ===
2026-08-10 22:53:52  INFO      discovery  Scanning: C:\Users\acer\Downloads
2026-08-10 22:53:52  WARNING   parsers.image_parser  Cannot open image 'D:\ai_proj\nexus\data\test_tree\folder_a\photo.jpg' (corrupted or unsupported format): cannot identify image file 'D:\\ai_proj\\nexus\\data\\test_tree\\folder_a\\photo.jpg'
2026-08-10 22:53:52  INFO      discovery  Scanning: D:\ai_proj\nexus\data\test_samples
2026-08-10 22:53:52  INFO      __main__  Discovery complete: 81 file(s) found
2026-08-10 22:53:52  INFO      __main__  [embed] Batch embedding mode active (batch_size=32)
2026-08-10 22:53:52  DEBUG     httpcore.http11  send_request_headers.started request=<Request [b'POST']>
2026-08-10 22:53:52  DEBUG     httpcore.http11  send_request_headers.complete
2026-08-10 22:53:52  DEBUG     httpcore.http11  send_request_body.started request=<Request [b'POST']>
2026-08-10 22:53:52  DEBUG     httpcore.http11  send_request_body.complete
2026-08-10 22:53:52  DEBUG     httpcore.http11  receive_response_headers.started request=<Request [b'POST']>
2026-08-10 22:53:54  DEBUG     httpcore.http11  receive_response_headers.complete return_value=(b'HTTP/1.1', 200, b'OK', [(b'Content-Type', b'application/json; charset=utf-8'), (b'Date', b'Mon, 10 Aug 2026 17:23:54 GMT'), (b'Transfer-Encoding', b'chunked')])
2026-08-10 22:53:54  INFO      httpx  HTTP Request: POST http://127.0.0.1:11434/api/embed "HTTP/1.1 200 OK"
2026-08-10 22:53:54  DEBUG     httpcore.http11  receive_response_body.started request=<Request [b'POST']>
2026-08-10 22:53:54  DEBUG     httpcore.http11  receive_response_body.complete
2026-08-10 22:53:54  DEBUG     httpcore.http11  response_closed.started
2026-08-10 22:53:54  DEBUG     httpcore.http11  response_closed.complete
2026-08-10 22:53:54  INFO      __main__  [embed] Embedded 1 chunk(s) in 1.12s (0.9 chunks/sec)
2026-08-10 22:53:54  INFO      __main__  [embed] Batch embedding mode active (batch_size=32)
2026-08-10 22:53:54  DEBUG     httpcore.http11  send_request_headers.started request=<Request [b'POST']>
2026-08-10 22:53:54  DEBUG     httpcore.http11  send_request_headers.complete
2026-08-10 22:53:54  DEBUG     httpcore.http11  send_request_body.started request=<Request [b'POST']>
2026-08-10 22:53:54  DEBUG     httpcore.http11  send_request_body.complete
2026-08-10 22:53:54  DEBUG     httpcore.http11  receive_response_headers.started request=<Request [b'POST']>
2026-08-10 22:53:54  DEBUG     httpcore.http11  receive_response_headers.complete return_value=(b'HTTP/1.1', 200, b'OK', [(b'Content-Type', b'application/json; charset=utf-8'), (b'Date', b'Mon, 10 Aug 2026 17:23:54 GMT'), (b'Transfer-Encoding', b'chunked')])
2026-08-10 22:53:54  INFO      httpx  HTTP Request: POST http://127.0.0.1:11434/api/embed "HTTP/1.1 200 OK"
2026-08-10 22:53:54  DEBUG     httpcore.http11  receive_response_body.started request=<Request [b'POST']>
2026-08-10 22:53:54  DEBUG     httpcore.http11  receive_response_body.complete
2026-08-10 22:53:54  DEBUG     httpcore.http11  response_closed.started
2026-08-10 22:53:54  DEBUG     httpcore.http11  response_closed.complete
2026-08-10 22:53:54  INFO      __main__  [embed] Embedded 1 chunk(s) in 0.49s (2.0 chunks/sec)
2026-08-10 22:53:54  INFO      __main__  [embed] Batch embedding mode active (batch_size=32)
2026-08-10 22:53:54  DEBUG     httpcore.http11  send_request_headers.started request=<Request [b'POST']>
2026-08-10 22:53:54  DEBUG     httpcore.http11  send_request_headers.complete
2026-08-10 22:53:54  DEBUG     httpcore.http11  send_request_body.started request=<Request [b'POST']>
2026-08-10 22:53:54  DEBUG     httpcore.http11  send_request_body.complete
2026-08-10 22:53:54  DEBUG     httpcore.http11  receive_response_headers.started request=<Request [b'POST']>
2026-08-10 22:53:55  DEBUG     httpcore.http11  receive_response_headers.complete return_value=(b'HTTP/1.1', 200, b'OK', [(b'Content-Type', b'application/json; charset=utf-8'), (b'Date', b'Mon, 10 Aug 2026 17:23:55 GMT'), (b'Transfer-Encoding', b'chunked')])
2026-08-10 22:53:55  INFO      httpx  HTTP Request: POST http://127.0.0.1:11434/api/embed "HTTP/1.1 200 OK"
2026-08-10 22:53:55  DEBUG     httpcore.http11  receive_response_body.started request=<Request [b'POST']>
2026-08-10 22:53:55  DEBUG     httpcore.http11  receive_response_body.complete
2026-08-10 22:53:55  DEBUG     httpcore.http11  response_closed.started
2026-08-10 22:53:55  DEBUG     httpcore.http11  response_closed.complete
2026-08-10 22:53:55  INFO      __main__  [embed] Embedded 1 chunk(s) in 0.42s (2.4 chunks/sec)
2026-08-10 22:53:55  INFO      __main__  [embed] Batch embedding mode active (batch_size=32)
2026-08-10 22:53:55  DEBUG     httpcore.http11  send_request_headers.started request=<Request [b'POST']>
2026-08-10 22:53:55  DEBUG     httpcore.http11  send_request_headers.complete
2026-08-10 22:53:55  DEBUG     httpcore.http11  send_request_body.started request=<Request [b'POST']>
2026-08-10 22:53:55  DEBUG     httpcore.http11  send_request_body.complete
2026-08-10 22:53:55  DEBUG     httpcore.http11  receive_response_headers.started request=<Request [b'POST']>
2026-08-10 22:53:56  DEBUG     chromadb.config  Starting component System
2026-08-10 22:53:56  DEBUG     chromadb.config  Starting component Posthog
2026-08-10 22:53:56  INFO      __main__  Pruning missing/deleted file from index: D:\ai_proj\nexus\data\test_tree\folder_a\notes.docx
2026-08-10 22:53:56  INFO      __main__  Pruning missing/deleted file from index: D:\ai_proj\nexus\data\test_tree\folder_a\photo.jpg
2026-08-10 22:53:56  INFO      __main__  Pruning missing/deleted file from index: D:\ai_proj\nexus\data\test_tree\folder_a\report.pdf
2026-08-10 22:53:56  INFO      __main__  Pruning missing/deleted file from index: D:\ai_proj\nexus\data\test_tree\folder_b\App.java
2026-08-10 22:53:56  INFO      __main__  Pruning missing/deleted file from index: D:\ai_proj\nexus\data\test_tree\folder_b\index.js
2026-08-10 22:53:56  INFO      __main__  Pruning missing/deleted file from index: D:\ai_proj\nexus\data\test_tree\folder_b\main.py
2026-08-10 22:53:56  INFO      __main__  Pruning missing/deleted file from index: D:\ai_proj\nexus\data\test_tree\folder_c\data.xlsx
2026-08-10 22:53:56  INFO      __main__  Pruning missing/deleted file from index: D:\ai_proj\nexus\data\test_tree\folder_c\slides.pptx
2026-08-10 22:53:56  DEBUG     httpcore.http11  receive_response_headers.complete return_value=(b'HTTP/1.1', 200, b'OK', [(b'Content-Type', b'application/json; charset=utf-8'), (b'Date', b'Mon, 10 Aug 2026 17:23:56 GMT'), (b'Transfer-Encoding', b'chunked')])
2026-08-10 22:53:56  INFO      httpx  HTTP Request: POST http://127.0.0.1:11434/api/embed "HTTP/1.1 200 OK"
2026-08-10 22:53:56  DEBUG     httpcore.http11  receive_response_body.started request=<Request [b'POST']>
2026-08-10 22:53:56  DEBUG     httpcore.http11  receive_response_body.complete
2026-08-10 22:53:56  DEBUG     httpcore.http11  response_closed.started
2026-08-10 22:53:56  DEBUG     httpcore.http11  response_closed.complete
2026-08-10 22:53:56  INFO      __main__  [embed] Embedded 2 chunk(s) in 1.60s (1.3 chunks/sec)
2026-08-10 22:53:56  INFO      __main__  [embed] Batch embedding mode active (batch_size=32)
2026-08-10 22:53:56  DEBUG     httpcore.http11  send_request_headers.started request=<Request [b'POST']>
2026-08-10 22:53:56  DEBUG     httpcore.http11  send_request_headers.complete
2026-08-10 22:53:56  DEBUG     httpcore.http11  send_request_body.started request=<Request [b'POST']>
2026-08-10 22:53:56  DEBUG     httpcore.http11  send_request_body.complete
2026-08-10 22:53:56  DEBUG     httpcore.http11  receive_response_headers.started request=<Request [b'POST']>
2026-08-10 22:53:57  DEBUG     httpcore.http11  receive_response_headers.complete return_value=(b'HTTP/1.1', 200, b'OK', [(b'Content-Type', b'application/json; charset=utf-8'), (b'Date', b'Mon, 10 Aug 2026 17:23:57 GMT'), (b'Transfer-Encoding', b'chunked')])
2026-08-10 22:53:57  INFO      httpx  HTTP Request: POST http://127.0.0.1:11434/api/embed "HTTP/1.1 200 OK"
2026-08-10 22:53:57  DEBUG     httpcore.http11  receive_response_body.started request=<Request [b'POST']>
2026-08-10 22:53:57  DEBUG     httpcore.http11  receive_response_body.complete
2026-08-10 22:53:57  DEBUG     httpcore.http11  response_closed.started
2026-08-10 22:53:57  DEBUG     httpcore.http11  response_closed.complete
2026-08-10 22:53:57  INFO      __main__  [embed] Embedded 1 chunk(s) in 0.87s (1.2 chunks/sec)
2026-08-10 22:54:01  DEBUG     httpcore.connection  connect_tcp.started host='127.0.0.1' port=11434 local_address=None timeout=None socket_options=None
2026-08-10 22:54:01  DEBUG     httpcore.connection  connect_tcp.complete return_value=<httpcore._backends.sync.SyncStream object at 0x000002A647A33E00>
2026-08-10 22:54:01  DEBUG     httpcore.http11  send_request_headers.started request=<Request [b'POST']>
2026-08-10 22:54:01  DEBUG     httpcore.http11  send_request_headers.complete
2026-08-10 22:54:01  DEBUG     httpcore.http11  send_request_body.started request=<Request [b'POST']>
2026-08-10 22:54:01  DEBUG     httpcore.http11  send_request_body.complete
2026-08-10 22:54:01  DEBUG     httpcore.http11  receive_response_headers.started request=<Request [b'POST']>
2026-08-10 22:54:42  DEBUG     httpcore.http11  receive_response_headers.complete return_value=(b'HTTP/1.1', 200, b'OK', [(b'Content-Type', b'application/json; charset=utf-8'), (b'Date', b'Mon, 10 Aug 2026 17:24:42 GMT'), (b'Content-Length', b'969')])
2026-08-10 22:54:42  INFO      httpx  HTTP Request: POST http://127.0.0.1:11434/api/chat "HTTP/1.1 200 OK"
2026-08-10 22:54:42  DEBUG     httpcore.http11  receive_response_body.started request=<Request [b'POST']>
2026-08-10 22:54:42  DEBUG     httpcore.http11  receive_response_body.complete
2026-08-10 22:54:42  DEBUG     httpcore.http11  response_closed.started
2026-08-10 22:54:42  DEBUG     httpcore.http11  response_closed.complete
2026-08-10 22:54:42  INFO      parsers.image_parser  VLM Output Parsed — extracted_text len=0, description len=665
2026-08-10 22:54:42  DEBUG     httpcore.http11  send_request_headers.started request=<Request [b'POST']>
2026-08-10 22:54:42  DEBUG     httpcore.http11  send_request_headers.complete
2026-08-10 22:54:42  DEBUG     httpcore.http11  send_request_body.started request=<Request [b'POST']>
2026-08-10 22:54:42  DEBUG     httpcore.http11  send_request_body.complete
2026-08-10 22:54:42  DEBUG     httpcore.http11  receive_response_headers.started request=<Request [b'POST']>
2026-08-10 22:55:17  DEBUG     httpcore.http11  receive_response_headers.complete return_value=(b'HTTP/1.1', 200, b'OK', [(b'Content-Type', b'application/json; charset=utf-8'), (b'Date', b'Mon, 10 Aug 2026 17:25:17 GMT'), (b'Content-Length', b'549')])
2026-08-10 22:55:17  INFO      httpx  HTTP Request: POST http://127.0.0.1:11434/api/chat "HTTP/1.1 200 OK"
2026-08-10 22:55:17  DEBUG     httpcore.http11  receive_response_body.started request=<Request [b'POST']>
2026-08-10 22:55:17  DEBUG     httpcore.http11  receive_response_body.complete
2026-08-10 22:55:17  DEBUG     httpcore.http11  response_closed.started
2026-08-10 22:55:17  DEBUG     httpcore.http11  response_closed.complete
2026-08-10 22:55:17  INFO      parsers.image_parser  VLM Output Parsed — extracted_text len=0, description len=248
2026-08-10 22:55:17  DEBUG     PIL.PngImagePlugin  STREAM b'IHDR' 16 13
2026-08-10 22:55:17  DEBUG     PIL.PngImagePlugin  STREAM b'pHYs' 41 9
2026-08-10 22:55:17  DEBUG     PIL.PngImagePlugin  STREAM b'iTXt' 62 1523
2026-08-10 22:55:17  DEBUG     PIL.PngImagePlugin  STREAM b'eXIf' 1597 78
2026-08-10 22:55:17  DEBUG     PIL.PngImagePlugin  STREAM b'IDAT' 1687 677422
2026-08-10 22:55:17  DEBUG     httpcore.http11  send_request_headers.started request=<Request [b'POST']>
2026-08-10 22:55:17  DEBUG     httpcore.http11  send_request_headers.complete
2026-08-10 22:55:17  DEBUG     httpcore.http11  send_request_body.started request=<Request [b'POST']>
2026-08-10 22:55:17  DEBUG     httpcore.http11  send_request_body.complete
2026-08-10 22:55:17  DEBUG     httpcore.http11  receive_response_headers.started request=<Request [b'POST']>
2026-08-10 22:55:54  DEBUG     httpcore.http11  receive_response_headers.complete return_value=(b'HTTP/1.1', 200, b'OK', [(b'Content-Type', b'application/json; charset=utf-8'), (b'Date', b'Mon, 10 Aug 2026 17:25:54 GMT'), (b'Content-Length', b'708')])
2026-08-10 22:55:54  INFO      httpx  HTTP Request: POST http://127.0.0.1:11434/api/chat "HTTP/1.1 200 OK"
2026-08-10 22:55:54  DEBUG     httpcore.http11  receive_response_body.started request=<Request [b'POST']>
2026-08-10 22:55:54  DEBUG     httpcore.http11  receive_response_body.complete
2026-08-10 22:55:54  DEBUG     httpcore.http11  response_closed.started
2026-08-10 22:55:54  DEBUG     httpcore.http11  response_closed.complete
2026-08-10 22:55:54  INFO      parsers.image_parser  VLM Output Parsed — extracted_text len=0, description len=405
2026-08-10 22:55:54  DEBUG     PIL.PngImagePlugin  STREAM b'IHDR' 16 13
2026-08-10 22:55:54  DEBUG     PIL.PngImagePlugin  STREAM b'IDAT' 41 4096
2026-08-10 22:55:54  DEBUG     httpcore.http11  send_request_headers.started request=<Request [b'POST']>
2026-08-10 22:55:54  DEBUG     httpcore.http11  send_request_headers.complete
2026-08-10 22:55:54  DEBUG     httpcore.http11  send_request_body.started request=<Request [b'POST']>
2026-08-10 22:55:54  DEBUG     httpcore.http11  send_request_body.complete
2026-08-10 22:55:54  DEBUG     httpcore.http11  receive_response_headers.started request=<Request [b'POST']>
2026-08-10 22:56:35  DEBUG     httpcore.http11  receive_response_headers.complete return_value=(b'HTTP/1.1', 200, b'OK', [(b'Content-Type', b'application/json; charset=utf-8'), (b'Date', b'Mon, 10 Aug 2026 17:26:35 GMT'), (b'Content-Length', b'780')])
2026-08-10 22:56:35  INFO      httpx  HTTP Request: POST http://127.0.0.1:11434/api/chat "HTTP/1.1 200 OK"
2026-08-10 22:56:35  DEBUG     httpcore.http11  receive_response_body.started request=<Request [b'POST']>
2026-08-10 22:56:35  DEBUG     httpcore.http11  receive_response_body.complete
2026-08-10 22:56:35  DEBUG     httpcore.http11  response_closed.started
2026-08-10 22:56:35  DEBUG     httpcore.http11  response_closed.complete
2026-08-10 22:56:35  INFO      parsers.image_parser  VLM Output Parsed — extracted_text len=0, description len=472
2026-08-10 22:56:35  DEBUG     httpcore.http11  send_request_headers.started request=<Request [b'POST']>
2026-08-10 22:56:35  DEBUG     httpcore.http11  send_request_headers.complete
2026-08-10 22:56:35  DEBUG     httpcore.http11  send_request_body.started request=<Request [b'POST']>
2026-08-10 22:56:35  DEBUG     httpcore.http11  send_request_body.complete
2026-08-10 22:56:35  DEBUG     httpcore.http11  receive_response_headers.started request=<Request [b'POST']>
2026-08-10 22:57:07  DEBUG     httpcore.http11  receive_response_headers.complete return_value=(b'HTTP/1.1', 200, b'OK', [(b'Content-Type', b'application/json; charset=utf-8'), (b'Date', b'Mon, 10 Aug 2026 17:27:07 GMT'), (b'Content-Length', b'696')])
2026-08-10 22:57:07  INFO      httpx  HTTP Request: POST http://127.0.0.1:11434/api/chat "HTTP/1.1 200 OK"
2026-08-10 22:57:07  DEBUG     httpcore.http11  receive_response_body.started request=<Request [b'POST']>
2026-08-10 22:57:07  DEBUG     httpcore.http11  receive_response_body.complete
2026-08-10 22:57:07  DEBUG     httpcore.http11  response_closed.started
2026-08-10 22:57:07  DEBUG     httpcore.http11  response_closed.complete
2026-08-10 22:57:07  INFO      parsers.image_parser  VLM Output Parsed — extracted_text len=0, description len=395
2026-08-10 22:57:07  DEBUG     httpcore.http11  send_request_headers.started request=<Request [b'POST']>
2026-08-10 22:57:07  DEBUG     httpcore.http11  send_request_headers.complete
2026-08-10 22:57:07  DEBUG     httpcore.http11  send_request_body.started request=<Request [b'POST']>
2026-08-10 22:57:07  DEBUG     httpcore.http11  send_request_body.complete
2026-08-10 22:57:07  DEBUG     httpcore.http11  receive_response_headers.started request=<Request [b'POST']>
2026-08-10 22:57:53  DEBUG     httpcore.http11  receive_response_headers.complete return_value=(b'HTTP/1.1', 200, b'OK', [(b'Content-Type', b'application/json; charset=utf-8'), (b'Date', b'Mon, 10 Aug 2026 17:27:53 GMT'), (b'Content-Length', b'737')])
2026-08-10 22:57:53  INFO      httpx  HTTP Request: POST http://127.0.0.1:11434/api/chat "HTTP/1.1 200 OK"
2026-08-10 22:57:53  DEBUG     httpcore.http11  receive_response_body.started request=<Request [b'POST']>
2026-08-10 22:57:53  DEBUG     httpcore.http11  receive_response_body.complete
2026-08-10 22:57:53  DEBUG     httpcore.http11  response_closed.started
2026-08-10 22:57:53  DEBUG     httpcore.http11  response_closed.complete
2026-08-10 22:57:53  INFO      parsers.image_parser  VLM Output Parsed — extracted_text len=0, description len=436
2026-08-10 22:57:53  WARNING   parsers.image_parser  Ollama Vision call timed out (45s) for 'C:\Users\acer\Downloads\first_offline_meet.jpg'; falling back to Tesseract.
2026-08-10 22:57:56  DEBUG     pytesseract  ['tesseract', 'C:\\Users\\acer\\AppData\\Local\\Temp\\tess_vmxeim4d_input.PNG', 'C:\\Users\\acer\\AppData\\Local\\Temp\\tess_vmxeim4d', '-l', 'eng', 'txt']
2026-08-10 22:57:56  ERROR     parsers.image_parser  Tesseract executable not found. Install Tesseract and ensure it is on your PATH.
2026-08-10 22:57:56  DEBUG     httpcore.http11  send_request_headers.started request=<Request [b'POST']>
2026-08-10 22:57:56  DEBUG     httpcore.http11  send_request_headers.complete
2026-08-10 22:57:56  DEBUG     httpcore.http11  send_request_body.started request=<Request [b'POST']>
2026-08-10 22:57:56  DEBUG     httpcore.http11  send_request_body.complete
2026-08-10 22:57:56  DEBUG     httpcore.http11  receive_response_headers.started request=<Request [b'POST']>
2026-08-10 22:58:34  DEBUG     httpcore.http11  receive_response_headers.complete return_value=(b'HTTP/1.1', 200, b'OK', [(b'Content-Type', b'application/json; charset=utf-8'), (b'Date', b'Mon, 10 Aug 2026 17:28:34 GMT'), (b'Content-Length', b'813')])
2026-08-10 22:58:34  INFO      httpx  HTTP Request: POST http://127.0.0.1:11434/api/chat "HTTP/1.1 200 OK"
2026-08-10 22:58:34  DEBUG     httpcore.http11  receive_response_body.started request=<Request [b'POST']>
2026-08-10 22:58:34  DEBUG     httpcore.http11  receive_response_body.complete
2026-08-10 22:58:34  DEBUG     httpcore.http11  response_closed.started
2026-08-10 22:58:34  DEBUG     httpcore.http11  response_closed.complete
2026-08-10 22:58:34  INFO      parsers.image_parser  VLM Output Parsed — extracted_text len=0, description len=512
2026-08-10 22:58:35  DEBUG     httpcore.http11  send_request_headers.started request=<Request [b'POST']>
2026-08-10 22:58:35  DEBUG     httpcore.http11  send_request_headers.complete
2026-08-10 22:58:35  DEBUG     httpcore.http11  send_request_body.started request=<Request [b'POST']>
2026-08-10 22:58:35  DEBUG     httpcore.http11  send_request_body.complete
2026-08-10 22:58:35  DEBUG     httpcore.http11  receive_response_headers.started request=<Request [b'POST']>
2026-08-10 22:59:15  DEBUG     httpcore.http11  receive_response_headers.complete return_value=(b'HTTP/1.1', 200, b'OK', [(b'Content-Type', b'application/json; charset=utf-8'), (b'Date', b'Mon, 10 Aug 2026 17:29:15 GMT'), (b'Content-Length', b'847')])
2026-08-10 22:59:15  INFO      httpx  HTTP Request: POST http://127.0.0.1:11434/api/chat "HTTP/1.1 200 OK"
2026-08-10 22:59:15  DEBUG     httpcore.http11  receive_response_body.started request=<Request [b'POST']>
2026-08-10 22:59:15  DEBUG     httpcore.http11  receive_response_body.complete
2026-08-10 22:59:15  DEBUG     httpcore.http11  response_closed.started
2026-08-10 22:59:15  DEBUG     httpcore.http11  response_closed.complete
2026-08-10 22:59:15  INFO      parsers.image_parser  VLM Output Parsed — extracted_text len=0, description len=545
2026-08-10 22:59:15  DEBUG     PIL.TiffImagePlugin  tag: Make (271) - type: string (2) Tag Location: 22 - Data Location: 158 - value: b'Canon\x00'
2026-08-10 22:59:15  DEBUG     PIL.TiffImagePlugin  tag: Model (272) - type: string (2) Tag Location: 34 - Data Location: 164 - value: b'Canon EOS 700D\x00'
2026-08-10 22:59:15  DEBUG     PIL.TiffImagePlugin  tag: Orientation (274) - type: short (3) - value: b'\x01\x00'
2026-08-10 22:59:15  DEBUG     PIL.TiffImagePlugin  tag: XResolution (282) - type: rational (5) Tag Location: 58 - Data Location: 196 - value: b'H\x00\x00\x00\x01\x00\x00\x00'
2026-08-10 22:59:15  DEBUG     PIL.TiffImagePlugin  tag: YResolution (283) - type: rational (5) Tag Location: 70 - Data Location: 204 - value: b'H\x00\x00\x00\x01\x00\x00\x00'
2026-08-10 22:59:15  DEBUG     PIL.TiffImagePlugin  tag: ResolutionUnit (296) - type: short (3) - value: b'\x02\x00'
2026-08-10 22:59:15  DEBUG     PIL.TiffImagePlugin  tag: DateTime (306) - type: string (2) Tag Location: 94 - Data Location: 212 - value: b'2026:04:11 13:32:20\x00'
2026-08-10 22:59:15  DEBUG     PIL.TiffImagePlugin  tag: Artist (315) - type: string (2) - value: b'\x00'
2026-08-10 22:59:15  DEBUG     PIL.TiffImagePlugin  tag: YCbCrPositioning (531) - type: short (3) - value: b'\x02\x00'
2026-08-10 22:59:15  DEBUG     PIL.TiffImagePlugin  tag: Copyright (33432) - type: string (2) - value: b'\x00'
2026-08-10 22:59:15  DEBUG     PIL.TiffImagePlugin  tag: ExifIFD (34665) - type: long (4) - value: b'h\x01\x00\x00'
2026-08-10 22:59:15  DEBUG     PIL.TiffImagePlugin  tag: GPSInfoIFD (34853) - type: long (4) - value: b'*$\x00\x00'
2026-08-10 22:59:15  DEBUG     httpcore.http11  send_request_headers.started request=<Request [b'POST']>
2026-08-10 22:59:15  DEBUG     httpcore.http11  send_request_headers.complete
2026-08-10 22:59:15  DEBUG     httpcore.http11  send_request_body.started request=<Request [b'POST']>
2026-08-10 22:59:15  DEBUG     httpcore.http11  send_request_body.complete
2026-08-10 22:59:15  DEBUG     httpcore.http11  receive_response_headers.started request=<Request [b'POST']>
2026-08-10 22:59:59  DEBUG     httpcore.http11  receive_response_headers.complete return_value=(b'HTTP/1.1', 200, b'OK', [(b'Content-Type', b'application/json; charset=utf-8'), (b'Date', b'Mon, 10 Aug 2026 17:29:59 GMT'), (b'Content-Length', b'594')])
2026-08-10 22:59:59  INFO      httpx  HTTP Request: POST http://127.0.0.1:11434/api/chat "HTTP/1.1 200 OK"
2026-08-10 22:59:59  DEBUG     httpcore.http11  receive_response_body.started request=<Request [b'POST']>
2026-08-10 22:59:59  DEBUG     httpcore.http11  receive_response_body.complete
2026-08-10 22:59:59  DEBUG     httpcore.http11  response_closed.started
2026-08-10 22:59:59  DEBUG     httpcore.http11  response_closed.complete
2026-08-10 22:59:59  INFO      parsers.image_parser  VLM Output Parsed — extracted_text len=0, description len=293
2026-08-10 22:59:59  DEBUG     PIL.TiffImagePlugin  tag: Make (271) - type: string (2) Tag Location: 22 - Data Location: 158 - value: b'Canon\x00'
2026-08-10 22:59:59  DEBUG     PIL.TiffImagePlugin  tag: Model (272) - type: string (2) Tag Location: 34 - Data Location: 164 - value: b'Canon EOS 700D\x00'
2026-08-10 22:59:59  DEBUG     PIL.TiffImagePlugin  tag: Orientation (274) - type: short (3) - value: b'\x01\x00'
2026-08-10 22:59:59  DEBUG     PIL.TiffImagePlugin  tag: XResolution (282) - type: rational (5) Tag Location: 58 - Data Location: 196 - value: b'H\x00\x00\x00\x01\x00\x00\x00'
2026-08-10 22:59:59  DEBUG     PIL.TiffImagePlugin  tag: YResolution (283) - type: rational (5) Tag Location: 70 - Data Location: 204 - value: b'H\x00\x00\x00\x01\x00\x00\x00'
2026-08-10 22:59:59  DEBUG     PIL.TiffImagePlugin  tag: ResolutionUnit (296) - type: short (3) - value: b'\x02\x00'
2026-08-10 22:59:59  DEBUG     PIL.TiffImagePlugin  tag: DateTime (306) - type: string (2) Tag Location: 94 - Data Location: 212 - value: b'2026:04:11 15:28:56\x00'
2026-08-10 22:59:59  DEBUG     PIL.TiffImagePlugin  tag: Artist (315) - type: string (2) - value: b'\x00'
2026-08-10 22:59:59  DEBUG     PIL.TiffImagePlugin  tag: YCbCrPositioning (531) - type: short (3) - value: b'\x02\x00'
2026-08-10 22:59:59  DEBUG     PIL.TiffImagePlugin  tag: Copyright (33432) - type: string (2) - value: b'\x00'
2026-08-10 22:59:59  DEBUG     PIL.TiffImagePlugin  tag: ExifIFD (34665) - type: long (4) - value: b'h\x01\x00\x00'
2026-08-10 22:59:59  DEBUG     PIL.TiffImagePlugin  tag: GPSInfoIFD (34853) - type: long (4) - value: b'*$\x00\x00'
2026-08-10 22:59:59  DEBUG     httpcore.http11  send_request_headers.started request=<Request [b'POST']>
2026-08-10 22:59:59  DEBUG     httpcore.http11  send_request_headers.complete
2026-08-10 22:59:59  DEBUG     httpcore.http11  send_request_body.started request=<Request [b'POST']>
2026-08-10 22:59:59  DEBUG     httpcore.http11  send_request_body.complete
2026-08-10 22:59:59  DEBUG     httpcore.http11  receive_response_headers.started request=<Request [b'POST']>
2026-08-10 23:00:55  DEBUG     httpcore.http11  receive_response_headers.complete return_value=(b'HTTP/1.1', 200, b'OK', [(b'Content-Type', b'application/json; charset=utf-8'), (b'Date', b'Mon, 10 Aug 2026 17:30:55 GMT'), (b'Content-Length', b'557')])
2026-08-10 23:00:55  INFO      httpx  HTTP Request: POST http://127.0.0.1:11434/api/chat "HTTP/1.1 200 OK"
2026-08-10 23:00:55  DEBUG     httpcore.http11  receive_response_body.started request=<Request [b'POST']>
2026-08-10 23:00:55  DEBUG     httpcore.http11  receive_response_body.complete
2026-08-10 23:00:55  DEBUG     httpcore.http11  response_closed.started
2026-08-10 23:00:55  DEBUG     httpcore.http11  response_closed.complete
2026-08-10 23:00:55  INFO      parsers.image_parser  VLM Output Parsed — extracted_text len=0, description len=256
2026-08-10 23:00:55  WARNING   parsers.image_parser  Ollama Vision call timed out (45s) for 'C:\Users\acer\Downloads\IMG_0531.JPG'; falling back to Tesseract.
2026-08-10 23:00:55  DEBUG     PIL.TiffImagePlugin  tag: Make (271) - type: string (2) Tag Location: 22 - Data Location: 158 - value: b'Canon\x00'
2026-08-10 23:00:55  DEBUG     PIL.TiffImagePlugin  tag: Model (272) - type: string (2) Tag Location: 34 - Data Location: 164 - value: b'Canon EOS 700D\x00'
2026-08-10 23:00:55  DEBUG     PIL.TiffImagePlugin  tag: Orientation (274) - type: short (3) - value: b'\x01\x00'
2026-08-10 23:00:55  DEBUG     PIL.TiffImagePlugin  tag: XResolution (282) - type: rational (5) Tag Location: 58 - Data Location: 196 - value: b'H\x00\x00\x00\x01\x00\x00\x00'
2026-08-10 23:00:55  DEBUG     PIL.TiffImagePlugin  tag: YResolution (283) - type: rational (5) Tag Location: 70 - Data Location: 204 - value: b'H\x00\x00\x00\x01\x00\x00\x00'
2026-08-10 23:00:55  DEBUG     PIL.TiffImagePlugin  tag: ResolutionUnit (296) - type: short (3) - value: b'\x02\x00'
2026-08-10 23:00:55  DEBUG     PIL.TiffImagePlugin  tag: DateTime (306) - type: string (2) Tag Location: 94 - Data Location: 212 - value: b'2026:04:11 15:28:56\x00'
2026-08-10 23:00:55  DEBUG     PIL.TiffImagePlugin  tag: Artist (315) - type: string (2) - value: b'\x00'
2026-08-10 23:00:55  DEBUG     PIL.TiffImagePlugin  tag: YCbCrPositioning (531) - type: short (3) - value: b'\x02\x00'
2026-08-10 23:00:55  DEBUG     PIL.TiffImagePlugin  tag: Copyright (33432) - type: string (2) - value: b'\x00'
2026-08-10 23:00:55  DEBUG     PIL.TiffImagePlugin  tag: ExifIFD (34665) - type: long (4) - value: b'h\x01\x00\x00'
2026-08-10 23:00:55  DEBUG     PIL.TiffImagePlugin  tag: GPSInfoIFD (34853) - type: long (4) - value: b'*$\x00\x00'
2026-08-10 23:00:56  DEBUG     pytesseract  ['tesseract', 'C:\\Users\\acer\\AppData\\Local\\Temp\\tess_564lq7sz_input.PNG', 'C:\\Users\\acer\\AppData\\Local\\Temp\\tess_564lq7sz', '-l', 'eng', 'txt']
2026-08-10 23:00:56  ERROR     parsers.image_parser  Tesseract executable not found. Install Tesseract and ensure it is on your PATH.
2026-08-10 23:00:56  DEBUG     PIL.TiffImagePlugin  tag: Make (271) - type: string (2) Tag Location: 22 - Data Location: 158 - value: b'Canon\x00'
2026-08-10 23:00:56  DEBUG     PIL.TiffImagePlugin  tag: Model (272) - type: string (2) Tag Location: 34 - Data Location: 164 - value: b'Canon EOS 700D\x00'
2026-08-10 23:00:56  DEBUG     PIL.TiffImagePlugin  tag: Orientation (274) - type: short (3) - value: b'\x01\x00'
2026-08-10 23:00:56  DEBUG     PIL.TiffImagePlugin  tag: XResolution (282) - type: rational (5) Tag Location: 58 - Data Location: 196 - value: b'H\x00\x00\x00\x01\x00\x00\x00'
2026-08-10 23:00:56  DEBUG     PIL.TiffImagePlugin  tag: YResolution (283) - type: rational (5) Tag Location: 70 - Data Location: 204 - value: b'H\x00\x00\x00\x01\x00\x00\x00'
2026-08-10 23:00:56  DEBUG     PIL.TiffImagePlugin  tag: ResolutionUnit (296) - type: short (3) - value: b'\x02\x00'
2026-08-10 23:00:56  DEBUG     PIL.TiffImagePlugin  tag: DateTime (306) - type: string (2) Tag Location: 94 - Data Location: 212 - value: b'2026:04:11 15:29:21\x00'
2026-08-10 23:00:56  DEBUG     PIL.TiffImagePlugin  tag: Artist (315) - type: string (2) - value: b'\x00'
2026-08-10 23:00:56  DEBUG     PIL.TiffImagePlugin  tag: YCbCrPositioning (531) - type: short (3) - value: b'\x02\x00'
2026-08-10 23:00:56  DEBUG     PIL.TiffImagePlugin  tag: Copyright (33432) - type: string (2) - value: b'\x00'
2026-08-10 23:00:56  DEBUG     PIL.TiffImagePlugin  tag: ExifIFD (34665) - type: long (4) - value: b'h\x01\x00\x00'
2026-08-10 23:00:56  DEBUG     PIL.TiffImagePlugin  tag: GPSInfoIFD (34853) - type: long (4) - value: b'*$\x00\x00'
2026-08-10 23:00:57  DEBUG     httpcore.http11  send_request_headers.started request=<Request [b'POST']>
2026-08-10 23:00:57  DEBUG     httpcore.http11  send_request_headers.complete
2026-08-10 23:00:57  DEBUG     httpcore.http11  send_request_body.started request=<Request [b'POST']>
2026-08-10 23:00:57  DEBUG     httpcore.http11  send_request_body.complete
2026-08-10 23:00:57  DEBUG     httpcore.http11  receive_response_headers.started request=<Request [b'POST']>
2026-08-10 23:02:05  DEBUG     httpcore.http11  receive_response_headers.complete return_value=(b'HTTP/1.1', 200, b'OK', [(b'Content-Type', b'application/json; charset=utf-8'), (b'Date', b'Mon, 10 Aug 2026 17:32:05 GMT'), (b'Content-Length', b'685')])
2026-08-10 23:02:05  INFO      httpx  HTTP Request: POST http://127.0.0.1:11434/api/chat "HTTP/1.1 200 OK"
2026-08-10 23:02:05  DEBUG     httpcore.http11  receive_response_body.started request=<Request [b'POST']>
2026-08-10 23:02:05  DEBUG     httpcore.http11  receive_response_body.complete
2026-08-10 23:02:05  DEBUG     httpcore.http11  response_closed.started
2026-08-10 23:02:05  DEBUG     httpcore.http11  response_closed.complete
2026-08-10 23:02:05  INFO      parsers.image_parser  VLM Output Parsed — extracted_text len=0, description len=382
2026-08-10 23:02:05  WARNING   parsers.image_parser  Ollama Vision call timed out (45s) for 'C:\Users\acer\Downloads\IMG_0532 (1).JPG'; falling back to Tesseract.
2026-08-10 23:02:05  DEBUG     PIL.TiffImagePlugin  tag: Make (271) - type: string (2) Tag Location: 22 - Data Location: 158 - value: b'Canon\x00'
2026-08-10 23:02:05  DEBUG     PIL.TiffImagePlugin  tag: Model (272) - type: string (2) Tag Location: 34 - Data Location: 164 - value: b'Canon EOS 700D\x00'
2026-08-10 23:02:05  DEBUG     PIL.TiffImagePlugin  tag: Orientation (274) - type: short (3) - value: b'\x01\x00'
2026-08-10 23:02:05  DEBUG     PIL.TiffImagePlugin  tag: XResolution (282) - type: rational (5) Tag Location: 58 - Data Location: 196 - value: b'H\x00\x00\x00\x01\x00\x00\x00'
2026-08-10 23:02:05  DEBUG     PIL.TiffImagePlugin  tag: YResolution (283) - type: rational (5) Tag Location: 70 - Data Location: 204 - value: b'H\x00\x00\x00\x01\x00\x00\x00'
2026-08-10 23:02:05  DEBUG     PIL.TiffImagePlugin  tag: ResolutionUnit (296) - type: short (3) - value: b'\x02\x00'
2026-08-10 23:02:05  DEBUG     PIL.TiffImagePlugin  tag: DateTime (306) - type: string (2) Tag Location: 94 - Data Location: 212 - value: b'2026:04:11 15:29:21\x00'
2026-08-10 23:02:05  DEBUG     PIL.TiffImagePlugin  tag: Artist (315) - type: string (2) - value: b'\x00'
2026-08-10 23:02:05  DEBUG     PIL.TiffImagePlugin  tag: YCbCrPositioning (531) - type: short (3) - value: b'\x02\x00'
2026-08-10 23:02:05  DEBUG     PIL.TiffImagePlugin  tag: Copyright (33432) - type: string (2) - value: b'\x00'
2026-08-10 23:02:05  DEBUG     PIL.TiffImagePlugin  tag: ExifIFD (34665) - type: long (4) - value: b'h\x01\x00\x00'
2026-08-10 23:02:05  DEBUG     PIL.TiffImagePlugin  tag: GPSInfoIFD (34853) - type: long (4) - value: b'*$\x00\x00'
2026-08-10 23:02:06  DEBUG     pytesseract  ['tesseract', 'C:\\Users\\acer\\AppData\\Local\\Temp\\tess_dx7tgemc_input.PNG', 'C:\\Users\\acer\\AppData\\Local\\Temp\\tess_dx7tgemc', '-l', 'eng', 'txt']
2026-08-10 23:02:06  ERROR     parsers.image_parser  Tesseract executable not found. Install Tesseract and ensure it is on your PATH.
2026-08-10 23:02:06  DEBUG     PIL.TiffImagePlugin  tag: Make (271) - type: string (2) Tag Location: 22 - Data Location: 158 - value: b'Canon\x00'
2026-08-10 23:02:06  DEBUG     PIL.TiffImagePlugin  tag: Model (272) - type: string (2) Tag Location: 34 - Data Location: 164 - value: b'Canon EOS 700D\x00'
2026-08-10 23:02:06  DEBUG     PIL.TiffImagePlugin  tag: Orientation (274) - type: short (3) - value: b'\x01\x00'
2026-08-10 23:02:06  DEBUG     PIL.TiffImagePlugin  tag: XResolution (282) - type: rational (5) Tag Location: 58 - Data Location: 196 - value: b'H\x00\x00\x00\x01\x00\x00\x00'
2026-08-10 23:02:06  DEBUG     PIL.TiffImagePlugin  tag: YResolution (283) - type: rational (5) Tag Location: 70 - Data Location: 204 - value: b'H\x00\x00\x00\x01\x00\x00\x00'
2026-08-10 23:02:06  DEBUG     PIL.TiffImagePlugin  tag: ResolutionUnit (296) - type: short (3) - value: b'\x02\x00'
2026-08-10 23:02:06  DEBUG     PIL.TiffImagePlugin  tag: DateTime (306) - type: string (2) Tag Location: 94 - Data Location: 212 - value: b'2026:04:11 15:29:21\x00'
2026-08-10 23:02:06  DEBUG     PIL.TiffImagePlugin  tag: Artist (315) - type: string (2) - value: b'\x00'
2026-08-10 23:02:06  DEBUG     PIL.TiffImagePlugin  tag: YCbCrPositioning (531) - type: short (3) - value: b'\x02\x00'
2026-08-10 23:02:06  DEBUG     PIL.TiffImagePlugin  tag: Copyright (33432) - type: string (2) - value: b'\x00'
2026-08-10 23:02:06  DEBUG     PIL.TiffImagePlugin  tag: ExifIFD (34665) - type: long (4) - value: b'h\x01\x00\x00'
2026-08-10 23:02:06  DEBUG     PIL.TiffImagePlugin  tag: GPSInfoIFD (34853) - type: long (4) - value: b'*$\x00\x00'
2026-08-10 23:02:08  DEBUG     httpcore.http11  send_request_headers.started request=<Request [b'POST']>
2026-08-10 23:02:08  DEBUG     httpcore.http11  send_request_headers.complete
2026-08-10 23:02:08  DEBUG     httpcore.http11  send_request_body.started request=<Request [b'POST']>
2026-08-10 23:02:08  DEBUG     httpcore.http11  send_request_body.complete
2026-08-10 23:02:08  DEBUG     httpcore.http11  receive_response_headers.started request=<Request [b'POST']>
2026-08-10 23:02:43  DEBUG     httpcore.http11  receive_response_headers.complete return_value=(b'HTTP/1.1', 200, b'OK', [(b'Content-Type', b'application/json; charset=utf-8'), (b'Date', b'Mon, 10 Aug 2026 17:32:43 GMT'), (b'Content-Length', b'682')])
2026-08-10 23:02:43  INFO      httpx  HTTP Request: POST http://127.0.0.1:11434/api/chat "HTTP/1.1 200 OK"
2026-08-10 23:02:43  DEBUG     httpcore.http11  receive_response_body.started request=<Request [b'POST']>
2026-08-10 23:02:43  DEBUG     httpcore.http11  receive_response_body.complete
2026-08-10 23:02:43  DEBUG     httpcore.http11  response_closed.started
2026-08-10 23:02:43  DEBUG     httpcore.http11  response_closed.complete
2026-08-10 23:02:43  INFO      parsers.image_parser  VLM Output Parsed — extracted_text len=0, description len=382
2026-08-10 23:02:43  DEBUG     PIL.TiffImagePlugin  tag: Make (271) - type: string (2) Tag Location: 22 - Data Location: 158 - value: b'Canon\x00'
2026-08-10 23:02:43  DEBUG     PIL.TiffImagePlugin  tag: Model (272) - type: string (2) Tag Location: 34 - Data Location: 164 - value: b'Canon EOS 700D\x00'
2026-08-10 23:02:43  DEBUG     PIL.TiffImagePlugin  tag: Orientation (274) - type: short (3) - value: b'\x01\x00'
2026-08-10 23:02:43  DEBUG     PIL.TiffImagePlugin  tag: XResolution (282) - type: rational (5) Tag Location: 58 - Data Location: 196 - value: b'H\x00\x00\x00\x01\x00\x00\x00'
2026-08-10 23:02:43  DEBUG     PIL.TiffImagePlugin  tag: YResolution (283) - type: rational (5) Tag Location: 70 - Data Location: 204 - value: b'H\x00\x00\x00\x01\x00\x00\x00'
2026-08-10 23:02:43  DEBUG     PIL.TiffImagePlugin  tag: ResolutionUnit (296) - type: short (3) - value: b'\x02\x00'
2026-08-10 23:02:43  DEBUG     PIL.TiffImagePlugin  tag: DateTime (306) - type: string (2) Tag Location: 94 - Data Location: 212 - value: b'2026:04:11 15:29:51\x00'
2026-08-10 23:02:43  DEBUG     PIL.TiffImagePlugin  tag: Artist (315) - type: string (2) - value: b'\x00'
2026-08-10 23:02:43  DEBUG     PIL.TiffImagePlugin  tag: YCbCrPositioning (531) - type: short (3) - value: b'\x02\x00'
2026-08-10 23:02:43  DEBUG     PIL.TiffImagePlugin  tag: Copyright (33432) - type: string (2) - value: b'\x00'
2026-08-10 23:02:43  DEBUG     PIL.TiffImagePlugin  tag: ExifIFD (34665) - type: long (4) - value: b'h\x01\x00\x00'
2026-08-10 23:02:43  DEBUG     PIL.TiffImagePlugin  tag: GPSInfoIFD (34853) - type: long (4) - value: b'*$\x00\x00'
2026-08-10 23:02:44  DEBUG     httpcore.http11  send_request_headers.started request=<Request [b'POST']>
2026-08-10 23:02:44  DEBUG     httpcore.http11  send_request_headers.complete
2026-08-10 23:02:44  DEBUG     httpcore.http11  send_request_body.started request=<Request [b'POST']>
2026-08-10 23:02:44  DEBUG     httpcore.http11  send_request_body.complete
2026-08-10 23:02:44  DEBUG     httpcore.http11  receive_response_headers.started request=<Request [b'POST']>
2026-08-10 23:03:48  DEBUG     httpcore.http11  receive_response_headers.complete return_value=(b'HTTP/1.1', 200, b'OK', [(b'Content-Type', b'application/json; charset=utf-8'), (b'Date', b'Mon, 10 Aug 2026 17:33:48 GMT'), (b'Content-Length', b'788')])
2026-08-10 23:03:48  INFO      httpx  HTTP Request: POST http://127.0.0.1:11434/api/chat "HTTP/1.1 200 OK"
2026-08-10 23:03:48  DEBUG     httpcore.http11  receive_response_body.started request=<Request [b'POST']>
2026-08-10 23:03:48  DEBUG     httpcore.http11  receive_response_body.complete
2026-08-10 23:03:48  DEBUG     httpcore.http11  response_closed.started
2026-08-10 23:03:48  DEBUG     httpcore.http11  response_closed.complete
2026-08-10 23:03:48  INFO      parsers.image_parser  VLM Output Parsed — extracted_text len=0, description len=483
2026-08-10 23:03:48  WARNING   parsers.image_parser  Ollama Vision call timed out (45s) for 'C:\Users\acer\Downloads\IMG_0535.JPG'; falling back to Tesseract.
2026-08-10 23:03:48  DEBUG     PIL.TiffImagePlugin  tag: Make (271) - type: string (2) Tag Location: 22 - Data Location: 158 - value: b'Canon\x00'
2026-08-10 23:03:48  DEBUG     PIL.TiffImagePlugin  tag: Model (272) - type: string (2) Tag Location: 34 - Data Location: 164 - value: b'Canon EOS 700D\x00'
2026-08-10 23:03:48  DEBUG     PIL.TiffImagePlugin  tag: Orientation (274) - type: short (3) - value: b'\x01\x00'
2026-08-10 23:03:48  DEBUG     PIL.TiffImagePlugin  tag: XResolution (282) - type: rational (5) Tag Location: 58 - Data Location: 196 - value: b'H\x00\x00\x00\x01\x00\x00\x00'
2026-08-10 23:03:48  DEBUG     PIL.TiffImagePlugin  tag: YResolution (283) - type: rational (5) Tag Location: 70 - Data Location: 204 - value: b'H\x00\x00\x00\x01\x00\x00\x00'
2026-08-10 23:03:48  DEBUG     PIL.TiffImagePlugin  tag: ResolutionUnit (296) - type: short (3) - value: b'\x02\x00'
2026-08-10 23:03:48  DEBUG     PIL.TiffImagePlugin  tag: DateTime (306) - type: string (2) Tag Location: 94 - Data Location: 212 - value: b'2026:04:11 15:29:51\x00'
2026-08-10 23:03:48  DEBUG     PIL.TiffImagePlugin  tag: Artist (315) - type: string (2) - value: b'\x00'
2026-08-10 23:03:48  DEBUG     PIL.TiffImagePlugin  tag: YCbCrPositioning (531) - type: short (3) - value: b'\x02\x00'
2026-08-10 23:03:48  DEBUG     PIL.TiffImagePlugin  tag: Copyright (33432) - type: string (2) - value: b'\x00'
2026-08-10 23:03:48  DEBUG     PIL.TiffImagePlugin  tag: ExifIFD (34665) - type: long (4) - value: b'h\x01\x00\x00'
2026-08-10 23:03:48  DEBUG     PIL.TiffImagePlugin  tag: GPSInfoIFD (34853) - type: long (4) - value: b'*$\x00\x00'
2026-08-10 23:03:49  DEBUG     pytesseract  ['tesseract', 'C:\\Users\\acer\\AppData\\Local\\Temp\\tess_so2cdi00_input.PNG', 'C:\\Users\\acer\\AppData\\Local\\Temp\\tess_so2cdi00', '-l', 'eng', 'txt']
2026-08-10 23:03:49  ERROR     parsers.image_parser  Tesseract executable not found. Install Tesseract and ensure it is on your PATH.
2026-08-10 23:03:49  DEBUG     PIL.TiffImagePlugin  tag: Make (271) - type: string (2) Tag Location: 22 - Data Location: 158 - value: b'Canon\x00'
2026-08-10 23:03:49  DEBUG     PIL.TiffImagePlugin  tag: Model (272) - type: string (2) Tag Location: 34 - Data Location: 164 - value: b'Canon EOS 700D\x00'
2026-08-10 23:03:49  DEBUG     PIL.TiffImagePlugin  tag: Orientation (274) - type: short (3) - value: b'\x01\x00'
2026-08-10 23:03:49  DEBUG     PIL.TiffImagePlugin  tag: XResolution (282) - type: rational (5) Tag Location: 58 - Data Location: 196 - value: b'H\x00\x00\x00\x01\x00\x00\x00'
2026-08-10 23:03:49  DEBUG     PIL.TiffImagePlugin  tag: YResolution (283) - type: rational (5) Tag Location: 70 - Data Location: 204 - value: b'H\x00\x00\x00\x01\x00\x00\x00'
2026-08-10 23:03:49  DEBUG     PIL.TiffImagePlugin  tag: ResolutionUnit (296) - type: short (3) - value: b'\x02\x00'
2026-08-10 23:03:49  DEBUG     PIL.TiffImagePlugin  tag: DateTime (306) - type: string (2) Tag Location: 94 - Data Location: 212 - value: b'2026:04:11 15:31:05\x00'
2026-08-10 23:03:49  DEBUG     PIL.TiffImagePlugin  tag: Artist (315) - type: string (2) - value: b'\x00'
2026-08-10 23:03:49  DEBUG     PIL.TiffImagePlugin  tag: YCbCrPositioning (531) - type: short (3) - value: b'\x02\x00'
2026-08-10 23:03:49  DEBUG     PIL.TiffImagePlugin  tag: Copyright (33432) - type: string (2) - value: b'\x00'
2026-08-10 23:03:49  DEBUG     PIL.TiffImagePlugin  tag: ExifIFD (34665) - type: long (4) - value: b'h\x01\x00\x00'
2026-08-10 23:03:49  DEBUG     PIL.TiffImagePlugin  tag: GPSInfoIFD (34853) - type: long (4) - value: b'*$\x00\x00'
2026-08-10 23:03:49  DEBUG     httpcore.http11  send_request_headers.started request=<Request [b'POST']>
2026-08-10 23:03:49  DEBUG     httpcore.http11  send_request_headers.complete
2026-08-10 23:03:49  DEBUG     httpcore.http11  send_request_body.started request=<Request [b'POST']>
2026-08-10 23:03:49  DEBUG     httpcore.http11  send_request_body.complete
2026-08-10 23:03:49  DEBUG     httpcore.http11  receive_response_headers.started request=<Request [b'POST']>
2026-08-10 23:04:11  DEBUG     httpcore.http11  receive_response_headers.failed exception=ReadError(ConnectionResetError(10054, 'An existing connection was forcibly closed by the remote host', None, 10054, None))
2026-08-10 23:04:11  DEBUG     httpcore.http11  response_closed.started
2026-08-10 23:04:11  DEBUG     httpcore.http11  response_closed.complete
2026-08-10 23:04:11  WARNING   parsers.image_parser  Ollama Vision call failed for 'C:\Users\acer\Downloads\IMG_0538.JPG' (ReadError: [WinError 10054] An existing connection was forcibly closed by the remote host); falling back to Tesseract.
2026-08-10 23:04:11  DEBUG     PIL.TiffImagePlugin  tag: Make (271) - type: string (2) Tag Location: 22 - Data Location: 158 - value: b'Canon\x00'
2026-08-10 23:04:11  DEBUG     PIL.TiffImagePlugin  tag: Model (272) - type: string (2) Tag Location: 34 - Data Location: 164 - value: b'Canon EOS 700D\x00'
2026-08-10 23:04:11  DEBUG     PIL.TiffImagePlugin  tag: Orientation (274) - type: short (3) - value: b'\x01\x00'
2026-08-10 23:04:11  DEBUG     PIL.TiffImagePlugin  tag: XResolution (282) - type: rational (5) Tag Location: 58 - Data Location: 196 - value: b'H\x00\x00\x00\x01\x00\x00\x00'
2026-08-10 23:04:11  DEBUG     PIL.TiffImagePlugin  tag: YResolution (283) - type: rational (5) Tag Location: 70 - Data Location: 204 - value: b'H\x00\x00\x00\x01\x00\x00\x00'
2026-08-10 23:04:11  DEBUG     PIL.TiffImagePlugin  tag: ResolutionUnit (296) - type: short (3) - value: b'\x02\x00'
2026-08-10 23:04:11  DEBUG     PIL.TiffImagePlugin  tag: DateTime (306) - type: string (2) Tag Location: 94 - Data Location: 212 - value: b'2026:04:11 15:31:05\x00'
2026-08-10 23:04:11  DEBUG     PIL.TiffImagePlugin  tag: Artist (315) - type: string (2) - value: b'\x00'
2026-08-10 23:04:11  DEBUG     PIL.TiffImagePlugin  tag: YCbCrPositioning (531) - type: short (3) - value: b'\x02\x00'
2026-08-10 23:04:11  DEBUG     PIL.TiffImagePlugin  tag: Copyright (33432) - type: string (2) - value: b'\x00'
2026-08-10 23:04:11  DEBUG     PIL.TiffImagePlugin  tag: ExifIFD (34665) - type: long (4) - value: b'h\x01\x00\x00'
2026-08-10 23:04:11  DEBUG     PIL.TiffImagePlugin  tag: GPSInfoIFD (34853) - type: long (4) - value: b'*$\x00\x00'
2026-08-10 23:04:13  DEBUG     pytesseract  ['tesseract', 'C:\\Users\\acer\\AppData\\Local\\Temp\\tess_gmgg3w_a_input.PNG', 'C:\\Users\\acer\\AppData\\Local\\Temp\\tess_gmgg3w_a', '-l', 'eng', 'txt']
2026-08-10 23:04:13  ERROR     parsers.image_parser  Tesseract executable not found. Install Tesseract and ensure it is on your PATH.
2026-08-10 23:04:13  DEBUG     PIL.TiffImagePlugin  tag: Make (271) - type: string (2) Tag Location: 22 - Data Location: 158 - value: b'Canon\x00'
2026-08-10 23:04:13  DEBUG     PIL.TiffImagePlugin  tag: Model (272) - type: string (2) Tag Location: 34 - Data Location: 164 - value: b'Canon EOS 700D\x00'
2026-08-10 23:04:13  DEBUG     PIL.TiffImagePlugin  tag: Orientation (274) - type: short (3) - value: b'\x01\x00'
2026-08-10 23:04:13  DEBUG     PIL.TiffImagePlugin  tag: XResolution (282) - type: rational (5) Tag Location: 58 - Data Location: 196 - value: b'H\x00\x00\x00\x01\x00\x00\x00'
2026-08-10 23:04:13  DEBUG     PIL.TiffImagePlugin  tag: YResolution (283) - type: rational (5) Tag Location: 70 - Data Location: 204 - value: b'H\x00\x00\x00\x01\x00\x00\x00'
2026-08-10 23:04:13  DEBUG     PIL.TiffImagePlugin  tag: ResolutionUnit (296) - type: short (3) - value: b'\x02\x00'
2026-08-10 23:04:13  DEBUG     PIL.TiffImagePlugin  tag: DateTime (306) - type: string (2) Tag Location: 94 - Data Location: 212 - value: b'2026:04:11 15:31:09\x00'
2026-08-10 23:04:13  DEBUG     PIL.TiffImagePlugin  tag: Artist (315) - type: string (2) - value: b'\x00'
2026-08-10 23:04:13  DEBUG     PIL.TiffImagePlugin  tag: YCbCrPositioning (531) - type: short (3) - value: b'\x02\x00'
2026-08-10 23:04:13  DEBUG     PIL.TiffImagePlugin  tag: Copyright (33432) - type: string (2) - value: b'\x00'
2026-08-10 23:04:13  DEBUG     PIL.TiffImagePlugin  tag: ExifIFD (34665) - type: long (4) - value: b'h\x01\x00\x00'
2026-08-10 23:04:13  DEBUG     PIL.TiffImagePlugin  tag: GPSInfoIFD (34853) - type: long (4) - value: b'*$\x00\x00'
2026-08-10 23:04:13  DEBUG     httpcore.connection  connect_tcp.started host='127.0.0.1' port=11434 local_address=None timeout=None socket_options=None
2026-08-10 23:04:15  DEBUG     httpcore.connection  connect_tcp.failed exception=ConnectError(ConnectionRefusedError(10061, 'No connection could be made because the target machine actively refused it', None, 10061, None))
2026-08-10 23:04:15  WARNING   parsers.image_parser  Ollama Vision call failed for 'C:\Users\acer\Downloads\IMG_0541.JPG' (ConnectionError: Failed to connect to Ollama. Please check that Ollama is downloaded, running and accessible. https://ollama.com/download); falling back to Tesseract.
2026-08-10 23:04:15  DEBUG     PIL.TiffImagePlugin  tag: Make (271) - type: string (2) Tag Location: 22 - Data Location: 158 - value: b'Canon\x00'
2026-08-10 23:04:15  DEBUG     PIL.TiffImagePlugin  tag: Model (272) - type: string (2) Tag Location: 34 - Data Location: 164 - value: b'Canon EOS 700D\x00'
2026-08-10 23:04:15  DEBUG     PIL.TiffImagePlugin  tag: Orientation (274) - type: short (3) - value: b'\x01\x00'
2026-08-10 23:04:15  DEBUG     PIL.TiffImagePlugin  tag: XResolution (282) - type: rational (5) Tag Location: 58 - Data Location: 196 - value: b'H\x00\x00\x00\x01\x00\x00\x00'
2026-08-10 23:04:15  DEBUG     PIL.TiffImagePlugin  tag: YResolution (283) - type: rational (5) Tag Location: 70 - Data Location: 204 - value: b'H\x00\x00\x00\x01\x00\x00\x00'
2026-08-10 23:04:15  DEBUG     PIL.TiffImagePlugin  tag: ResolutionUnit (296) - type: short (3) - value: b'\x02\x00'
2026-08-10 23:04:15  DEBUG     PIL.TiffImagePlugin  tag: DateTime (306) - type: string (2) Tag Location: 94 - Data Location: 212 - value: b'2026:04:11 15:31:09\x00'
2026-08-10 23:04:15  DEBUG     PIL.TiffImagePlugin  tag: Artist (315) - type: string (2) - value: b'\x00'
2026-08-10 23:04:15  DEBUG     PIL.TiffImagePlugin  tag: YCbCrPositioning (531) - type: short (3) - value: b'\x02\x00'
2026-08-10 23:04:15  DEBUG     PIL.TiffImagePlugin  tag: Copyright (33432) - type: string (2) - value: b'\x00'
2026-08-10 23:04:15  DEBUG     PIL.TiffImagePlugin  tag: ExifIFD (34665) - type: long (4) - value: b'h\x01\x00\x00'
2026-08-10 23:04:15  DEBUG     PIL.TiffImagePlugin  tag: GPSInfoIFD (34853) - type: long (4) - value: b'*$\x00\x00'
2026-08-10 23:04:16  DEBUG     pytesseract  ['tesseract', 'C:\\Users\\acer\\AppData\\Local\\Temp\\tess_vldaqt4s_input.PNG', 'C:\\Users\\acer\\AppData\\Local\\Temp\\tess_vldaqt4s', '-l', 'eng', 'txt']
2026-08-10 23:04:16  ERROR     parsers.image_parser  Tesseract executable not found. Install Tesseract and ensure it is on your PATH.
2026-08-10 23:04:16  DEBUG     PIL.TiffImagePlugin  tag: Make (271) - type: string (2) Tag Location: 22 - Data Location: 158 - value: b'Canon\x00'
2026-08-10 23:04:16  DEBUG     PIL.TiffImagePlugin  tag: Model (272) - type: string (2) Tag Location: 34 - Data Location: 164 - value: b'Canon EOS 700D\x00'
2026-08-10 23:04:16  DEBUG     PIL.TiffImagePlugin  tag: Orientation (274) - type: short (3) - value: b'\x01\x00'
2026-08-10 23:04:16  DEBUG     PIL.TiffImagePlugin  tag: XResolution (282) - type: rational (5) Tag Location: 58 - Data Location: 196 - value: b'H\x00\x00\x00\x01\x00\x00\x00'
2026-08-10 23:04:16  DEBUG     PIL.TiffImagePlugin  tag: YResolution (283) - type: rational (5) Tag Location: 70 - Data Location: 204 - value: b'H\x00\x00\x00\x01\x00\x00\x00'
2026-08-10 23:04:16  DEBUG     PIL.TiffImagePlugin  tag: ResolutionUnit (296) - type: short (3) - value: b'\x02\x00'
2026-08-10 23:04:16  DEBUG     PIL.TiffImagePlugin  tag: DateTime (306) - type: string (2) Tag Location: 94 - Data Location: 212 - value: b'2026:04:11 15:47:44\x00'
2026-08-10 23:04:16  DEBUG     PIL.TiffImagePlugin  tag: Artist (315) - type: string (2) - value: b'\x00'
2026-08-10 23:04:16  DEBUG     PIL.TiffImagePlugin  tag: YCbCrPositioning (531) - type: short (3) - value: b'\x02\x00'
2026-08-10 23:04:16  DEBUG     PIL.TiffImagePlugin  tag: Copyright (33432) - type: string (2) - value: b'\x00'
2026-08-10 23:04:16  DEBUG     PIL.TiffImagePlugin  tag: ExifIFD (34665) - type: long (4) - value: b'h\x01\x00\x00'
2026-08-10 23:04:16  DEBUG     PIL.TiffImagePlugin  tag: GPSInfoIFD (34853) - type: long (4) - value: b'*$\x00\x00'
2026-08-10 23:04:16  DEBUG     httpcore.connection  connect_tcp.started host='127.0.0.1' port=11434 local_address=None timeout=None socket_options=None
2026-08-10 23:04:18  DEBUG     httpcore.connection  connect_tcp.failed exception=ConnectError(ConnectionRefusedError(10061, 'No connection could be made because the target machine actively refused it', None, 10061, None))
2026-08-10 23:04:18  WARNING   parsers.image_parser  Ollama Vision call failed for 'C:\Users\acer\Downloads\IMG_0670.JPG' (ConnectionError: Failed to connect to Ollama. Please check that Ollama is downloaded, running and accessible. https://ollama.com/download); falling back to Tesseract.
2026-08-10 23:04:18  DEBUG     PIL.TiffImagePlugin  tag: Make (271) - type: string (2) Tag Location: 22 - Data Location: 158 - value: b'Canon\x00'
2026-08-10 23:04:18  DEBUG     PIL.TiffImagePlugin  tag: Model (272) - type: string (2) Tag Location: 34 - Data Location: 164 - value: b'Canon EOS 700D\x00'
2026-08-10 23:04:18  DEBUG     PIL.TiffImagePlugin  tag: Orientation (274) - type: short (3) - value: b'\x01\x00'
2026-08-10 23:04:18  DEBUG     PIL.TiffImagePlugin  tag: XResolution (282) - type: rational (5) Tag Location: 58 - Data Location: 196 - value: b'H\x00\x00\x00\x01\x00\x00\x00'
2026-08-10 23:04:18  DEBUG     PIL.TiffImagePlugin  tag: YResolution (283) - type: rational (5) Tag Location: 70 - Data Location: 204 - value: b'H\x00\x00\x00\x01\x00\x00\x00'
2026-08-10 23:04:18  DEBUG     PIL.TiffImagePlugin  tag: ResolutionUnit (296) - type: short (3) - value: b'\x02\x00'
2026-08-10 23:04:18  DEBUG     PIL.TiffImagePlugin  tag: DateTime (306) - type: string (2) Tag Location: 94 - Data Location: 212 - value: b'2026:04:11 15:47:44\x00'
2026-08-10 23:04:18  DEBUG     PIL.TiffImagePlugin  tag: Artist (315) - type: string (2) - value: b'\x00'
2026-08-10 23:04:18  DEBUG     PIL.TiffImagePlugin  tag: YCbCrPositioning (531) - type: short (3) - value: b'\x02\x00'
2026-08-10 23:04:18  DEBUG     PIL.TiffImagePlugin  tag: Copyright (33432) - type: string (2) - value: b'\x00'
2026-08-10 23:04:18  DEBUG     PIL.TiffImagePlugin  tag: ExifIFD (34665) - type: long (4) - value: b'h\x01\x00\x00'
2026-08-10 23:04:18  DEBUG     PIL.TiffImagePlugin  tag: GPSInfoIFD (34853) - type: long (4) - value: b'*$\x00\x00'
2026-08-10 23:04:19  DEBUG     pytesseract  ['tesseract', 'C:\\Users\\acer\\AppData\\Local\\Temp\\tess__9lpulew_input.PNG', 'C:\\Users\\acer\\AppData\\Local\\Temp\\tess__9lpulew', '-l', 'eng', 'txt']
2026-08-10 23:04:19  ERROR     parsers.image_parser  Tesseract executable not found. Install Tesseract and ensure it is on your PATH.
2026-08-10 23:04:19  DEBUG     PIL.TiffImagePlugin  tag: Make (271) - type: string (2) Tag Location: 22 - Data Location: 158 - value: b'Canon\x00'
2026-08-10 23:04:19  DEBUG     PIL.TiffImagePlugin  tag: Model (272) - type: string (2) Tag Location: 34 - Data Location: 164 - value: b'Canon EOS 700D\x00'
2026-08-10 23:04:19  DEBUG     PIL.TiffImagePlugin  tag: Orientation (274) - type: short (3) - value: b'\x01\x00'
2026-08-10 23:04:19  DEBUG     PIL.TiffImagePlugin  tag: XResolution (282) - type: rational (5) Tag Location: 58 - Data Location: 196 - value: b'H\x00\x00\x00\x01\x00\x00\x00'
2026-08-10 23:04:19  DEBUG     PIL.TiffImagePlugin  tag: YResolution (283) - type: rational (5) Tag Location: 70 - Data Location: 204 - value: b'H\x00\x00\x00\x01\x00\x00\x00'
2026-08-10 23:04:19  DEBUG     PIL.TiffImagePlugin  tag: ResolutionUnit (296) - type: short (3) - value: b'\x02\x00'
2026-08-10 23:04:19  DEBUG     PIL.TiffImagePlugin  tag: DateTime (306) - type: string (2) Tag Location: 94 - Data Location: 212 - value: b'2026:04:11 16:01:28\x00'
2026-08-10 23:04:19  DEBUG     PIL.TiffImagePlugin  tag: Artist (315) - type: string (2) - value: b'\x00'
2026-08-10 23:04:19  DEBUG     PIL.TiffImagePlugin  tag: YCbCrPositioning (531) - type: short (3) - value: b'\x02\x00'
2026-08-10 23:04:19  DEBUG     PIL.TiffImagePlugin  tag: Copyright (33432) - type: string (2) - value: b'\x00'
2026-08-10 23:04:19  DEBUG     PIL.TiffImagePlugin  tag: ExifIFD (34665) - type: long (4) - value: b'h\x01\x00\x00'
2026-08-10 23:04:19  DEBUG     PIL.TiffImagePlugin  tag: GPSInfoIFD (34853) - type: long (4) - value: b'*$\x00\x00'
2026-08-10 23:04:19  DEBUG     httpcore.connection  connect_tcp.started host='127.0.0.1' port=11434 local_address=None timeout=None socket_options=None
2026-08-10 23:04:21  DEBUG     httpcore.connection  connect_tcp.failed exception=ConnectError(ConnectionRefusedError(10061, 'No connection could be made because the target machine actively refused it', None, 10061, None))
2026-08-10 23:04:21  WARNING   parsers.image_parser  Ollama Vision call failed for 'C:\Users\acer\Downloads\IMG_0715.JPG' (ConnectionError: Failed to connect to Ollama. Please check that Ollama is downloaded, running and accessible. https://ollama.com/download); falling back to Tesseract.
2026-08-10 23:04:21  DEBUG     PIL.TiffImagePlugin  tag: Make (271) - type: string (2) Tag Location: 22 - Data Location: 158 - value: b'Canon\x00'
2026-08-10 23:04:21  DEBUG     PIL.TiffImagePlugin  tag: Model (272) - type: string (2) Tag Location: 34 - Data Location: 164 - value: b'Canon EOS 700D\x00'
2026-08-10 23:04:21  DEBUG     PIL.TiffImagePlugin  tag: Orientation (274) - type: short (3) - value: b'\x01\x00'
2026-08-10 23:04:21  DEBUG     PIL.TiffImagePlugin  tag: XResolution (282) - type: rational (5) Tag Location: 58 - Data Location: 196 - value: b'H\x00\x00\x00\x01\x00\x00\x00'
2026-08-10 23:04:21  DEBUG     PIL.TiffImagePlugin  tag: YResolution (283) - type: rational (5) Tag Location: 70 - Data Location: 204 - value: b'H\x00\x00\x00\x01\x00\x00\x00'
2026-08-10 23:04:21  DEBUG     PIL.TiffImagePlugin  tag: ResolutionUnit (296) - type: short (3) - value: b'\x02\x00'
2026-08-10 23:04:21  DEBUG     PIL.TiffImagePlugin  tag: DateTime (306) - type: string (2) Tag Location: 94 - Data Location: 212 - value: b'2026:04:11 16:01:28\x00'
2026-08-10 23:04:21  DEBUG     PIL.TiffImagePlugin  tag: Artist (315) - type: string (2) - value: b'\x00'
2026-08-10 23:04:21  DEBUG     PIL.TiffImagePlugin  tag: YCbCrPositioning (531) - type: short (3) - value: b'\x02\x00'
2026-08-10 23:04:21  DEBUG     PIL.TiffImagePlugin  tag: Copyright (33432) - type: string (2) - value: b'\x00'
2026-08-10 23:04:21  DEBUG     PIL.TiffImagePlugin  tag: ExifIFD (34665) - type: long (4) - value: b'h\x01\x00\x00'
2026-08-10 23:04:21  DEBUG     PIL.TiffImagePlugin  tag: GPSInfoIFD (34853) - type: long (4) - value: b'*$\x00\x00'
2026-08-10 23:04:22  DEBUG     pytesseract  ['tesseract', 'C:\\Users\\acer\\AppData\\Local\\Temp\\tess_k4lxghgo_input.PNG', 'C:\\Users\\acer\\AppData\\Local\\Temp\\tess_k4lxghgo', '-l', 'eng', 'txt']
2026-08-10 23:04:22  ERROR     parsers.image_parser  Tesseract executable not found. Install Tesseract and ensure it is on your PATH.
2026-08-10 23:04:22  DEBUG     PIL.TiffImagePlugin  tag: Make (271) - type: string (2) Tag Location: 22 - Data Location: 158 - value: b'Canon\x00'
2026-08-10 23:04:22  DEBUG     PIL.TiffImagePlugin  tag: Model (272) - type: string (2) Tag Location: 34 - Data Location: 164 - value: b'Canon EOS 700D\x00'
2026-08-10 23:04:22  DEBUG     PIL.TiffImagePlugin  tag: Orientation (274) - type: short (3) - value: b'\x01\x00'
2026-08-10 23:04:22  DEBUG     PIL.TiffImagePlugin  tag: XResolution (282) - type: rational (5) Tag Location: 58 - Data Location: 196 - value: b'H\x00\x00\x00\x01\x00\x00\x00'
2026-08-10 23:04:22  DEBUG     PIL.TiffImagePlugin  tag: YResolution (283) - type: rational (5) Tag Location: 70 - Data Location: 204 - value: b'H\x00\x00\x00\x01\x00\x00\x00'
2026-08-10 23:04:22  DEBUG     PIL.TiffImagePlugin  tag: ResolutionUnit (296) - type: short (3) - value: b'\x02\x00'
2026-08-10 23:04:22  DEBUG     PIL.TiffImagePlugin  tag: DateTime (306) - type: string (2) Tag Location: 94 - Data Location: 212 - value: b'2026:02:18 18:07:18\x00'
2026-08-10 23:04:22  DEBUG     PIL.TiffImagePlugin  tag: Artist (315) - type: string (2) - value: b'\x00'
2026-08-10 23:04:22  DEBUG     PIL.TiffImagePlugin  tag: YCbCrPositioning (531) - type: short (3) - value: b'\x02\x00'
2026-08-10 23:04:22  DEBUG     PIL.TiffImagePlugin  tag: Copyright (33432) - type: string (2) - value: b'\x00'
2026-08-10 23:04:22  DEBUG     PIL.TiffImagePlugin  tag: ExifIFD (34665) - type: long (4) - value: b'h\x01\x00\x00'
2026-08-10 23:04:22  DEBUG     PIL.TiffImagePlugin  tag: GPSInfoIFD (34853) - type: long (4) - value: b'*$\x00\x00'
2026-08-10 23:04:22  DEBUG     httpcore.connection  connect_tcp.started host='127.0.0.1' port=11434 local_address=None timeout=None socket_options=None
2026-08-10 23:04:24  DEBUG     httpcore.connection  connect_tcp.failed exception=ConnectError(ConnectionRefusedError(10061, 'No connection could be made because the target machine actively refused it', None, 10061, None))
2026-08-10 23:04:24  WARNING   parsers.image_parser  Ollama Vision call failed for 'C:\Users\acer\Downloads\IMG_9904.JPG' (ConnectionError: Failed to connect to Ollama. Please check that Ollama is downloaded, running and accessible. https://ollama.com/download); falling back to Tesseract.
2026-08-10 23:04:24  DEBUG     PIL.TiffImagePlugin  tag: Make (271) - type: string (2) Tag Location: 22 - Data Location: 158 - value: b'Canon\x00'
2026-08-10 23:04:24  DEBUG     PIL.TiffImagePlugin  tag: Model (272) - type: string (2) Tag Location: 34 - Data Location: 164 - value: b'Canon EOS 700D\x00'
2026-08-10 23:04:24  DEBUG     PIL.TiffImagePlugin  tag: Orientation (274) - type: short (3) - value: b'\x01\x00'
2026-08-10 23:04:24  DEBUG     PIL.TiffImagePlugin  tag: XResolution (282) - type: rational (5) Tag Location: 58 - Data Location: 196 - value: b'H\x00\x00\x00\x01\x00\x00\x00'
2026-08-10 23:04:24  DEBUG     PIL.TiffImagePlugin  tag: YResolution (283) - type: rational (5) Tag Location: 70 - Data Location: 204 - value: b'H\x00\x00\x00\x01\x00\x00\x00'
2026-08-10 23:04:24  DEBUG     PIL.TiffImagePlugin  tag: ResolutionUnit (296) - type: short (3) - value: b'\x02\x00'
2026-08-10 23:04:24  DEBUG     PIL.TiffImagePlugin  tag: DateTime (306) - type: string (2) Tag Location: 94 - Data Location: 212 - value: b'2026:02:18 18:07:18\x00'
2026-08-10 23:04:24  DEBUG     PIL.TiffImagePlugin  tag: Artist (315) - type: string (2) - value: b'\x00'
2026-08-10 23:04:24  DEBUG     PIL.TiffImagePlugin  tag: YCbCrPositioning (531) - type: short (3) - value: b'\x02\x00'
2026-08-10 23:04:24  DEBUG     PIL.TiffImagePlugin  tag: Copyright (33432) - type: string (2) - value: b'\x00'
2026-08-10 23:04:24  DEBUG     PIL.TiffImagePlugin  tag: ExifIFD (34665) - type: long (4) - value: b'h\x01\x00\x00'
2026-08-10 23:04:24  DEBUG     PIL.TiffImagePlugin  tag: GPSInfoIFD (34853) - type: long (4) - value: b'*$\x00\x00'
2026-08-10 23:04:25  DEBUG     pytesseract  ['tesseract', 'C:\\Users\\acer\\AppData\\Local\\Temp\\tess_n5txbpsd_input.PNG', 'C:\\Users\\acer\\AppData\\Local\\Temp\\tess_n5txbpsd', '-l', 'eng', 'txt']
2026-08-10 23:04:25  ERROR     parsers.image_parser  Tesseract executable not found. Install Tesseract and ensure it is on your PATH.
2026-08-10 23:04:25  DEBUG     httpcore.connection  connect_tcp.started host='127.0.0.1' port=11434 local_address=None timeout=None socket_options=None
2026-08-10 23:04:27  DEBUG     httpcore.connection  connect_tcp.failed exception=ConnectError(ConnectionRefusedError(10061, 'No connection could be made because the target machine actively refused it', None, 10061, None))
2026-08-10 23:04:27  WARNING   parsers.image_parser  Ollama Vision call failed for 'C:\Users\acer\Downloads\input.jpg' (ConnectionError: Failed to connect to Ollama. Please check that Ollama is downloaded, running and accessible. https://ollama.com/download); falling back to Tesseract.
2026-08-10 23:04:28  DEBUG     pytesseract  ['tesseract', 'C:\\Users\\acer\\AppData\\Local\\Temp\\tess_ysbpz999_input.PNG', 'C:\\Users\\acer\\AppData\\Local\\Temp\\tess_ysbpz999', '-l', 'eng', 'txt']
2026-08-10 23:04:28  ERROR     parsers.image_parser  Tesseract executable not found. Install Tesseract and ensure it is on your PATH.
2026-08-10 23:04:28  DEBUG     httpcore.connection  connect_tcp.started host='127.0.0.1' port=11434 local_address=None timeout=None socket_options=None
2026-08-10 23:04:30  DEBUG     httpcore.connection  connect_tcp.failed exception=ConnectError(ConnectionRefusedError(10061, 'No connection could be made because the target machine actively refused it', None, 10061, None))
2026-08-10 23:04:30  WARNING   parsers.image_parser  Ollama Vision call failed for 'C:\Users\acer\Downloads\marksheet.jpeg' (ConnectionError: Failed to connect to Ollama. Please check that Ollama is downloaded, running and accessible. https://ollama.com/download); falling back to Tesseract.
2026-08-10 23:04:30  DEBUG     pytesseract  ['tesseract', 'C:\\Users\\acer\\AppData\\Local\\Temp\\tess_f697aivp_input.PNG', 'C:\\Users\\acer\\AppData\\Local\\Temp\\tess_f697aivp', '-l', 'eng', 'txt']
2026-08-10 23:04:30  ERROR     parsers.image_parser  Tesseract executable not found. Install Tesseract and ensure it is on your PATH.
2026-08-10 23:04:30  DEBUG     PIL.PngImagePlugin  STREAM b'IHDR' 16 13
2026-08-10 23:04:30  DEBUG     PIL.PngImagePlugin  STREAM b'IDAT' 41 4096
2026-08-10 23:04:30  DEBUG     PIL.PngImagePlugin  STREAM b'IDAT' 144879 6
2026-08-10 23:04:30  DEBUG     httpcore.connection  connect_tcp.started host='127.0.0.1' port=11434 local_address=None timeout=None socket_options=None
2026-08-10 23:04:32  DEBUG     httpcore.connection  connect_tcp.failed exception=ConnectError(ConnectionRefusedError(10061, 'No connection could be made because the target machine actively refused it', None, 10061, None))
2026-08-10 23:04:32  WARNING   parsers.image_parser  Ollama Vision call failed for 'C:\Users\acer\Downloads\mermaid-diagram-2026-08-05-220510.png' (ConnectionError: Failed to connect to Ollama. Please check that Ollama is downloaded, running and accessible. https://ollama.com/download); falling back to Tesseract.
2026-08-10 23:04:32  DEBUG     PIL.PngImagePlugin  STREAM b'IHDR' 16 13
2026-08-10 23:04:32  DEBUG     PIL.PngImagePlugin  STREAM b'IDAT' 41 4096
2026-08-10 23:04:32  DEBUG     PIL.PngImagePlugin  STREAM b'IDAT' 144879 6
2026-08-10 23:04:32  DEBUG     pytesseract  ['tesseract', 'C:\\Users\\acer\\AppData\\Local\\Temp\\tess_k4wdtiw3_input.PNG', 'C:\\Users\\acer\\AppData\\Local\\Temp\\tess_k4wdtiw3', '-l', 'eng', 'txt']
2026-08-10 23:04:32  ERROR     parsers.image_parser  Tesseract executable not found. Install Tesseract and ensure it is on your PATH.
2026-08-10 23:04:32  DEBUG     PIL.PngImagePlugin  STREAM b'IHDR' 16 13
2026-08-10 23:04:32  DEBUG     PIL.PngImagePlugin  STREAM b'IDAT' 41 4096
2026-08-10 23:04:32  DEBUG     PIL.PngImagePlugin  STREAM b'IDAT' 151892 6
2026-08-10 23:04:32  DEBUG     httpcore.connection  connect_tcp.started host='127.0.0.1' port=11434 local_address=None timeout=None socket_options=None
2026-08-10 23:04:34  DEBUG     httpcore.connection  connect_tcp.failed exception=ConnectError(ConnectionRefusedError(10061, 'No connection could be made because the target machine actively refused it', None, 10061, None))
2026-08-10 23:04:34  WARNING   parsers.image_parser  Ollama Vision call failed for 'C:\Users\acer\Downloads\mermaid-diagram-2026-08-05-220648.png' (ConnectionError: Failed to connect to Ollama. Please check that Ollama is downloaded, running and accessible. https://ollama.com/download); falling back to Tesseract.
2026-08-10 23:04:34  DEBUG     PIL.PngImagePlugin  STREAM b'IHDR' 16 13
2026-08-10 23:04:34  DEBUG     PIL.PngImagePlugin  STREAM b'IDAT' 41 4096
2026-08-10 23:04:34  DEBUG     PIL.PngImagePlugin  STREAM b'IDAT' 151892 6
2026-08-10 23:04:34  DEBUG     pytesseract  ['tesseract', 'C:\\Users\\acer\\AppData\\Local\\Temp\\tess_5jzuyjo8_input.PNG', 'C:\\Users\\acer\\AppData\\Local\\Temp\\tess_5jzuyjo8', '-l', 'eng', 'txt']
2026-08-10 23:04:34  ERROR     parsers.image_parser  Tesseract executable not found. Install Tesseract and ensure it is on your PATH.
2026-08-10 23:04:34  DEBUG     httpcore.connection  connect_tcp.started host='127.0.0.1' port=11434 local_address=None timeout=None socket_options=None
2026-08-10 23:04:36  DEBUG     httpcore.connection  connect_tcp.complete return_value=<httpcore._backends.sync.SyncStream object at 0x000002A64A288190>
2026-08-10 23:04:36  DEBUG     httpcore.http11  send_request_headers.started request=<Request [b'POST']>
2026-08-10 23:04:36  DEBUG     httpcore.http11  send_request_headers.complete
2026-08-10 23:04:36  DEBUG     httpcore.http11  send_request_body.started request=<Request [b'POST']>
2026-08-10 23:04:36  DEBUG     httpcore.http11  send_request_body.complete
2026-08-10 23:04:36  DEBUG     httpcore.http11  receive_response_headers.started request=<Request [b'POST']>
2026-08-10 23:05:11  DEBUG     httpcore.http11  receive_response_headers.complete return_value=(b'HTTP/1.1', 200, b'OK', [(b'Content-Type', b'application/json; charset=utf-8'), (b'Date', b'Mon, 10 Aug 2026 17:35:11 GMT'), (b'Content-Length', b'514')])
2026-08-10 23:05:11  INFO      httpx  HTTP Request: POST http://127.0.0.1:11434/api/chat "HTTP/1.1 200 OK"
2026-08-10 23:05:11  DEBUG     httpcore.http11  receive_response_body.started request=<Request [b'POST']>
2026-08-10 23:05:11  DEBUG     httpcore.http11  receive_response_body.complete
2026-08-10 23:05:11  DEBUG     httpcore.http11  response_closed.started
2026-08-10 23:05:11  DEBUG     httpcore.http11  response_closed.complete
2026-08-10 23:05:11  INFO      parsers.image_parser  VLM Output Parsed — extracted_text len=0, description len=212
2026-08-10 23:05:11  DEBUG     PIL.PngImagePlugin  STREAM b'IHDR' 16 13
2026-08-10 23:05:11  DEBUG     PIL.PngImagePlugin  STREAM b'sRGB' 41 1
2026-08-10 23:05:11  DEBUG     PIL.PngImagePlugin  STREAM b'gAMA' 54 4
2026-08-10 23:05:11  DEBUG     PIL.PngImagePlugin  STREAM b'pHYs' 70 9
2026-08-10 23:05:11  DEBUG     PIL.PngImagePlugin  STREAM b'IDAT' 91 65445
2026-08-10 23:05:11  DEBUG     httpcore.http11  send_request_headers.started request=<Request [b'POST']>
2026-08-10 23:05:11  DEBUG     httpcore.http11  send_request_headers.complete
2026-08-10 23:05:11  DEBUG     httpcore.http11  send_request_body.started request=<Request [b'POST']>
2026-08-10 23:05:11  DEBUG     httpcore.http11  send_request_body.complete
2026-08-10 23:05:11  DEBUG     httpcore.http11  receive_response_headers.started request=<Request [b'POST']>
2026-08-10 23:05:46  DEBUG     httpcore.http11  receive_response_headers.complete return_value=(b'HTTP/1.1', 200, b'OK', [(b'Content-Type', b'application/json; charset=utf-8'), (b'Date', b'Mon, 10 Aug 2026 17:35:46 GMT'), (b'Content-Length', b'665')])
2026-08-10 23:05:46  INFO      httpx  HTTP Request: POST http://127.0.0.1:11434/api/chat "HTTP/1.1 200 OK"
2026-08-10 23:05:46  DEBUG     httpcore.http11  receive_response_body.started request=<Request [b'POST']>
2026-08-10 23:05:46  DEBUG     httpcore.http11  receive_response_body.complete
2026-08-10 23:05:46  DEBUG     httpcore.http11  response_closed.started
2026-08-10 23:05:46  DEBUG     httpcore.http11  response_closed.complete
2026-08-10 23:05:46  INFO      parsers.image_parser  VLM Output Parsed — extracted_text len=0, description len=364
2026-08-10 23:05:47  DEBUG     httpcore.http11  send_request_headers.started request=<Request [b'POST']>
2026-08-10 23:05:47  DEBUG     httpcore.http11  send_request_headers.complete
2026-08-10 23:05:47  DEBUG     httpcore.http11  send_request_body.started request=<Request [b'POST']>
2026-08-10 23:05:47  DEBUG     httpcore.http11  send_request_body.complete
2026-08-10 23:05:47  DEBUG     httpcore.http11  receive_response_headers.started request=<Request [b'POST']>
2026-08-10 23:06:21  DEBUG     httpcore.http11  receive_response_headers.complete return_value=(b'HTTP/1.1', 200, b'OK', [(b'Content-Type', b'application/json; charset=utf-8'), (b'Date', b'Mon, 10 Aug 2026 17:36:21 GMT'), (b'Content-Length', b'707')])
2026-08-10 23:06:21  INFO      httpx  HTTP Request: POST http://127.0.0.1:11434/api/chat "HTTP/1.1 200 OK"
2026-08-10 23:06:21  DEBUG     httpcore.http11  receive_response_body.started request=<Request [b'POST']>
2026-08-10 23:06:21  DEBUG     httpcore.http11  receive_response_body.complete
2026-08-10 23:06:21  DEBUG     httpcore.http11  response_closed.started
2026-08-10 23:06:21  DEBUG     httpcore.http11  response_closed.complete
2026-08-10 23:06:21  INFO      parsers.image_parser  VLM Output Parsed — extracted_text len=0, description len=404
2026-08-10 23:06:21  DEBUG     PIL.PngImagePlugin  STREAM b'IHDR' 16 13
2026-08-10 23:06:21  DEBUG     PIL.PngImagePlugin  STREAM b'sBIT' 41 4
2026-08-10 23:06:21  DEBUG     PIL.PngImagePlugin  b'sBIT' 41 4 (unknown)
2026-08-10 23:06:21  DEBUG     PIL.PngImagePlugin  STREAM b'zTXt' 57 95
2026-08-10 23:06:21  DEBUG     PIL.PngImagePlugin  STREAM b'IDAT' 164 8192
2026-08-10 23:06:21  DEBUG     httpcore.http11  send_request_headers.started request=<Request [b'POST']>
2026-08-10 23:06:21  DEBUG     httpcore.http11  send_request_headers.complete
2026-08-10 23:06:21  DEBUG     httpcore.http11  send_request_body.started request=<Request [b'POST']>
2026-08-10 23:06:21  DEBUG     httpcore.http11  send_request_body.complete
2026-08-10 23:06:21  DEBUG     httpcore.http11  receive_response_headers.started request=<Request [b'POST']>
2026-08-10 23:07:26  DEBUG     httpcore.http11  receive_response_headers.complete return_value=(b'HTTP/1.1', 200, b'OK', [(b'Content-Type', b'application/json; charset=utf-8'), (b'Date', b'Mon, 10 Aug 2026 17:37:25 GMT'), (b'Content-Length', b'892')])
2026-08-10 23:07:26  INFO      httpx  HTTP Request: POST http://127.0.0.1:11434/api/chat "HTTP/1.1 200 OK"
2026-08-10 23:07:26  DEBUG     httpcore.http11  receive_response_body.started request=<Request [b'POST']>
2026-08-10 23:07:26  DEBUG     httpcore.http11  receive_response_body.complete
2026-08-10 23:07:26  DEBUG     httpcore.http11  response_closed.started
2026-08-10 23:07:26  DEBUG     httpcore.http11  response_closed.complete
2026-08-10 23:07:27  INFO      parsers.image_parser  VLM Output Parsed — extracted_text len=0, description len=573
2026-08-10 23:07:27  WARNING   parsers.image_parser  Ollama Vision call timed out (45s) for 'C:\Users\acer\Downloads\unnamed.png'; falling back to Tesseract.
2026-08-10 23:07:27  DEBUG     PIL.PngImagePlugin  STREAM b'IHDR' 16 13
2026-08-10 23:07:27  DEBUG     PIL.PngImagePlugin  STREAM b'sBIT' 41 4
2026-08-10 23:07:27  DEBUG     PIL.PngImagePlugin  b'sBIT' 41 4 (unknown)
2026-08-10 23:07:27  DEBUG     PIL.PngImagePlugin  STREAM b'zTXt' 57 95
2026-08-10 23:07:27  DEBUG     PIL.PngImagePlugin  STREAM b'IDAT' 164 8192
2026-08-10 23:07:28  DEBUG     pytesseract  ['tesseract', 'C:\\Users\\acer\\AppData\\Local\\Temp\\tess_u4qz7m8p_input.PNG', 'C:\\Users\\acer\\AppData\\Local\\Temp\\tess_u4qz7m8p', '-l', 'eng', 'txt']
2026-08-10 23:07:29  ERROR     parsers.image_parser  Tesseract executable not found. Install Tesseract and ensure it is on your PATH.
2026-08-10 23:07:30  DEBUG     httpcore.http11  send_request_headers.started request=<Request [b'POST']>
2026-08-10 23:07:30  DEBUG     httpcore.http11  send_request_headers.complete
2026-08-10 23:07:30  DEBUG     httpcore.http11  send_request_body.started request=<Request [b'POST']>
2026-08-10 23:07:30  DEBUG     httpcore.http11  send_request_body.complete
2026-08-10 23:07:30  DEBUG     httpcore.http11  receive_response_headers.started request=<Request [b'POST']>
2026-08-10 23:08:39  DEBUG     httpcore.http11  receive_response_headers.complete return_value=(b'HTTP/1.1', 200, b'OK', [(b'Content-Type', b'application/json; charset=utf-8'), (b'Date', b'Mon, 10 Aug 2026 17:38:39 GMT'), (b'Content-Length', b'606')])
2026-08-10 23:08:39  INFO      httpx  HTTP Request: POST http://127.0.0.1:11434/api/chat "HTTP/1.1 200 OK"
2026-08-10 23:08:39  DEBUG     httpcore.http11  receive_response_body.started request=<Request [b'POST']>
2026-08-10 23:08:39  DEBUG     httpcore.http11  receive_response_body.complete
2026-08-10 23:08:39  DEBUG     httpcore.http11  response_closed.started
2026-08-10 23:08:39  DEBUG     httpcore.http11  response_closed.complete
2026-08-10 23:08:39  INFO      parsers.image_parser  VLM Output Parsed — extracted_text len=0, description len=305
2026-08-10 23:08:39  WARNING   parsers.image_parser  Ollama Vision call timed out (45s) for 'C:\Users\acer\Downloads\WhatsApp Image 2026-05-29 at 3.54.58 PM.jpeg'; falling back to Tesseract.
2026-08-10 23:08:40  DEBUG     pytesseract  ['tesseract', 'C:\\Users\\acer\\AppData\\Local\\Temp\\tess_9fg7vqcg_input.PNG', 'C:\\Users\\acer\\AppData\\Local\\Temp\\tess_9fg7vqcg', '-l', 'eng', 'txt']
2026-08-10 23:08:41  ERROR     parsers.image_parser  Tesseract executable not found. Install Tesseract and ensure it is on your PATH.
2026-08-10 23:08:41  DEBUG     httpcore.http11  send_request_headers.started request=<Request [b'POST']>
2026-08-10 23:08:41  DEBUG     httpcore.http11  send_request_headers.complete
2026-08-10 23:08:41  DEBUG     httpcore.http11  send_request_body.started request=<Request [b'POST']>
2026-08-10 23:08:41  DEBUG     httpcore.http11  send_request_body.complete
2026-08-10 23:08:41  DEBUG     httpcore.http11  receive_response_headers.started request=<Request [b'POST']>
2026-08-10 23:09:55  DEBUG     httpcore.http11  receive_response_headers.complete return_value=(b'HTTP/1.1', 200, b'OK', [(b'Content-Type', b'application/json; charset=utf-8'), (b'Date', b'Mon, 10 Aug 2026 17:39:55 GMT'), (b'Content-Length', b'749')])
2026-08-10 23:09:55  INFO      httpx  HTTP Request: POST http://127.0.0.1:11434/api/chat "HTTP/1.1 200 OK"
2026-08-10 23:09:55  DEBUG     httpcore.http11  receive_response_body.started request=<Request [b'POST']>
2026-08-10 23:09:55  DEBUG     httpcore.http11  receive_response_body.complete
2026-08-10 23:09:55  DEBUG     httpcore.http11  response_closed.started
2026-08-10 23:09:55  DEBUG     httpcore.http11  response_closed.complete
2026-08-10 23:09:55  INFO      parsers.image_parser  VLM Output Parsed — extracted_text len=0, description len=444
2026-08-10 23:09:55  WARNING   parsers.image_parser  Ollama Vision call timed out (45s) for 'C:\Users\acer\Downloads\WhatsApp Image 2026-06-15 at 3.02.23 PM.jpeg'; falling back to Tesseract.
2026-08-10 23:09:55  DEBUG     pytesseract  ['tesseract', 'C:\\Users\\acer\\AppData\\Local\\Temp\\tess_ubw8wdf1_input.PNG', 'C:\\Users\\acer\\AppData\\Local\\Temp\\tess_ubw8wdf1', '-l', 'eng', 'txt']
2026-08-10 23:09:56  ERROR     parsers.image_parser  Tesseract executable not found. Install Tesseract and ensure it is on your PATH.
2026-08-10 23:09:56  DEBUG     httpcore.http11  send_request_headers.started request=<Request [b'POST']>
2026-08-10 23:09:56  DEBUG     httpcore.http11  send_request_headers.complete
2026-08-10 23:09:56  DEBUG     httpcore.http11  send_request_body.started request=<Request [b'POST']>
2026-08-10 23:09:56  DEBUG     httpcore.http11  send_request_body.complete
2026-08-10 23:09:56  DEBUG     httpcore.http11  receive_response_headers.started request=<Request [b'POST']>
2026-08-10 23:10:56  DEBUG     httpcore.http11  receive_response_headers.complete return_value=(b'HTTP/1.1', 200, b'OK', [(b'Content-Type', b'application/json; charset=utf-8'), (b'Date', b'Mon, 10 Aug 2026 17:40:56 GMT'), (b'Content-Length', b'468')])
2026-08-10 23:10:56  INFO      httpx  HTTP Request: POST http://127.0.0.1:11434/api/chat "HTTP/1.1 200 OK"
2026-08-10 23:10:56  DEBUG     httpcore.http11  receive_response_body.started request=<Request [b'POST']>
2026-08-10 23:10:56  DEBUG     httpcore.http11  receive_response_body.complete
2026-08-10 23:10:56  DEBUG     httpcore.http11  response_closed.started
2026-08-10 23:10:56  DEBUG     httpcore.http11  response_closed.complete
2026-08-10 23:10:56  INFO      parsers.image_parser  VLM Output Parsed — extracted_text len=0, description len=165
2026-08-10 23:10:56  WARNING   parsers.image_parser  Ollama Vision call timed out (45s) for 'C:\Users\acer\Downloads\WhatsApp Image 2026-06-16 at 3.32.27 PM.jpeg'; falling back to Tesseract.
2026-08-10 23:10:58  DEBUG     pytesseract  ['tesseract', 'C:\\Users\\acer\\AppData\\Local\\Temp\\tess_mq1msjrp_input.PNG', 'C:\\Users\\acer\\AppData\\Local\\Temp\\tess_mq1msjrp', '-l', 'eng', 'txt']
2026-08-10 23:10:59  ERROR     parsers.image_parser  Tesseract executable not found. Install Tesseract and ensure it is on your PATH.
2026-08-10 23:10:59  DEBUG     httpcore.http11  send_request_headers.started request=<Request [b'POST']>
2026-08-10 23:10:59  DEBUG     httpcore.http11  send_request_headers.complete
2026-08-10 23:10:59  DEBUG     httpcore.http11  send_request_body.started request=<Request [b'POST']>
2026-08-10 23:10:59  DEBUG     httpcore.http11  send_request_body.complete
2026-08-10 23:10:59  DEBUG     httpcore.http11  receive_response_headers.started request=<Request [b'POST']>
2026-08-10 23:11:00  DEBUG     httpcore.http11  receive_response_headers.failed exception=RemoteProtocolError('Server disconnected without sending a response.')
2026-08-10 23:11:00  DEBUG     httpcore.http11  response_closed.started
2026-08-10 23:11:00  DEBUG     httpcore.http11  response_closed.complete
2026-08-10 23:11:00  WARNING   parsers.image_parser  Ollama Vision call failed for 'C:\Users\acer\Downloads\WhatsApp Image 2026-06-21 at 10.44.28 PM.jpeg' (RemoteProtocolError: Server disconnected without sending a response.); falling back to Tesseract.
2026-08-10 23:11:00  DEBUG     pytesseract  ['tesseract', 'C:\\Users\\acer\\AppData\\Local\\Temp\\tess_w3_hnvj__input.PNG', 'C:\\Users\\acer\\AppData\\Local\\Temp\\tess_w3_hnvj_', '-l', 'eng', 'txt']
2026-08-10 23:11:00  ERROR     parsers.image_parser  Tesseract executable not found. Install Tesseract and ensure it is on your PATH.
2026-08-10 23:11:01  DEBUG     PIL.PngImagePlugin  STREAM b'IHDR' 16 13
2026-08-10 23:11:01  DEBUG     PIL.PngImagePlugin  STREAM b'IDAT' 41 4096
2026-08-10 23:11:01  DEBUG     PIL.PngImagePlugin  STREAM b'IDAT' 57600 6
2026-08-10 23:11:01  DEBUG     httpcore.connection  connect_tcp.started host='127.0.0.1' port=11434 local_address=None timeout=None socket_options=None
2026-08-10 23:11:03  DEBUG     httpcore.connection  connect_tcp.failed exception=ConnectError(ConnectionRefusedError(10061, 'No connection could be made because the target machine actively refused it', None, 10061, None))
2026-08-10 23:11:03  WARNING   parsers.image_parser  Ollama Vision call failed for 'C:\Users\acer\Downloads\WhatsApp_Image_2026-06-16_at_3.32.27_PM-removebg-preview.png' (ConnectionError: Failed to connect to Ollama. Please check that Ollama is downloaded, running and accessible. https://ollama.com/download); falling back to Tesseract.
2026-08-10 23:11:03  DEBUG     PIL.PngImagePlugin  STREAM b'IHDR' 16 13
2026-08-10 23:11:03  DEBUG     PIL.PngImagePlugin  STREAM b'IDAT' 41 4096
2026-08-10 23:11:03  DEBUG     PIL.PngImagePlugin  STREAM b'IDAT' 57600 6
2026-08-10 23:11:03  DEBUG     pytesseract  ['tesseract', 'C:\\Users\\acer\\AppData\\Local\\Temp\\tess_rg3c2k98_input.PNG', 'C:\\Users\\acer\\AppData\\Local\\Temp\\tess_rg3c2k98', '-l', 'eng', 'txt']
2026-08-10 23:11:03  ERROR     parsers.image_parser  Tesseract executable not found. Install Tesseract and ensure it is on your PATH.
2026-08-10 23:11:03  DEBUG     httpcore.connection  connect_tcp.started host='127.0.0.1' port=11434 local_address=None timeout=None socket_options=None
2026-08-10 23:11:05  DEBUG     httpcore.connection  connect_tcp.failed exception=ConnectError(ConnectionRefusedError(10061, 'No connection could be made because the target machine actively refused it', None, 10061, None))
2026-08-10 23:11:05  WARNING   parsers.image_parser  Ollama Vision call failed for 'C:\Users\acer\Downloads\portfolio\assets\images\profile.jpg' (ConnectionError: Failed to connect to Ollama. Please check that Ollama is downloaded, running and accessible. https://ollama.com/download); falling back to Tesseract.
2026-08-10 23:11:05  DEBUG     pytesseract  ['tesseract', 'C:\\Users\\acer\\AppData\\Local\\Temp\\tess_x4w5xtel_input.PNG', 'C:\\Users\\acer\\AppData\\Local\\Temp\\tess_x4w5xtel', '-l', 'eng', 'txt']
2026-08-10 23:11:05  ERROR     parsers.image_parser  Tesseract executable not found. Install Tesseract and ensure it is on your PATH.
2026-08-10 23:11:06  INFO      __main__  [embed] Batch embedding mode active (batch_size=32)
2026-08-10 23:11:07  DEBUG     httpcore.connection  connect_tcp.started host='127.0.0.1' port=11434 local_address=None timeout=None socket_options=None
2026-08-10 23:11:09  DEBUG     httpcore.connection  connect_tcp.failed exception=ConnectError(ConnectionRefusedError(10061, 'No connection could be made because the target machine actively refused it', None, 10061, None))
2026-08-10 23:11:09  WARNING   __main__  ollama.embed batch call failed (Failed to connect to Ollama. Please check that Ollama is downloaded, running and accessible. https://ollama.com/download); falling back to ThreadPool
2026-08-10 23:11:09  DEBUG     httpcore.connection  connect_tcp.started host='127.0.0.1' port=11434 local_address=None timeout=None socket_options=None
2026-08-10 23:11:11  DEBUG     httpcore.connection  connect_tcp.failed exception=ConnectError(ConnectionRefusedError(10061, 'No connection could be made because the target machine actively refused it', None, 10061, None))
2026-08-10 23:11:11  ERROR     __main__  Phase B FAIL Aadhisesha_35x35.jpeg — Ollama embedding failed (model='nomic-embed-text'): Failed to connect to Ollama. Please check that Ollama is downloaded, running and accessible. https://ollama.com/download
2026-08-10 23:11:11  INFO      __main__  [embed] Batch embedding mode active (batch_size=32)
2026-08-10 23:11:11  DEBUG     httpcore.connection  connect_tcp.started host='127.0.0.1' port=11434 local_address=None timeout=None socket_options=None
2026-08-10 23:11:13  DEBUG     httpcore.connection  connect_tcp.failed exception=ConnectError(ConnectionRefusedError(10061, 'No connection could be made because the target machine actively refused it', None, 10061, None))
2026-08-10 23:11:13  WARNING   __main__  ollama.embed batch call failed (Failed to connect to Ollama. Please check that Ollama is downloaded, running and accessible. https://ollama.com/download); falling back to ThreadPool
2026-08-10 23:11:13  DEBUG     httpcore.connection  connect_tcp.started host='127.0.0.1' port=11434 local_address=None timeout=None socket_options=None
2026-08-10 23:11:13  DEBUG     httpcore.connection  connect_tcp.started host='127.0.0.1' port=11434 local_address=None timeout=None socket_options=None
2026-08-10 23:11:13  DEBUG     httpcore.connection  connect_tcp.started host='127.0.0.1' port=11434 local_address=None timeout=None socket_options=None
2026-08-10 23:11:13  DEBUG     httpcore.connection  connect_tcp.started host='127.0.0.1' port=11434 local_address=None timeout=None socket_options=None
2026-08-10 23:11:15  DEBUG     httpcore.connection  connect_tcp.failed exception=ConnectError(ConnectionRefusedError(10061, 'No connection could be made because the target machine actively refused it', None, 10061, None))
2026-08-10 23:11:15  DEBUG     httpcore.connection  connect_tcp.failed exception=ConnectError(ConnectionRefusedError(10061, 'No connection could be made because the target machine actively refused it', None, 10061, None))
2026-08-10 23:11:15  DEBUG     httpcore.connection  connect_tcp.started host='127.0.0.1' port=11434 local_address=None timeout=None socket_options=None
2026-08-10 23:11:15  DEBUG     httpcore.connection  connect_tcp.failed exception=ConnectError(ConnectionRefusedError(10061, 'No connection could be made because the target machine actively refused it', None, 10061, None))
2026-08-10 23:11:15  DEBUG     httpcore.connection  connect_tcp.failed exception=ConnectError(ConnectionRefusedError(10061, 'No connection could be made because the target machine actively refused it', None, 10061, None))
2026-08-10 23:11:15  DEBUG     httpcore.connection  connect_tcp.started host='127.0.0.1' port=11434 local_address=None timeout=None socket_options=None
2026-08-10 23:11:15  DEBUG     httpcore.connection  connect_tcp.started host='127.0.0.1' port=11434 local_address=None timeout=None socket_options=None
2026-08-10 23:11:15  DEBUG     httpcore.connection  connect_tcp.started host='127.0.0.1' port=11434 local_address=None timeout=None socket_options=None
2026-08-10 23:11:17  DEBUG     httpcore.connection  connect_tcp.failed exception=ConnectError(ConnectionRefusedError(10061, 'No connection could be made because the target machine actively refused it', None, 10061, None))
2026-08-10 23:11:17  DEBUG     httpcore.connection  connect_tcp.failed exception=ConnectError(ConnectionRefusedError(10061, 'No connection could be made because the target machine actively refused it', None, 10061, None))
2026-08-10 23:11:17  DEBUG     httpcore.connection  connect_tcp.failed exception=ConnectError(ConnectionRefusedError(10061, 'No connection could be made because the target machine actively refused it', None, 10061, None))
2026-08-10 23:11:17  DEBUG     httpcore.connection  connect_tcp.failed exception=ConnectError(ConnectionRefusedError(10061, 'No connection could be made because the target machine actively refused it', None, 10061, None))
2026-08-10 23:11:17  ERROR     __main__  Phase B FAIL aadhisesha_resume.pdf — Ollama embedding failed (model='nomic-embed-text'): Failed to connect to Ollama. Please check that Ollama is downloaded, running and accessible. https://ollama.com/download
2026-08-10 23:11:17  INFO      __main__  [embed] Batch embedding mode active (batch_size=32)
2026-08-10 23:11:17  DEBUG     httpcore.connection  connect_tcp.started host='127.0.0.1' port=11434 local_address=None timeout=None socket_options=None
2026-08-10 23:11:19  DEBUG     httpcore.connection  connect_tcp.failed exception=ConnectError(ConnectionRefusedError(10061, 'No connection could be made because the target machine actively refused it', None, 10061, None))
2026-08-10 23:11:19  WARNING   __main__  ollama.embed batch call failed (Failed to connect to Ollama. Please check that Ollama is downloaded, running and accessible. https://ollama.com/download); falling back to ThreadPool
2026-08-10 23:11:19  DEBUG     httpcore.connection  connect_tcp.started host='127.0.0.1' port=11434 local_address=None timeout=None socket_options=None
2026-08-10 23:11:21  DEBUG     httpcore.connection  connect_tcp.failed exception=ConnectError(ConnectionRefusedError(10061, 'No connection could be made because the target machine actively refused it', None, 10061, None))
2026-08-10 23:11:21  ERROR     __main__  Phase B FAIL Aadhi_Passport_raw.JPG — Ollama embedding failed (model='nomic-embed-text'): Failed to connect to Ollama. Please check that Ollama is downloaded, running and accessible. https://ollama.com/download
2026-08-10 23:11:21  INFO      __main__  [embed] Batch embedding mode active (batch_size=32)
2026-08-10 23:11:21  DEBUG     httpcore.connection  connect_tcp.started host='127.0.0.1' port=11434 local_address=None timeout=None socket_options=None
2026-08-10 23:11:23  DEBUG     httpcore.connection  connect_tcp.failed exception=ConnectError(ConnectionRefusedError(10061, 'No connection could be made because the target machine actively refused it', None, 10061, None))
2026-08-10 23:11:23  WARNING   __main__  ollama.embed batch call failed (Failed to connect to Ollama. Please check that Ollama is downloaded, running and accessible. https://ollama.com/download); falling back to ThreadPool
2026-08-10 23:11:23  DEBUG     httpcore.connection  connect_tcp.started host='127.0.0.1' port=11434 local_address=None timeout=None socket_options=None
2026-08-10 23:11:23  DEBUG     httpcore.connection  connect_tcp.started host='127.0.0.1' port=11434 local_address=None timeout=None socket_options=None
2026-08-10 23:11:23  DEBUG     httpcore.connection  connect_tcp.started host='127.0.0.1' port=11434 local_address=None timeout=None socket_options=None
2026-08-10 23:11:23  DEBUG     httpcore.connection  connect_tcp.started host='127.0.0.1' port=11434 local_address=None timeout=None socket_options=None
2026-08-10 23:11:25  DEBUG     httpcore.connection  connect_tcp.failed exception=ConnectError(ConnectionRefusedError(10061, 'No connection could be made because the target machine actively refused it', None, 10061, None))
2026-08-10 23:11:25  DEBUG     httpcore.connection  connect_tcp.failed exception=ConnectError(ConnectionRefusedError(10061, 'No connection could be made because the target machine actively refused it', None, 10061, None))
2026-08-10 23:11:25  DEBUG     httpcore.connection  connect_tcp.failed exception=ConnectError(ConnectionRefusedError(10061, 'No connection could be made because the target machine actively refused it', None, 10061, None))
2026-08-10 23:11:25  DEBUG     httpcore.connection  connect_tcp.started host='127.0.0.1' port=11434 local_address=None timeout=None socket_options=None
2026-08-10 23:11:25  DEBUG     httpcore.connection  connect_tcp.failed exception=ConnectError(ConnectionRefusedError(10061, 'No connection could be made because the target machine actively refused it', None, 10061, None))
2026-08-10 23:11:25  DEBUG     httpcore.connection  connect_tcp.started host='127.0.0.1' port=11434 local_address=None timeout=None socket_options=None
2026-08-10 23:11:25  DEBUG     httpcore.connection  connect_tcp.started host='127.0.0.1' port=11434 local_address=None timeout=None socket_options=None
2026-08-10 23:11:25  DEBUG     httpcore.connection  connect_tcp.started host='127.0.0.1' port=11434 local_address=None timeout=None socket_options=None
2026-08-10 23:11:27  DEBUG     httpcore.connection  connect_tcp.failed exception=ConnectError(ConnectionRefusedError(10061, 'No connection could be made because the target machine actively refused it', None, 10061, None))
2026-08-10 23:11:27  DEBUG     httpcore.connection  connect_tcp.started host='127.0.0.1' port=11434 local_address=None timeout=None socket_options=None
2026-08-10 23:11:27  DEBUG     httpcore.connection  connect_tcp.failed exception=ConnectError(ConnectionRefusedError(10061, 'No connection could be made because the target machine actively refused it', None, 10061, None))
2026-08-10 23:11:27  DEBUG     httpcore.connection  connect_tcp.failed exception=ConnectError(ConnectionRefusedError(10061, 'No connection could be made because the target machine actively refused it', None, 10061, None))
2026-08-10 23:11:27  DEBUG     httpcore.connection  connect_tcp.failed exception=ConnectError(ConnectionRefusedError(10061, 'No connection could be made because the target machine actively refused it', None, 10061, None))
2026-08-10 23:11:27  DEBUG     httpcore.connection  connect_tcp.started host='127.0.0.1' port=11434 local_address=None timeout=None socket_options=None
2026-08-10 23:11:27  DEBUG     httpcore.connection  connect_tcp.started host='127.0.0.1' port=11434 local_address=None timeout=None socket_options=None
2026-08-10 23:11:27  DEBUG     httpcore.connection  connect_tcp.started host='127.0.0.1' port=11434 local_address=None timeout=None socket_options=None
2026-08-10 23:11:29  DEBUG     httpcore.connection  connect_tcp.failed exception=ConnectError(ConnectionRefusedError(10061, 'No connection could be made because the target machine actively refused it', None, 10061, None))
2026-08-10 23:11:29  DEBUG     httpcore.connection  connect_tcp.started host='127.0.0.1' port=11434 local_address=None timeout=None socket_options=None
2026-08-10 23:11:29  DEBUG     httpcore.connection  connect_tcp.failed exception=ConnectError(ConnectionRefusedError(10061, 'No connection could be made because the target machine actively refused it', None, 10061, None))
2026-08-10 23:11:29  DEBUG     httpcore.connection  connect_tcp.started host='127.0.0.1' port=11434 local_address=None timeout=None socket_options=None
2026-08-10 23:11:29  DEBUG     httpcore.connection  connect_tcp.failed exception=ConnectError(ConnectionRefusedError(10061, 'No connection could be made because the target machine actively refused it', None, 10061, None))
2026-08-10 23:11:29  DEBUG     httpcore.connection  connect_tcp.failed exception=ConnectError(ConnectionRefusedError(10061, 'No connection could be made because the target machine actively refused it', None, 10061, None))
2026-08-10 23:11:29  DEBUG     httpcore.connection  connect_tcp.started host='127.0.0.1' port=11434 local_address=None timeout=None socket_options=None
2026-08-10 23:11:31  DEBUG     httpcore.connection  connect_tcp.failed exception=ConnectError(ConnectionRefusedError(10061, 'No connection could be made because the target machine actively refused it', None, 10061, None))
2026-08-10 23:11:31  DEBUG     httpcore.connection  connect_tcp.failed exception=ConnectError(ConnectionRefusedError(10061, 'No connection could be made because the target machine actively refused it', None, 10061, None))
2026-08-10 23:11:31  DEBUG     httpcore.connection  connect_tcp.failed exception=ConnectError(ConnectionRefusedError(10061, 'No connection could be made because the target machine actively refused it', None, 10061, None))
2026-08-10 23:11:31  ERROR     __main__  Phase B FAIL CT20265021581_Application_Form.pdf — Ollama embedding failed (model='nomic-embed-text'): Failed to connect to Ollama. Please check that Ollama is downloaded, running and accessible. https://ollama.com/download
2026-08-10 23:11:31  INFO      __main__  [embed] Batch embedding mode active (batch_size=32)
2026-08-10 23:11:31  DEBUG     httpcore.connection  connect_tcp.started host='127.0.0.1' port=11434 local_address=None timeout=None socket_options=None
2026-08-10 23:11:33  DEBUG     httpcore.connection  connect_tcp.failed exception=ConnectError(ConnectionRefusedError(10061, 'No connection could be made because the target machine actively refused it', None, 10061, None))
2026-08-10 23:11:33  WARNING   __main__  ollama.embed batch call failed (Failed to connect to Ollama. Please check that Ollama is downloaded, running and accessible. https://ollama.com/download); falling back to ThreadPool
2026-08-10 23:11:33  DEBUG     httpcore.connection  connect_tcp.started host='127.0.0.1' port=11434 local_address=None timeout=None socket_options=None
2026-08-10 23:11:33  DEBUG     httpcore.connection  connect_tcp.started host='127.0.0.1' port=11434 local_address=None timeout=None socket_options=None
2026-08-10 23:11:33  DEBUG     httpcore.connection  connect_tcp.started host='127.0.0.1' port=11434 local_address=None timeout=None socket_options=None
2026-08-10 23:11:33  DEBUG     httpcore.connection  connect_tcp.started host='127.0.0.1' port=11434 local_address=None timeout=None socket_options=None
2026-08-10 23:11:35  DEBUG     httpcore.connection  connect_tcp.failed exception=ConnectError(ConnectionRefusedError(10061, 'No connection could be made because the target machine actively refused it', None, 10061, None))
2026-08-10 23:11:35  DEBUG     httpcore.connection  connect_tcp.failed exception=ConnectError(ConnectionRefusedError(10061, 'No connection could be made because the target machine actively refused it', None, 10061, None))
2026-08-10 23:11:35  DEBUG     httpcore.connection  connect_tcp.started host='127.0.0.1' port=11434 local_address=None timeout=None socket_options=None
2026-08-10 23:11:35  DEBUG     httpcore.connection  connect_tcp.failed exception=ConnectError(ConnectionRefusedError(10061, 'No connection could be made because the target machine actively refused it', None, 10061, None))
2026-08-10 23:11:35  DEBUG     httpcore.connection  connect_tcp.started host='127.0.0.1' port=11434 local_address=None timeout=None socket_options=None
2026-08-10 23:11:35  DEBUG     httpcore.connection  connect_tcp.failed exception=ConnectError(ConnectionRefusedError(10061, 'No connection could be made because the target machine actively refused it', None, 10061, None))
2026-08-10 23:11:35  DEBUG     httpcore.connection  connect_tcp.started host='127.0.0.1' port=11434 local_address=None timeout=None socket_options=None
2026-08-10 23:11:35  DEBUG     httpcore.connection  connect_tcp.started host='127.0.0.1' port=11434 local_address=None timeout=None socket_options=None
2026-08-10 23:11:37  DEBUG     httpcore.connection  connect_tcp.failed exception=ConnectError(ConnectionRefusedError(10061, 'No connection could be made because the target machine actively refused it', None, 10061, None))
2026-08-10 23:11:37  DEBUG     httpcore.connection  connect_tcp.started host='127.0.0.1' port=11434 local_address=None timeout=None socket_options=None
2026-08-10 23:11:37  DEBUG     httpcore.connection  connect_tcp.failed exception=ConnectError(ConnectionRefusedError(10061, 'No connection could be made because the target machine actively refused it', None, 10061, None))
2026-08-10 23:11:37  DEBUG     httpcore.connection  connect_tcp.failed exception=ConnectError(ConnectionRefusedError(10061, 'No connection could be made because the target machine actively refused it', None, 10061, None))
2026-08-10 23:11:37  DEBUG     httpcore.connection  connect_tcp.failed exception=ConnectError(ConnectionRefusedError(10061, 'No connection could be made because the target machine actively refused it', None, 10061, None))
2026-08-10 23:11:39  DEBUG     httpcore.connection  connect_tcp.failed exception=ConnectError(ConnectionRefusedError(10061, 'No connection could be made because the target machine actively refused it', None, 10061, None))
2026-08-10 23:11:39  ERROR     __main__  Phase B FAIL tcs_application.pdf — Ollama embedding failed (model='nomic-embed-text'): Failed to connect to Ollama. Please check that Ollama is downloaded, running and accessible. https://ollama.com/download
2026-08-10 23:11:39  INFO      __main__  [embed] Batch embedding mode active (batch_size=32)
2026-08-10 23:11:39  DEBUG     httpcore.connection  connect_tcp.started host='127.0.0.1' port=11434 local_address=None timeout=None socket_options=None
2026-08-10 23:11:41  DEBUG     httpcore.connection  connect_tcp.failed exception=ConnectError(ConnectionRefusedError(10061, 'No connection could be made because the target machine actively refused it', None, 10061, None))
2026-08-10 23:11:41  WARNING   __main__  ollama.embed batch call failed (Failed to connect to Ollama. Please check that Ollama is downloaded, running and accessible. https://ollama.com/download); falling back to ThreadPool
2026-08-10 23:11:41  DEBUG     httpcore.connection  connect_tcp.started host='127.0.0.1' port=11434 local_address=None timeout=None socket_options=None
2026-08-10 23:11:41  DEBUG     httpcore.connection  connect_tcp.started host='127.0.0.1' port=11434 local_address=None timeout=None socket_options=None
2026-08-10 23:11:41  DEBUG     httpcore.connection  connect_tcp.started host='127.0.0.1' port=11434 local_address=None timeout=None socket_options=None
2026-08-10 23:11:41  DEBUG     httpcore.connection  connect_tcp.started host='127.0.0.1' port=11434 local_address=None timeout=None socket_options=None
2026-08-10 23:11:43  DEBUG     httpcore.connection  connect_tcp.failed exception=ConnectError(ConnectionRefusedError(10061, 'No connection could be made because the target machine actively refused it', None, 10061, None))
2026-08-10 23:11:43  DEBUG     httpcore.connection  connect_tcp.failed exception=ConnectError(ConnectionRefusedError(10061, 'No connection could be made because the target machine actively refused it', None, 10061, None))
2026-08-10 23:11:43  DEBUG     httpcore.connection  connect_tcp.failed exception=ConnectError(ConnectionRefusedError(10061, 'No connection could be made because the target machine actively refused it', None, 10061, None))
2026-08-10 23:11:43  DEBUG     httpcore.connection  connect_tcp.started host='127.0.0.1' port=11434 local_address=None timeout=None socket_options=None
2026-08-10 23:11:43  DEBUG     httpcore.connection  connect_tcp.started host='127.0.0.1' port=11434 local_address=None timeout=None socket_options=None
2026-08-10 23:11:43  DEBUG     httpcore.connection  connect_tcp.started host='127.0.0.1' port=11434 local_address=None timeout=None socket_options=None
2026-08-10 23:11:44  DEBUG     httpcore.connection  connect_tcp.failed exception=ConnectError(ConnectionRefusedError(10061, 'No connection could be made because the target machine actively refused it', None, 10061, None))
2026-08-10 23:11:44  DEBUG     httpcore.connection  connect_tcp.started host='127.0.0.1' port=11434 local_address=None timeout=None socket_options=None
2026-08-10 23:11:46  DEBUG     httpcore.connection  connect_tcp.failed exception=ConnectError(ConnectionRefusedError(10061, 'No connection could be made because the target machine actively refused it', None, 10061, None))
2026-08-10 23:11:46  DEBUG     httpcore.connection  connect_tcp.failed exception=ConnectError(ConnectionRefusedError(10061, 'No connection could be made because the target machine actively refused it', None, 10061, None))
2026-08-10 23:11:46  DEBUG     httpcore.connection  connect_tcp.failed exception=ConnectError(ConnectionRefusedError(10061, 'No connection could be made because the target machine actively refused it', None, 10061, None))
2026-08-10 23:11:46  DEBUG     httpcore.connection  connect_tcp.started host='127.0.0.1' port=11434 local_address=None timeout=None socket_options=None
2026-08-10 23:11:46  DEBUG     httpcore.connection  connect_tcp.started host='127.0.0.1' port=11434 local_address=None timeout=None socket_options=None
2026-08-10 23:11:46  DEBUG     httpcore.connection  connect_tcp.started host='127.0.0.1' port=11434 local_address=None timeout=None socket_options=None
2026-08-10 23:11:46  DEBUG     httpcore.connection  connect_tcp.failed exception=ConnectError(ConnectionRefusedError(10061, 'No connection could be made because the target machine actively refused it', None, 10061, None))
2026-08-10 23:11:46  DEBUG     httpcore.connection  connect_tcp.started host='127.0.0.1' port=11434 local_address=None timeout=None socket_options=None
2026-08-10 23:11:48  DEBUG     httpcore.connection  connect_tcp.failed exception=ConnectError(ConnectionRefusedError(10061, 'No connection could be made because the target machine actively refused it', None, 10061, None))
2026-08-10 23:11:48  DEBUG     httpcore.connection  connect_tcp.failed exception=ConnectError(ConnectionRefusedError(10061, 'No connection could be made because the target machine actively refused it', None, 10061, None))
2026-08-10 23:11:48  DEBUG     httpcore.connection  connect_tcp.failed exception=ConnectError(ConnectionRefusedError(10061, 'No connection could be made because the target machine actively refused it', None, 10061, None))
2026-08-10 23:11:48  DEBUG     httpcore.connection  connect_tcp.started host='127.0.0.1' port=11434 local_address=None timeout=None socket_options=None
2026-08-10 23:11:48  DEBUG     httpcore.connection  connect_tcp.failed exception=ConnectError(ConnectionRefusedError(10061, 'No connection could be made because the target machine actively refused it', None, 10061, None))
2026-08-10 23:11:48  DEBUG     httpcore.connection  connect_tcp.started host='127.0.0.1' port=11434 local_address=None timeout=None socket_options=None
2026-08-10 23:11:48  DEBUG     httpcore.connection  connect_tcp.started host='127.0.0.1' port=11434 local_address=None timeout=None socket_options=None
2026-08-10 23:11:48  DEBUG     httpcore.connection  connect_tcp.started host='127.0.0.1' port=11434 local_address=None timeout=None socket_options=None
2026-08-10 23:11:50  DEBUG     httpcore.connection  connect_tcp.failed exception=ConnectError(ConnectionRefusedError(10061, 'No connection could be made because the target machine actively refused it', None, 10061, None))
2026-08-10 23:11:50  DEBUG     httpcore.connection  connect_tcp.started host='127.0.0.1' port=11434 local_address=None timeout=None socket_options=None
2026-08-10 23:11:50  DEBUG     httpcore.connection  connect_tcp.failed exception=ConnectError(ConnectionRefusedError(10061, 'No connection could be made because the target machine actively refused it', None, 10061, None))
2026-08-10 23:11:50  DEBUG     httpcore.connection  connect_tcp.started host='127.0.0.1' port=11434 local_address=None timeout=None socket_options=None
2026-08-10 23:11:50  DEBUG     httpcore.connection  connect_tcp.failed exception=ConnectError(ConnectionRefusedError(10061, 'No connection could be made because the target machine actively refused it', None, 10061, None))
2026-08-10 23:11:50  DEBUG     httpcore.connection  connect_tcp.failed exception=ConnectError(ConnectionRefusedError(10061, 'No connection could be made because the target machine actively refused it', None, 10061, None))
2026-08-10 23:11:50  DEBUG     httpcore.connection  connect_tcp.started host='127.0.0.1' port=11434 local_address=None timeout=None socket_options=None
2026-08-10 23:11:50  DEBUG     httpcore.connection  connect_tcp.started host='127.0.0.1' port=11434 local_address=None timeout=None socket_options=None
2026-08-10 23:11:52  DEBUG     httpcore.connection  connect_tcp.failed exception=ConnectError(ConnectionRefusedError(10061, 'No connection could be made because the target machine actively refused it', None, 10061, None))
2026-08-10 23:11:52  DEBUG     httpcore.connection  connect_tcp.started host='127.0.0.1' port=11434 local_address=None timeout=None socket_options=None
2026-08-10 23:11:52  DEBUG     httpcore.connection  connect_tcp.failed exception=ConnectError(ConnectionRefusedError(10061, 'No connection could be made because the target machine actively refused it', None, 10061, None))
2026-08-10 23:11:52  DEBUG     httpcore.connection  connect_tcp.failed exception=ConnectError(ConnectionRefusedError(10061, 'No connection could be made because the target machine actively refused it', None, 10061, None))
2026-08-10 23:11:52  DEBUG     httpcore.connection  connect_tcp.failed exception=ConnectError(ConnectionRefusedError(10061, 'No connection could be made because the target machine actively refused it', None, 10061, None))
2026-08-10 23:11:52  DEBUG     httpcore.connection  connect_tcp.started host='127.0.0.1' port=11434 local_address=None timeout=None socket_options=None
2026-08-10 23:11:52  DEBUG     httpcore.connection  connect_tcp.started host='127.0.0.1' port=11434 local_address=None timeout=None socket_options=None
2026-08-10 23:11:52  DEBUG     httpcore.connection  connect_tcp.started host='127.0.0.1' port=11434 local_address=None timeout=None socket_options=None
2026-08-10 23:11:54  DEBUG     httpcore.connection  connect_tcp.failed exception=ConnectError(ConnectionRefusedError(10061, 'No connection could be made because the target machine actively refused it', None, 10061, None))
2026-08-10 23:11:54  DEBUG     httpcore.connection  connect_tcp.started host='127.0.0.1' port=11434 local_address=None timeout=None socket_options=None
2026-08-10 23:11:54  DEBUG     httpcore.connection  connect_tcp.failed exception=ConnectError(ConnectionRefusedError(10061, 'No connection could be made because the target machine actively refused it', None, 10061, None))
2026-08-10 23:11:54  DEBUG     httpcore.connection  connect_tcp.failed exception=ConnectError(ConnectionRefusedError(10061, 'No connection could be made because the target machine actively refused it', None, 10061, None))
2026-08-10 23:11:54  DEBUG     httpcore.connection  connect_tcp.failed exception=ConnectError(ConnectionRefusedError(10061, 'No connection could be made because the target machine actively refused it', None, 10061, None))
2026-08-10 23:11:54  DEBUG     httpcore.connection  connect_tcp.started host='127.0.0.1' port=11434 local_address=None timeout=None socket_options=None
2026-08-10 23:11:54  DEBUG     httpcore.connection  connect_tcp.started host='127.0.0.1' port=11434 local_address=None timeout=None socket_options=None
2026-08-10 23:11:54  DEBUG     httpcore.connection  connect_tcp.started host='127.0.0.1' port=11434 local_address=None timeout=None socket_options=None
2026-08-10 23:11:56  DEBUG     httpcore.connection  connect_tcp.failed exception=ConnectError(ConnectionRefusedError(10061, 'No connection could be made because the target machine actively refused it', None, 10061, None))
2026-08-10 23:11:56  DEBUG     httpcore.connection  connect_tcp.failed exception=ConnectError(ConnectionRefusedError(10061, 'No connection could be made because the target machine actively refused it', None, 10061, None))
2026-08-10 23:11:56  DEBUG     httpcore.connection  connect_tcp.started host='127.0.0.1' port=11434 local_address=None timeout=None socket_options=None
2026-08-10 23:11:56  DEBUG     httpcore.connection  connect_tcp.started host='127.0.0.1' port=11434 local_address=None timeout=None socket_options=None
2026-08-10 23:11:56  DEBUG     httpcore.connection  connect_tcp.failed exception=ConnectError(ConnectionRefusedError(10061, 'No connection could be made because the target machine actively refused it', None, 10061, None))
2026-08-10 23:11:56  DEBUG     httpcore.connection  connect_tcp.started host='127.0.0.1' port=11434 local_address=None timeout=None socket_options=None
2026-08-10 23:11:56  DEBUG     httpcore.connection  connect_tcp.failed exception=ConnectError(ConnectionRefusedError(10061, 'No connection could be made because the target machine actively refused it', None, 10061, None))
2026-08-10 23:11:56  DEBUG     httpcore.connection  connect_tcp.started host='127.0.0.1' port=11434 local_address=None timeout=None socket_options=None
2026-08-10 23:11:58  DEBUG     httpcore.connection  connect_tcp.failed exception=ConnectError(ConnectionRefusedError(10061, 'No connection could be made because the target machine actively refused it', None, 10061, None))
2026-08-10 23:11:58  DEBUG     httpcore.connection  connect_tcp.failed exception=ConnectError(ConnectionRefusedError(10061, 'No connection could be made because the target machine actively refused it', None, 10061, None))
2026-08-10 23:11:58  DEBUG     httpcore.connection  connect_tcp.started host='127.0.0.1' port=11434 local_address=None timeout=None socket_options=None
2026-08-10 23:11:58  DEBUG     httpcore.connection  connect_tcp.started host='127.0.0.1' port=11434 local_address=None timeout=None socket_options=None
2026-08-10 23:11:58  DEBUG     httpcore.connection  connect_tcp.failed exception=ConnectError(ConnectionRefusedError(10061, 'No connection could be made because the target machine actively refused it', None, 10061, None))
2026-08-10 23:11:58  DEBUG     httpcore.connection  connect_tcp.started host='127.0.0.1' port=11434 local_address=None timeout=None socket_options=None
2026-08-10 23:11:58  DEBUG     httpcore.connection  connect_tcp.failed exception=ConnectError(ConnectionRefusedError(10061, 'No connection could be made because the target machine actively refused it', None, 10061, None))
2026-08-10 23:11:58  DEBUG     httpcore.connection  connect_tcp.started host='127.0.0.1' port=11434 local_address=None timeout=None socket_options=None
2026-08-10 23:12:00  DEBUG     httpcore.connection  connect_tcp.failed exception=ConnectError(ConnectionRefusedError(10061, 'No connection could be made because the target machine actively refused it', None, 10061, None))
2026-08-10 23:12:00  DEBUG     httpcore.connection  connect_tcp.started host='127.0.0.1' port=11434 local_address=None timeout=None socket_options=None
2026-08-10 23:12:00  DEBUG     httpcore.connection  connect_tcp.failed exception=ConnectError(ConnectionRefusedError(10061, 'No connection could be made because the target machine actively refused it', None, 10061, None))
2026-08-10 23:12:00  DEBUG     httpcore.connection  connect_tcp.failed exception=ConnectError(ConnectionRefusedError(10061, 'No connection could be made because the target machine actively refused it', None, 10061, None))
2026-08-10 23:12:00  DEBUG     httpcore.connection  connect_tcp.failed exception=ConnectError(ConnectionRefusedError(10061, 'No connection could be made because the target machine actively refused it', None, 10061, None))
2026-08-10 23:12:00  DEBUG     httpcore.connection  connect_tcp.started host='127.0.0.1' port=11434 local_address=None timeout=None socket_options=None
2026-08-10 23:12:00  DEBUG     httpcore.connection  connect_tcp.started host='127.0.0.1' port=11434 local_address=None timeout=None socket_options=None
2026-08-10 23:12:00  DEBUG     httpcore.connection  connect_tcp.started host='127.0.0.1' port=11434 local_address=None timeout=None socket_options=None
2026-08-10 23:12:02  DEBUG     httpcore.connection  connect_tcp.failed exception=ConnectError(ConnectionRefusedError(10061, 'No connection could be made because the target machine actively refused it', None, 10061, None))
2026-08-10 23:12:02  DEBUG     httpcore.connection  connect_tcp.failed exception=ConnectError(ConnectionRefusedError(10061, 'No connection could be made because the target machine actively refused it', None, 10061, None))
2026-08-10 23:12:02  DEBUG     httpcore.connection  connect_tcp.started host='127.0.0.1' port=11434 local_address=None timeout=None socket_options=None
2026-08-10 23:12:02  DEBUG     httpcore.connection  connect_tcp.failed exception=ConnectError(ConnectionRefusedError(10061, 'No connection could be made because the target machine actively refused it', None, 10061, None))
2026-08-10 23:12:02  DEBUG     httpcore.connection  connect_tcp.failed exception=ConnectError(ConnectionRefusedError(10061, 'No connection could be made because the target machine actively refused it', None, 10061, None))
2026-08-10 23:12:02  DEBUG     httpcore.connection  connect_tcp.started host='127.0.0.1' port=11434 local_address=None timeout=None socket_options=None
2026-08-10 23:12:02  DEBUG     httpcore.connection  connect_tcp.started host='127.0.0.1' port=11434 local_address=None timeout=None socket_options=None
2026-08-10 23:12:02  DEBUG     httpcore.connection  connect_tcp.started host='127.0.0.1' port=11434 local_address=None timeout=None socket_options=None
2026-08-10 23:12:04  DEBUG     httpcore.connection  connect_tcp.failed exception=ConnectError(ConnectionRefusedError(10061, 'No connection could be made because the target machine actively refused it', None, 10061, None))
2026-08-10 23:12:04  DEBUG     httpcore.connection  connect_tcp.started host='127.0.0.1' port=11434 local_address=None timeout=None socket_options=None
2026-08-10 23:12:04  DEBUG     httpcore.connection  connect_tcp.failed exception=ConnectError(ConnectionRefusedError(10061, 'No connection could be made because the target machine actively refused it', None, 10061, None))
2026-08-10 23:12:04  DEBUG     httpcore.connection  connect_tcp.started host='127.0.0.1' port=11434 local_address=None timeout=None socket_options=None
2026-08-10 23:12:04  DEBUG     httpcore.connection  connect_tcp.failed exception=ConnectError(ConnectionRefusedError(10061, 'No connection could be made because the target machine actively refused it', None, 10061, None))
2026-08-10 23:12:04  DEBUG     httpcore.connection  connect_tcp.failed exception=ConnectError(ConnectionRefusedError(10061, 'No connection could be made because the target machine actively refused it', None, 10061, None))
2026-08-10 23:12:04  DEBUG     httpcore.connection  connect_tcp.started host='127.0.0.1' port=11434 local_address=None timeout=None socket_options=None
2026-08-10 23:12:04  DEBUG     httpcore.connection  connect_tcp.started host='127.0.0.1' port=11434 local_address=None timeout=None socket_options=None
2026-08-10 23:12:06  DEBUG     httpcore.connection  connect_tcp.failed exception=ConnectError(ConnectionRefusedError(10061, 'No connection could be made because the target machine actively refused it', None, 10061, None))
2026-08-10 23:12:06  DEBUG     httpcore.connection  connect_tcp.started host='127.0.0.1' port=11434 local_address=None timeout=None socket_options=None
2026-08-10 23:12:06  DEBUG     httpcore.connection  connect_tcp.failed exception=ConnectError(ConnectionRefusedError(10061, 'No connection could be made because the target machine actively refused it', None, 10061, None))
2026-08-10 23:12:06  DEBUG     httpcore.connection  connect_tcp.failed exception=ConnectError(ConnectionRefusedError(10061, 'No connection could be made because the target machine actively refused it', None, 10061, None))
2026-08-10 23:12:06  DEBUG     httpcore.connection  connect_tcp.failed exception=ConnectError(ConnectionRefusedError(10061, 'No connection could be made because the target machine actively refused it', None, 10061, None))
2026-08-10 23:12:06  DEBUG     httpcore.connection  connect_tcp.started host='127.0.0.1' port=11434 local_address=None timeout=None socket_options=None
2026-08-10 23:12:06  DEBUG     httpcore.connection  connect_tcp.started host='127.0.0.1' port=11434 local_address=None timeout=None socket_options=None
2026-08-10 23:12:06  DEBUG     httpcore.connection  connect_tcp.started host='127.0.0.1' port=11434 local_address=None timeout=None socket_options=None
2026-08-10 23:12:08  DEBUG     httpcore.connection  connect_tcp.failed exception=ConnectError(ConnectionRefusedError(10061, 'No connection could be made because the target machine actively refused it', None, 10061, None))
2026-08-10 23:12:08  DEBUG     httpcore.connection  connect_tcp.started host='127.0.0.1' port=11434 local_address=None timeout=None socket_options=None
2026-08-10 23:12:08  DEBUG     httpcore.connection  connect_tcp.failed exception=ConnectError(ConnectionRefusedError(10061, 'No connection could be made because the target machine actively refused it', None, 10061, None))
2026-08-10 23:12:08  DEBUG     httpcore.connection  connect_tcp.failed exception=ConnectError(ConnectionRefusedError(10061, 'No connection could be made because the target machine actively refused it', None, 10061, None))
2026-08-10 23:12:08  DEBUG     httpcore.connection  connect_tcp.failed exception=ConnectError(ConnectionRefusedError(10061, 'No connection could be made because the target machine actively refused it', None, 10061, None))
2026-08-10 23:12:10  DEBUG     httpcore.connection  connect_tcp.failed exception=ConnectError(ConnectionRefusedError(10061, 'No connection could be made because the target machine actively refused it', None, 10061, None))
2026-08-10 23:12:10  ERROR     __main__  Phase B FAIL TITAN LeAP - CS Dept.xlsx — Ollama embedding failed (model='nomic-embed-text'): Failed to connect to Ollama. Please check that Ollama is downloaded, running and accessible. https://ollama.com/download
2026-08-10 23:12:10  INFO      __main__  [embed] Batch embedding mode active (batch_size=32)
2026-08-10 23:12:10  DEBUG     httpcore.connection  connect_tcp.started host='127.0.0.1' port=11434 local_address=None timeout=None socket_options=None
2026-08-10 23:12:12  DEBUG     httpcore.connection  connect_tcp.failed exception=ConnectError(ConnectionRefusedError(10061, 'No connection could be made because the target machine actively refused it', None, 10061, None))
2026-08-10 23:12:12  WARNING   __main__  ollama.embed batch call failed (Failed to connect to Ollama. Please check that Ollama is downloaded, running and accessible. https://ollama.com/download); falling back to ThreadPool
2026-08-10 23:12:12  DEBUG     httpcore.connection  connect_tcp.started host='127.0.0.1' port=11434 local_address=None timeout=None socket_options=None
2026-08-10 23:12:12  DEBUG     httpcore.connection  connect_tcp.started host='127.0.0.1' port=11434 local_address=None timeout=None socket_options=None
2026-08-10 23:12:12  DEBUG     httpcore.connection  connect_tcp.started host='127.0.0.1' port=11434 local_address=None timeout=None socket_options=None
2026-08-10 23:12:12  DEBUG     httpcore.connection  connect_tcp.started host='127.0.0.1' port=11434 local_address=None timeout=None socket_options=None
2026-08-10 23:12:14  DEBUG     httpcore.connection  connect_tcp.failed exception=ConnectError(ConnectionRefusedError(10061, 'No connection could be made because the target machine actively refused it', None, 10061, None))
2026-08-10 23:12:14  DEBUG     httpcore.connection  connect_tcp.failed exception=ConnectError(ConnectionRefusedError(10061, 'No connection could be made because the target machine actively refused it', None, 10061, None))
2026-08-10 23:12:14  DEBUG     httpcore.connection  connect_tcp.failed exception=ConnectError(ConnectionRefusedError(10061, 'No connection could be made because the target machine actively refused it', None, 10061, None))
2026-08-10 23:12:14  DEBUG     httpcore.connection  connect_tcp.failed exception=ConnectError(ConnectionRefusedError(10061, 'No connection could be made because the target machine actively refused it', None, 10061, None))
2026-08-10 23:12:14  ERROR     __main__  Phase B FAIL 2023103554-4 Year.pdf — Ollama embedding failed (model='nomic-embed-text'): Failed to connect to Ollama. Please check that Ollama is downloaded, running and accessible. https://ollama.com/download
2026-08-10 23:12:14  INFO      __main__  [embed] Batch embedding mode active (batch_size=32)
2026-08-10 23:12:14  DEBUG     httpcore.connection  connect_tcp.started host='127.0.0.1' port=11434 local_address=None timeout=None socket_options=None
2026-08-10 23:12:16  DEBUG     httpcore.connection  connect_tcp.failed exception=ConnectError(ConnectionRefusedError(10061, 'No connection could be made because the target machine actively refused it', None, 10061, None))
2026-08-10 23:12:16  WARNING   __main__  ollama.embed batch call failed (Failed to connect to Ollama. Please check that Ollama is downloaded, running and accessible. https://ollama.com/download); falling back to ThreadPool
2026-08-10 23:12:16  DEBUG     httpcore.connection  connect_tcp.started host='127.0.0.1' port=11434 local_address=None timeout=None socket_options=None
2026-08-10 23:12:16  DEBUG     httpcore.connection  connect_tcp.started host='127.0.0.1' port=11434 local_address=None timeout=None socket_options=None
2026-08-10 23:12:18  DEBUG     httpcore.connection  connect_tcp.failed exception=ConnectError(ConnectionRefusedError(10061, 'No connection could be made because the target machine actively refused it', None, 10061, None))
2026-08-10 23:12:18  DEBUG     httpcore.connection  connect_tcp.failed exception=ConnectError(ConnectionRefusedError(10061, 'No connection could be made because the target machine actively refused it', None, 10061, None))
2026-08-10 23:12:18  ERROR     __main__  Phase B FAIL 2701062026.pdf — Ollama embedding failed (model='nomic-embed-text'): Failed to connect to Ollama. Please check that Ollama is downloaded, running and accessible. https://ollama.com/download
2026-08-10 23:12:18  INFO      __main__  [embed] Batch embedding mode active (batch_size=32)
2026-08-10 23:12:18  DEBUG     httpcore.connection  connect_tcp.started host='127.0.0.1' port=11434 local_address=None timeout=None socket_options=None
2026-08-10 23:12:20  DEBUG     httpcore.connection  connect_tcp.failed exception=ConnectError(ConnectionRefusedError(10061, 'No connection could be made because the target machine actively refused it', None, 10061, None))
2026-08-10 23:12:20  WARNING   __main__  ollama.embed batch call failed (Failed to connect to Ollama. Please check that Ollama is downloaded, running and accessible. https://ollama.com/download); falling back to ThreadPool
2026-08-10 23:12:20  DEBUG     httpcore.connection  connect_tcp.started host='127.0.0.1' port=11434 local_address=None timeout=None socket_options=None
2026-08-10 23:12:20  DEBUG     httpcore.connection  connect_tcp.started host='127.0.0.1' port=11434 local_address=None timeout=None socket_options=None
2026-08-10 23:12:22  DEBUG     httpcore.connection  connect_tcp.failed exception=ConnectError(ConnectionRefusedError(10061, 'No connection could be made because the target machine actively refused it', None, 10061, None))
2026-08-10 23:12:22  DEBUG     httpcore.connection  connect_tcp.failed exception=ConnectError(ConnectionRefusedError(10061, 'No connection could be made because the target machine actively refused it', None, 10061, None))
2026-08-10 23:12:22  ERROR     __main__  Phase B FAIL 4thsemmarksheet.jpeg — Ollama embedding failed (model='nomic-embed-text'): Failed to connect to Ollama. Please check that Ollama is downloaded, running and accessible. https://ollama.com/download
2026-08-10 23:12:22  INFO      __main__  [embed] Batch embedding mode active (batch_size=32)
2026-08-10 23:12:22  DEBUG     httpcore.connection  connect_tcp.started host='127.0.0.1' port=11434 local_address=None timeout=None socket_options=None
2026-08-10 23:12:24  DEBUG     httpcore.connection  connect_tcp.failed exception=ConnectError(ConnectionRefusedError(10061, 'No connection could be made because the target machine actively refused it', None, 10061, None))
2026-08-10 23:12:24  WARNING   __main__  ollama.embed batch call failed (Failed to connect to Ollama. Please check that Ollama is downloaded, running and accessible. https://ollama.com/download); falling back to ThreadPool
2026-08-10 23:12:24  DEBUG     httpcore.connection  connect_tcp.started host='127.0.0.1' port=11434 local_address=None timeout=None socket_options=None
2026-08-10 23:12:24  DEBUG     httpcore.connection  connect_tcp.started host='127.0.0.1' port=11434 local_address=None timeout=None socket_options=None
2026-08-10 23:12:24  DEBUG     httpcore.connection  connect_tcp.started host='127.0.0.1' port=11434 local_address=None timeout=None socket_options=None
2026-08-10 23:12:24  DEBUG     httpcore.connection  connect_tcp.started host='127.0.0.1' port=11434 local_address=None timeout=None socket_options=None
2026-08-10 23:12:26  DEBUG     httpcore.connection  connect_tcp.failed exception=ConnectError(ConnectionRefusedError(10061, 'No connection could be made because the target machine actively refused it', None, 10061, None))
2026-08-10 23:12:26  DEBUG     httpcore.connection  connect_tcp.started host='127.0.0.1' port=11434 local_address=None timeout=None socket_options=None
2026-08-10 23:12:26  DEBUG     httpcore.connection  connect_tcp.failed exception=ConnectError(ConnectionRefusedError(10061, 'No connection could be made because the target machine actively refused it', None, 10061, None))
2026-08-10 23:12:26  DEBUG     httpcore.connection  connect_tcp.failed exception=ConnectError(ConnectionRefusedError(10061, 'No connection could be made because the target machine actively refused it', None, 10061, None))
2026-08-10 23:12:26  DEBUG     httpcore.connection  connect_tcp.failed exception=ConnectError(ConnectionRefusedError(10061, 'No connection could be made because the target machine actively refused it', None, 10061, None))
2026-08-10 23:12:28  DEBUG     httpcore.connection  connect_tcp.failed exception=ConnectError(ConnectionRefusedError(10061, 'No connection could be made because the target machine actively refused it', None, 10061, None))
2026-08-10 23:12:28  ERROR     __main__  Phase B FAIL aadhi 10th Marksheet.pdf — Ollama embedding failed (model='nomic-embed-text'): Failed to connect to Ollama. Please check that Ollama is downloaded, running and accessible. https://ollama.com/download
2026-08-10 23:12:28  INFO      __main__  [embed] Batch embedding mode active (batch_size=32)
2026-08-10 23:12:28  DEBUG     httpcore.connection  connect_tcp.started host='127.0.0.1' port=11434 local_address=None timeout=None socket_options=None
2026-08-10 23:12:31  DEBUG     httpcore.connection  connect_tcp.failed exception=ConnectError(ConnectionRefusedError(10061, 'No connection could be made because the target machine actively refused it', None, 10061, None))
2026-08-10 23:12:31  WARNING   __main__  ollama.embed batch call failed (Failed to connect to Ollama. Please check that Ollama is downloaded, running and accessible. https://ollama.com/download); falling back to ThreadPool
2026-08-10 23:12:31  DEBUG     httpcore.connection  connect_tcp.started host='127.0.0.1' port=11434 local_address=None timeout=None socket_options=None
2026-08-10 23:12:31  DEBUG     httpcore.connection  connect_tcp.started host='127.0.0.1' port=11434 local_address=None timeout=None socket_options=None
2026-08-10 23:12:31  DEBUG     httpcore.connection  connect_tcp.started host='127.0.0.1' port=11434 local_address=None timeout=None socket_options=None
2026-08-10 23:12:31  DEBUG     httpcore.connection  connect_tcp.started host='127.0.0.1' port=11434 local_address=None timeout=None socket_options=None
2026-08-10 23:12:33  DEBUG     httpcore.connection  connect_tcp.failed exception=ConnectError(ConnectionRefusedError(10061, 'No connection could be made because the target machine actively refused it', None, 10061, None))
2026-08-10 23:12:33  DEBUG     httpcore.connection  connect_tcp.failed exception=ConnectError(ConnectionRefusedError(10061, 'No connection could be made because the target machine actively refused it', None, 10061, None))
2026-08-10 23:12:33  DEBUG     httpcore.connection  connect_tcp.failed exception=ConnectError(ConnectionRefusedError(10061, 'No connection could be made because the target machine actively refused it', None, 10061, None))
2026-08-10 23:12:33  DEBUG     httpcore.connection  connect_tcp.started host='127.0.0.1' port=11434 local_address=None timeout=None socket_options=None
2026-08-10 23:12:33  DEBUG     httpcore.connection  connect_tcp.failed exception=ConnectError(ConnectionRefusedError(10061, 'No connection could be made because the target machine actively refused it', None, 10061, None))
2026-08-10 23:12:33  DEBUG     httpcore.connection  connect_tcp.started host='127.0.0.1' port=11434 local_address=None timeout=None socket_options=None
2026-08-10 23:12:33  DEBUG     httpcore.connection  connect_tcp.started host='127.0.0.1' port=11434 local_address=None timeout=None socket_options=None
2026-08-10 23:12:33  DEBUG     httpcore.connection  connect_tcp.started host='127.0.0.1' port=11434 local_address=None timeout=None socket_options=None
2026-08-10 23:12:33  INFO      __main__  === Indexer run started (workers=None, embed_only=False) ===
2026-08-10 23:12:33  INFO      discovery  Scanning: C:\Users\acer\OneDrive\Documents\Aadhisesha
2026-08-10 23:12:33  INFO      __main__  Discovery complete: 14 file(s) found
2026-08-10 23:12:35  DEBUG     httpcore.connection  connect_tcp.failed exception=ConnectError(ConnectionRefusedError(10061, 'No connection could be made because the target machine actively refused it', None, 10061, None))
2026-08-10 23:12:35  DEBUG     httpcore.connection  connect_tcp.started host='127.0.0.1' port=11434 local_address=None timeout=None socket_options=None
2026-08-10 23:12:35  DEBUG     httpcore.connection  connect_tcp.failed exception=ConnectError(ConnectionRefusedError(10061, 'No connection could be made because the target machine actively refused it', None, 10061, None))
2026-08-10 23:12:35  DEBUG     httpcore.connection  connect_tcp.started host='127.0.0.1' port=11434 local_address=None timeout=None socket_options=None
2026-08-10 23:12:35  DEBUG     httpcore.connection  connect_tcp.failed exception=ConnectError(ConnectionRefusedError(10061, 'No connection could be made because the target machine actively refused it', None, 10061, None))
2026-08-10 23:12:35  DEBUG     httpcore.connection  connect_tcp.failed exception=ConnectError(ConnectionRefusedError(10061, 'No connection could be made because the target machine actively refused it', None, 10061, None))
2026-08-10 23:12:36  DEBUG     chromadb.config  Starting component System
2026-08-10 23:12:36  DEBUG     chromadb.config  Starting component Posthog
2026-08-10 23:12:36  INFO      __main__  Pruning missing/deleted file from index: D:\ai_proj\nexus\data\test_samples\sample.docx
2026-08-10 23:12:36  INFO      __main__  Pruning missing/deleted file from index: D:\ai_proj\nexus\data\test_samples\sample.png
2026-08-10 23:12:36  INFO      __main__  Pruning missing/deleted file from index: D:\ai_proj\nexus\data\test_samples\sample.pptx
2026-08-10 23:12:36  INFO      __main__  Pruning missing/deleted file from index: D:\ai_proj\nexus\data\test_tree\folder_a\notes.docx
2026-08-10 23:12:36  INFO      __main__  Pruning missing/deleted file from index: D:\ai_proj\nexus\data\test_tree\folder_a\photo.jpg
2026-08-10 23:12:36  INFO      __main__  Pruning missing/deleted file from index: D:\ai_proj\nexus\data\test_tree\folder_a\report.pdf
2026-08-10 23:12:36  INFO      __main__  Pruning missing/deleted file from index: D:\ai_proj\nexus\data\test_tree\folder_b\App.java
2026-08-10 23:12:36  INFO      __main__  Pruning missing/deleted file from index: D:\ai_proj\nexus\data\test_tree\folder_b\index.js
2026-08-10 23:12:36  INFO      __main__  Pruning missing/deleted file from index: D:\ai_proj\nexus\data\test_tree\folder_b\main.py
2026-08-10 23:12:36  INFO      __main__  Pruning missing/deleted file from index: D:\ai_proj\nexus\data\test_tree\folder_c\data.xlsx
2026-08-10 23:12:36  INFO      __main__  Pruning missing/deleted file from index: D:\ai_proj\nexus\data\test_tree\folder_c\slides.pptx
2026-08-10 23:12:36  INFO      __main__  Pruning missing/deleted file from index: C:\Users\acer\Downloads\2023103554-4 Year.pdf
2026-08-10 23:12:36  INFO      __main__  Pruning missing/deleted file from index: C:\Users\acer\Downloads\2701062026.pdf
2026-08-10 23:12:36  INFO      __main__  Pruning missing/deleted file from index: C:\Users\acer\Downloads\4thsemmarksheet.jpeg
2026-08-10 23:12:36  INFO      __main__  Pruning missing/deleted file from index: C:\Users\acer\Downloads\aadhi 10th Marksheet.pdf
2026-08-10 23:12:36  INFO      __main__  Pruning missing/deleted file from index: C:\Users\acer\Downloads\aadhi 12th Marksheet.pdf
2026-08-10 23:12:36  INFO      __main__  Pruning missing/deleted file from index: C:\Users\acer\Downloads\Aadhi.jpg
2026-08-10 23:12:36  INFO      __main__  Pruning missing/deleted file from index: C:\Users\acer\Downloads\Aadhisesha_Resume.pdf
2026-08-10 23:12:36  INFO      __main__  Pruning missing/deleted file from index: C:\Users\acer\Downloads\aadhisesha_resume_.pdf
2026-08-10 23:12:36  INFO      __main__  Pruning missing/deleted file from index: C:\Users\acer\Downloads\Alleviate_An_AI-Powered_Mobile_Application_for_Personalized_Healthcare_Management_and_Doctor_Recommendation.pdf
2026-08-10 23:12:37  INFO      __main__  Pruning missing/deleted file from index: C:\Users\acer\Downloads\App2916831.pdf
2026-08-10 23:12:37  INFO      __main__  Pruning missing/deleted file from index: C:\Users\acer\Downloads\As We May Search Local First Information Retrieval.pdf
2026-08-10 23:12:37  INFO      __main__  Pruning missing/deleted file from index: C:\Users\acer\Downloads\Assignment_3623_3554.docx
2026-08-10 23:12:37  INFO      __main__  Pruning missing/deleted file from index: C:\Users\acer\Downloads\Assignment_3_3623&3554.pdf
2026-08-10 23:12:37  INFO      __main__  Pruning missing/deleted file from index: C:\Users\acer\Downloads\A_framework_for_personalized_Healthcare_Service_Recommendation.pdf
2026-08-10 23:12:37  INFO      __main__  Pruning missing/deleted file from index: C:\Users\acer\Downloads\Black and White Illustrative Linkedin Banner.png
2026-08-10 23:12:37  INFO      __main__  Pruning missing/deleted file from index: C:\Users\acer\Downloads\ceglogo.png
2026-08-10 23:12:37  INFO      __main__  Pruning missing/deleted file from index: C:\Users\acer\Downloads\community.jpeg
2026-08-10 23:12:37  INFO      __main__  Pruning missing/deleted file from index: C:\Users\acer\Downloads\communitypdf.pdf
2026-08-10 23:12:37  INFO      __main__  Pruning missing/deleted file from index: C:\Users\acer\Downloads\CSE Faculty - annauniv mail ids.docx
2026-08-10 23:12:37  INFO      __main__  Pruning missing/deleted file from index: C:\Users\acer\Downloads\CSE_CGPA_CALCULATOR.xlsx
2026-08-10 23:12:37  INFO      __main__  Pruning missing/deleted file from index: C:\Users\acer\Downloads\fee.pdf
2026-08-10 23:12:37  INFO      __main__  Pruning missing/deleted file from index: C:\Users\acer\Downloads\first_offline_meet.jpg
2026-08-10 23:12:37  INFO      __main__  Pruning missing/deleted file from index: C:\Users\acer\Downloads\Harry Potter.jpg
2026-08-10 23:12:37  INFO      __main__  Pruning missing/deleted file from index: C:\Users\acer\Downloads\Harry_Potter_upscaled.jpg
2026-08-10 23:12:37  INFO      __main__  Pruning missing/deleted file from index: C:\Users\acer\Downloads\IEEE Hackathon.xlsx
2026-08-10 23:12:37  INFO      __main__  Pruning missing/deleted file from index: C:\Users\acer\Downloads\IEEECS Event Proposal Abacus '26.docx
2026-08-10 23:12:37  INFO      __main__  Pruning missing/deleted file from index: C:\Users\acer\Downloads\IEEE_hackathon_perm_letter                                                                                                                                 Date.docx
2026-08-10 23:12:37  INFO      __main__  Pruning missing/deleted file from index: C:\Users\acer\Downloads\IEEE_Paper_Presentation_Report.pdf
2026-08-10 23:12:37  INFO      __main__  Pruning missing/deleted file from index: C:\Users\acer\Downloads\IMG_0421.JPG
2026-08-10 23:12:37  INFO      __main__  Pruning missing/deleted file from index: C:\Users\acer\Downloads\IMG_0531.JPG
2026-08-10 23:12:37  INFO      __main__  Pruning missing/deleted file from index: C:\Users\acer\Downloads\IMG_0532 (1).JPG
2026-08-10 23:12:37  INFO      __main__  Pruning missing/deleted file from index: C:\Users\acer\Downloads\IMG_0532.JPG
2026-08-10 23:12:37  INFO      __main__  Pruning missing/deleted file from index: C:\Users\acer\Downloads\IMG_0535.JPG
2026-08-10 23:12:37  INFO      __main__  Pruning missing/deleted file from index: C:\Users\acer\Downloads\IMG_0538.JPG
2026-08-10 23:12:37  INFO      __main__  Pruning missing/deleted file from index: C:\Users\acer\Downloads\IMG_0541.JPG
2026-08-10 23:12:37  INFO      __main__  Pruning missing/deleted file from index: C:\Users\acer\Downloads\IMG_0670.JPG
2026-08-10 23:12:37  INFO      __main__  Pruning missing/deleted file from index: C:\Users\acer\Downloads\IMG_0715.JPG
2026-08-10 23:12:37  INFO      __main__  Pruning missing/deleted file from index: C:\Users\acer\Downloads\IMG_9904.JPG
2026-08-10 23:12:37  INFO      __main__  Pruning missing/deleted file from index: C:\Users\acer\Downloads\Info_Document.pdf
2026-08-10 23:12:37  INFO      __main__  Pruning missing/deleted file from index: C:\Users\acer\Downloads\input.jpg
2026-08-10 23:12:37  INFO      __main__  Pruning missing/deleted file from index: C:\Users\acer\Downloads\Itrix IEEECS Event.docx
2026-08-10 23:12:37  INFO      __main__  Pruning missing/deleted file from index: C:\Users\acer\Downloads\lab2andlab3iot.pdf
2026-08-10 23:12:37  INFO      __main__  Pruning missing/deleted file from index: C:\Users\acer\Downloads\lab5iot.pdf
2026-08-10 23:12:37  INFO      __main__  Pruning missing/deleted file from index: C:\Users\acer\Downloads\marksheet.jpeg
2026-08-10 23:12:37  INFO      __main__  Pruning missing/deleted file from index: C:\Users\acer\Downloads\marksheetpdf.pdf
2026-08-10 23:12:37  INFO      __main__  Pruning missing/deleted file from index: C:\Users\acer\Downloads\mermaid-diagram-2026-08-05-220510.png
2026-08-10 23:12:37  INFO      __main__  Pruning missing/deleted file from index: C:\Users\acer\Downloads\mermaid-diagram-2026-08-05-220648.png
2026-08-10 23:12:37  INFO      __main__  Pruning missing/deleted file from index: C:\Users\acer\Downloads\Neonova onspot registration sheets (1).xlsx
2026-08-10 23:12:37  INFO      __main__  Pruning missing/deleted file from index: C:\Users\acer\Downloads\Neonova onspot registration sheets.xlsx
2026-08-10 23:12:37  INFO      __main__  Pruning missing/deleted file from index: C:\Users\acer\Downloads\NeoNova_Report_.pdf
2026-08-10 23:12:37  INFO      __main__  Pruning missing/deleted file from index: C:\Users\acer\Downloads\NeoNova_Report_Fixed.docx
2026-08-10 23:12:37  INFO      __main__  Pruning missing/deleted file from index: C:\Users\acer\Downloads\New LL Acknowledgement.pdf
2026-08-10 23:12:37  INFO      __main__  Pruning missing/deleted file from index: C:\Users\acer\Downloads\Offline_Meet_1 (1).docx
2026-08-10 23:12:37  INFO      __main__  Pruning missing/deleted file from index: C:\Users\acer\Downloads\Offline_Meet_1.pdf
2026-08-10 23:12:37  INFO      __main__  Pruning missing/deleted file from index: C:\Users\acer\Downloads\Offline_Meet_2_Report.pdf
2026-08-10 23:12:37  INFO      __main__  Pruning missing/deleted file from index: C:\Users\acer\Downloads\Online Test Shortlist.xlsx
2026-08-10 23:12:37  INFO      __main__  Pruning missing/deleted file from index: C:\Users\acer\Downloads\online-application.pdf
2026-08-10 23:12:37  INFO      __main__  Pruning missing/deleted file from index: C:\Users\acer\Downloads\Online_meet.docx
2026-08-10 23:12:37  INFO      __main__  Pruning missing/deleted file from index: C:\Users\acer\Downloads\Passport_Photo.jpeg
2026-08-10 23:12:37  INFO      __main__  Pruning missing/deleted file from index: C:\Users\acer\Downloads\Reprint_fdaef7f9430f04f97dabe53f2c96ba35a682312f0cf9d20cdb61a09906d05850.pdf
2026-08-10 23:12:37  INFO      __main__  Pruning missing/deleted file from index: C:\Users\acer\Downloads\Round -2 Registration Sheet IEEE Paper Presentation.xlsx
2026-08-10 23:12:37  INFO      __main__  Pruning missing/deleted file from index: C:\Users\acer\Downloads\SCHEDULE + AGENDA IEEE Paper Presentation Round 2.docx
2026-08-10 23:12:37  INFO      __main__  Pruning missing/deleted file from index: C:\Users\acer\Downloads\Screenshot 2026-03-03 212323.png
2026-08-10 23:12:37  INFO      __main__  Pruning missing/deleted file from index: C:\Users\acer\Downloads\Subject Specific Instructions_PNQT.pdf
2026-08-10 23:12:37  INFO      __main__  Pruning missing/deleted file from index: C:\Users\acer\Downloads\tc.jpeg
2026-08-10 23:12:37  INFO      __main__  Pruning missing/deleted file from index: C:\Users\acer\Downloads\tcpdf.pdf
2026-08-10 23:12:37  INFO      __main__  Pruning missing/deleted file from index: C:\Users\acer\Downloads\unnamed.png
2026-08-10 23:12:37  INFO      __main__  Pruning missing/deleted file from index: C:\Users\acer\Downloads\WhatsApp Image 2026-05-29 at 3.54.58 PM.jpeg
2026-08-10 23:12:37  INFO      __main__  Pruning missing/deleted file from index: C:\Users\acer\Downloads\WhatsApp Image 2026-06-15 at 3.02.23 PM.jpeg
2026-08-10 23:12:37  INFO      __main__  Pruning missing/deleted file from index: C:\Users\acer\Downloads\WhatsApp Image 2026-06-16 at 3.32.27 PM.jpeg
2026-08-10 23:12:37  INFO      __main__  Pruning missing/deleted file from index: C:\Users\acer\Downloads\WhatsApp Image 2026-06-21 at 10.44.28 PM.jpeg
2026-08-10 23:12:37  INFO      __main__  Pruning missing/deleted file from index: C:\Users\acer\Downloads\WhatsApp_Image_2026-06-16_at_3.32.27_PM-removebg-preview.png
2026-08-10 23:12:37  INFO      __main__  Pruning missing/deleted file from index: C:\Users\acer\Downloads\YNU Covering Letter.pdf
2026-08-10 23:12:37  INFO      __main__  Pruning missing/deleted file from index: C:\Users\acer\Downloads\YNU_Covering_Letter.pdf
2026-08-10 23:12:37  INFO      __main__  Pruning missing/deleted file from index: C:\Users\acer\Downloads\portfolio\assets\images\profile.jpg
2026-08-10 23:12:37  INFO      __main__  Pruning missing/deleted file from index: C:\Users\acer\Downloads\portfolio\assets\vendor\emailjs.min.js
2026-08-10 23:12:37  INFO      __main__  Pruning missing/deleted file from index: D:\ai_proj\nexus\data\test_samples\sample.py
2026-08-10 23:12:37  INFO      __main__  Pruning missing/deleted file from index: D:\ai_proj\nexus\data\test_samples\sample.xlsx
2026-08-10 23:12:37  DEBUG     httpcore.connection  connect_tcp.failed exception=ConnectError(ConnectionRefusedError(10061, 'No connection could be made because the target machine actively refused it', None, 10061, None))
2026-08-10 23:12:37  DEBUG     httpcore.connection  connect_tcp.failed exception=ConnectError(ConnectionRefusedError(10061, 'No connection could be made because the target machine actively refused it', None, 10061, None))
2026-08-10 23:12:37  ERROR     __main__  Phase B FAIL aadhi 12th Marksheet.pdf — Ollama embedding failed (model='nomic-embed-text'): Failed to connect to Ollama. Please check that Ollama is downloaded, running and accessible. https://ollama.com/download
2026-08-10 23:12:39  DEBUG     httpcore.connection  connect_tcp.started host='127.0.0.1' port=11434 local_address=None timeout=None socket_options=None
2026-08-10 23:12:41  DEBUG     httpcore.connection  connect_tcp.failed exception=ConnectError(ConnectionRefusedError(10061, 'No connection could be made because the target machine actively refused it', None, 10061, None))
2026-08-10 23:12:41  WARNING   parsers.image_parser  Ollama Vision call failed for 'C:\Users\acer\OneDrive\Documents\Aadhisesha\Aadhisesha_35x35.jpeg' (ConnectionError: Failed to connect to Ollama. Please check that Ollama is downloaded, running and accessible. https://ollama.com/download); falling back to Tesseract.
2026-08-10 23:12:42  DEBUG     pytesseract  ['tesseract', 'C:\\Users\\acer\\AppData\\Local\\Temp\\tess_976565lz_input.PNG', 'C:\\Users\\acer\\AppData\\Local\\Temp\\tess_976565lz', '-l', 'eng', 'txt']
2026-08-10 23:12:42  ERROR     parsers.image_parser  Tesseract executable not found. Install Tesseract and ensure it is on your PATH.
2026-08-10 23:12:42  DEBUG     httpcore.connection  connect_tcp.started host='127.0.0.1' port=11434 local_address=None timeout=None socket_options=None
2026-08-10 23:12:44  DEBUG     httpcore.connection  connect_tcp.failed exception=ConnectError(ConnectionRefusedError(10061, 'No connection could be made because the target machine actively refused it', None, 10061, None))
2026-08-10 23:12:44  WARNING   parsers.image_parser  Ollama Vision call failed for 'C:\Users\acer\OneDrive\Documents\Aadhisesha\Aadhi_Passport_raw.JPG' (ConnectionError: Failed to connect to Ollama. Please check that Ollama is downloaded, running and accessible. https://ollama.com/download); falling back to Tesseract.
2026-08-10 23:12:44  DEBUG     pytesseract  ['tesseract', 'C:\\Users\\acer\\AppData\\Local\\Temp\\tess_hy87a9a5_input.PNG', 'C:\\Users\\acer\\AppData\\Local\\Temp\\tess_hy87a9a5', '-l', 'eng', 'txt']
2026-08-10 23:12:44  ERROR     parsers.image_parser  Tesseract executable not found. Install Tesseract and ensure it is on your PATH.
2026-08-10 23:12:44  INFO      __main__  [embed] Batch embedding mode active (batch_size=64)
2026-08-10 23:12:44  DEBUG     httpcore.connection  connect_tcp.started host='127.0.0.1' port=11434 local_address=None timeout=None socket_options=None
2026-08-10 23:12:46  DEBUG     httpcore.connection  connect_tcp.failed exception=ConnectError(ConnectionRefusedError(10061, 'No connection could be made because the target machine actively refused it', None, 10061, None))
2026-08-10 23:12:46  WARNING   __main__  ollama.embed batch call failed (Failed to connect to Ollama. Please check that Ollama is downloaded, running and accessible. https://ollama.com/download); falling back to ThreadPool
2026-08-10 23:12:46  DEBUG     httpcore.connection  connect_tcp.started host='127.0.0.1' port=11434 local_address=None timeout=None socket_options=None
2026-08-10 23:12:46  DEBUG     httpcore.connection  connect_tcp.started host='127.0.0.1' port=11434 local_address=None timeout=None socket_options=None
2026-08-10 23:12:46  DEBUG     httpcore.connection  connect_tcp.started host='127.0.0.1' port=11434 local_address=None timeout=None socket_options=None
2026-08-10 23:12:46  DEBUG     httpcore.connection  connect_tcp.started host='127.0.0.1' port=11434 local_address=None timeout=None socket_options=None
2026-08-10 23:12:46  DEBUG     httpcore.connection  connect_tcp.started host='127.0.0.1' port=11434 local_address=None timeout=None socket_options=None
2026-08-10 23:12:46  DEBUG     httpcore.connection  connect_tcp.started host='127.0.0.1' port=11434 local_address=None timeout=None socket_options=None
2026-08-10 23:12:46  DEBUG     httpcore.connection  connect_tcp.started host='127.0.0.1' port=11434 local_address=None timeout=None socket_options=None
2026-08-10 23:12:46  DEBUG     httpcore.connection  connect_tcp.started host='127.0.0.1' port=11434 local_address=None timeout=None socket_options=None
2026-08-10 23:12:48  DEBUG     httpcore.connection  connect_tcp.failed exception=ConnectError(ConnectionRefusedError(10061, 'No connection could be made because the target machine actively refused it', None, 10061, None))
2026-08-10 23:12:48  DEBUG     httpcore.connection  connect_tcp.failed exception=ConnectError(ConnectionRefusedError(10061, 'No connection could be made because the target machine actively refused it', None, 10061, None))
2026-08-10 23:12:48  DEBUG     httpcore.connection  connect_tcp.failed exception=ConnectError(ConnectionRefusedError(10061, 'No connection could be made because the target machine actively refused it', None, 10061, None))
2026-08-10 23:12:48  DEBUG     httpcore.connection  connect_tcp.failed exception=ConnectError(ConnectionRefusedError(10061, 'No connection could be made because the target machine actively refused it', None, 10061, None))
2026-08-10 23:12:48  DEBUG     httpcore.connection  connect_tcp.failed exception=ConnectError(ConnectionRefusedError(10061, 'No connection could be made because the target machine actively refused it', None, 10061, None))
2026-08-10 23:12:48  DEBUG     httpcore.connection  connect_tcp.failed exception=ConnectError(ConnectionRefusedError(10061, 'No connection could be made because the target machine actively refused it', None, 10061, None))
2026-08-10 23:12:48  DEBUG     httpcore.connection  connect_tcp.failed exception=ConnectError(ConnectionRefusedError(10061, 'No connection could be made because the target machine actively refused it', None, 10061, None))
2026-08-10 23:12:48  DEBUG     httpcore.connection  connect_tcp.failed exception=ConnectError(ConnectionRefusedError(10061, 'No connection could be made because the target machine actively refused it', None, 10061, None))
2026-08-10 23:12:48  ERROR     __main__  Phase B FAIL aadhisesha_resume.pdf — Ollama embedding failed (model='nomic-embed-text'): Failed to connect to Ollama. Please check that Ollama is downloaded, running and accessible. https://ollama.com/download
2026-08-10 23:12:48  INFO      __main__  [embed] Batch embedding mode active (batch_size=64)
2026-08-10 23:12:48  DEBUG     httpcore.connection  connect_tcp.started host='127.0.0.1' port=11434 local_address=None timeout=None socket_options=None
2026-08-10 23:12:50  DEBUG     httpcore.connection  connect_tcp.failed exception=ConnectError(ConnectionRefusedError(10061, 'No connection could be made because the target machine actively refused it', None, 10061, None))
2026-08-10 23:12:50  WARNING   __main__  ollama.embed batch call failed (Failed to connect to Ollama. Please check that Ollama is downloaded, running and accessible. https://ollama.com/download); falling back to ThreadPool
2026-08-10 23:12:50  DEBUG     httpcore.connection  connect_tcp.started host='127.0.0.1' port=11434 local_address=None timeout=None socket_options=None
2026-08-10 23:12:50  DEBUG     httpcore.connection  connect_tcp.started host='127.0.0.1' port=11434 local_address=None timeout=None socket_options=None
2026-08-10 23:12:50  DEBUG     httpcore.connection  connect_tcp.started host='127.0.0.1' port=11434 local_address=None timeout=None socket_options=None
2026-08-10 23:12:50  DEBUG     httpcore.connection  connect_tcp.started host='127.0.0.1' port=11434 local_address=None timeout=None socket_options=None
2026-08-10 23:12:50  DEBUG     httpcore.connection  connect_tcp.started host='127.0.0.1' port=11434 local_address=None timeout=None socket_options=None
2026-08-10 23:12:50  DEBUG     httpcore.connection  connect_tcp.started host='127.0.0.1' port=11434 local_address=None timeout=None socket_options=None
2026-08-10 23:12:50  DEBUG     httpcore.connection  connect_tcp.started host='127.0.0.1' port=11434 local_address=None timeout=None socket_options=None
2026-08-10 23:12:50  DEBUG     httpcore.connection  connect_tcp.started host='127.0.0.1' port=11434 local_address=None timeout=None socket_options=None
2026-08-10 23:12:52  DEBUG     httpcore.connection  connect_tcp.failed exception=ConnectError(ConnectionRefusedError(10061, 'No connection could be made because the target machine actively refused it', None, 10061, None))
2026-08-10 23:12:52  DEBUG     httpcore.connection  connect_tcp.failed exception=ConnectError(ConnectionRefusedError(10061, 'No connection could be made because the target machine actively refused it', None, 10061, None))
2026-08-10 23:12:52  DEBUG     httpcore.connection  connect_tcp.failed exception=ConnectError(ConnectionRefusedError(10061, 'No connection could be made because the target machine actively refused it', None, 10061, None))
2026-08-10 23:12:52  DEBUG     httpcore.connection  connect_tcp.started host='127.0.0.1' port=11434 local_address=None timeout=None socket_options=None
2026-08-10 23:12:52  DEBUG     httpcore.connection  connect_tcp.failed exception=ConnectError(ConnectionRefusedError(10061, 'No connection could be made because the target machine actively refused it', None, 10061, None))
2026-08-10 23:12:52  DEBUG     httpcore.connection  connect_tcp.started host='127.0.0.1' port=11434 local_address=None timeout=None socket_options=None
2026-08-10 23:12:52  DEBUG     httpcore.connection  connect_tcp.started host='127.0.0.1' port=11434 local_address=None timeout=None socket_options=None
2026-08-10 23:12:52  DEBUG     httpcore.connection  connect_tcp.started host='127.0.0.1' port=11434 local_address=None timeout=None socket_options=None
2026-08-10 23:12:52  DEBUG     httpcore.connection  connect_tcp.failed exception=ConnectError(ConnectionRefusedError(10061, 'No connection could be made because the target machine actively refused it', None, 10061, None))
2026-08-10 23:12:52  DEBUG     httpcore.connection  connect_tcp.failed exception=ConnectError(ConnectionRefusedError(10061, 'No connection could be made because the target machine actively refused it', None, 10061, None))
2026-08-10 23:12:52  DEBUG     httpcore.connection  connect_tcp.failed exception=ConnectError(ConnectionRefusedError(10061, 'No connection could be made because the target machine actively refused it', None, 10061, None))
2026-08-10 23:12:52  DEBUG     httpcore.connection  connect_tcp.started host='127.0.0.1' port=11434 local_address=None timeout=None socket_options=None
2026-08-10 23:12:52  DEBUG     httpcore.connection  connect_tcp.failed exception=ConnectError(ConnectionRefusedError(10061, 'No connection could be made because the target machine actively refused it', None, 10061, None))
2026-08-10 23:12:52  DEBUG     httpcore.connection  connect_tcp.started host='127.0.0.1' port=11434 local_address=None timeout=None socket_options=None
2026-08-10 23:12:52  DEBUG     httpcore.connection  connect_tcp.started host='127.0.0.1' port=11434 local_address=None timeout=None socket_options=None
2026-08-10 23:12:54  DEBUG     httpcore.connection  connect_tcp.failed exception=ConnectError(ConnectionRefusedError(10061, 'No connection could be made because the target machine actively refused it', None, 10061, None))
2026-08-10 23:12:54  DEBUG     httpcore.connection  connect_tcp.failed exception=ConnectError(ConnectionRefusedError(10061, 'No connection could be made because the target machine actively refused it', None, 10061, None))
2026-08-10 23:12:54  DEBUG     httpcore.connection  connect_tcp.failed exception=ConnectError(ConnectionRefusedError(10061, 'No connection could be made because the target machine actively refused it', None, 10061, None))
2026-08-10 23:12:54  DEBUG     httpcore.connection  connect_tcp.failed exception=ConnectError(ConnectionRefusedError(10061, 'No connection could be made because the target machine actively refused it', None, 10061, None))
2026-08-10 23:12:54  DEBUG     httpcore.connection  connect_tcp.failed exception=ConnectError(ConnectionRefusedError(10061, 'No connection could be made because the target machine actively refused it', None, 10061, None))
2026-08-10 23:12:54  DEBUG     httpcore.connection  connect_tcp.failed exception=ConnectError(ConnectionRefusedError(10061, 'No connection could be made because the target machine actively refused it', None, 10061, None))
2026-08-10 23:12:54  DEBUG     httpcore.connection  connect_tcp.failed exception=ConnectError(ConnectionRefusedError(10061, 'No connection could be made because the target machine actively refused it', None, 10061, None))
2026-08-10 23:12:54  ERROR     __main__  Phase B FAIL CT20265021581_Application_Form.pdf — Ollama embedding failed (model='nomic-embed-text'): Failed to connect to Ollama. Please check that Ollama is downloaded, running and accessible. https://ollama.com/download
2026-08-10 23:12:54  INFO      __main__  [embed] Batch embedding mode active (batch_size=64)
2026-08-10 23:12:54  DEBUG     httpcore.connection  connect_tcp.started host='127.0.0.1' port=11434 local_address=None timeout=None socket_options=None
2026-08-10 23:12:56  DEBUG     httpcore.connection  connect_tcp.failed exception=ConnectError(ConnectionRefusedError(10061, 'No connection could be made because the target machine actively refused it', None, 10061, None))
2026-08-10 23:12:56  WARNING   __main__  ollama.embed batch call failed (Failed to connect to Ollama. Please check that Ollama is downloaded, running and accessible. https://ollama.com/download); falling back to ThreadPool
2026-08-10 23:12:56  DEBUG     httpcore.connection  connect_tcp.started host='127.0.0.1' port=11434 local_address=None timeout=None socket_options=None
2026-08-10 23:12:56  DEBUG     httpcore.connection  connect_tcp.started host='127.0.0.1' port=11434 local_address=None timeout=None socket_options=None
2026-08-10 23:12:56  DEBUG     httpcore.connection  connect_tcp.started host='127.0.0.1' port=11434 local_address=None timeout=None socket_options=None
2026-08-10 23:12:56  DEBUG     httpcore.connection  connect_tcp.started host='127.0.0.1' port=11434 local_address=None timeout=None socket_options=None
2026-08-10 23:12:56  DEBUG     httpcore.connection  connect_tcp.started host='127.0.0.1' port=11434 local_address=None timeout=None socket_options=None
2026-08-10 23:12:56  DEBUG     httpcore.connection  connect_tcp.started host='127.0.0.1' port=11434 local_address=None timeout=None socket_options=None
2026-08-10 23:12:56  DEBUG     httpcore.connection  connect_tcp.started host='127.0.0.1' port=11434 local_address=None timeout=None socket_options=None
2026-08-10 23:12:56  DEBUG     httpcore.connection  connect_tcp.started host='127.0.0.1' port=11434 local_address=None timeout=None socket_options=None
2026-08-10 23:12:58  DEBUG     httpcore.connection  connect_tcp.failed exception=ConnectError(ConnectionRefusedError(10061, 'No connection could be made because the target machine actively refused it', None, 10061, None))
2026-08-10 23:12:58  DEBUG     httpcore.connection  connect_tcp.started host='127.0.0.1' port=11434 local_address=None timeout=None socket_options=None
2026-08-10 23:12:58  DEBUG     httpcore.connection  connect_tcp.failed exception=ConnectError(ConnectionRefusedError(10061, 'No connection could be made because the target machine actively refused it', None, 10061, None))
2026-08-10 23:12:58  DEBUG     httpcore.connection  connect_tcp.failed exception=ConnectError(ConnectionRefusedError(10061, 'No connection could be made because the target machine actively refused it', None, 10061, None))
2026-08-10 23:12:58  DEBUG     httpcore.connection  connect_tcp.failed exception=ConnectError(ConnectionRefusedError(10061, 'No connection could be made because the target machine actively refused it', None, 10061, None))
2026-08-10 23:12:58  DEBUG     httpcore.connection  connect_tcp.failed exception=ConnectError(ConnectionRefusedError(10061, 'No connection could be made because the target machine actively refused it', None, 10061, None))
2026-08-10 23:12:58  DEBUG     httpcore.connection  connect_tcp.failed exception=ConnectError(ConnectionRefusedError(10061, 'No connection could be made because the target machine actively refused it', None, 10061, None))
2026-08-10 23:12:58  DEBUG     httpcore.connection  connect_tcp.failed exception=ConnectError(ConnectionRefusedError(10061, 'No connection could be made because the target machine actively refused it', None, 10061, None))
2026-08-10 23:12:58  DEBUG     httpcore.connection  connect_tcp.failed exception=ConnectError(ConnectionRefusedError(10061, 'No connection could be made because the target machine actively refused it', None, 10061, None))
2026-08-10 23:13:00  DEBUG     httpcore.connection  connect_tcp.failed exception=ConnectError(ConnectionRefusedError(10061, 'No connection could be made because the target machine actively refused it', None, 10061, None))
2026-08-10 23:13:00  ERROR     __main__  Phase B FAIL tcs_application.pdf — Ollama embedding failed (model='nomic-embed-text'): Failed to connect to Ollama. Please check that Ollama is downloaded, running and accessible. https://ollama.com/download
2026-08-10 23:13:00  INFO      __main__  [embed] Batch embedding mode active (batch_size=64)
2026-08-10 23:13:00  DEBUG     httpcore.connection  connect_tcp.started host='127.0.0.1' port=11434 local_address=None timeout=None socket_options=None
2026-08-10 23:13:02  DEBUG     httpcore.connection  connect_tcp.failed exception=ConnectError(ConnectionRefusedError(10061, 'No connection could be made because the target machine actively refused it', None, 10061, None))
2026-08-10 23:13:02  WARNING   __main__  ollama.embed batch call failed (Failed to connect to Ollama. Please check that Ollama is downloaded, running and accessible. https://ollama.com/download); falling back to ThreadPool
2026-08-10 23:13:02  DEBUG     httpcore.connection  connect_tcp.started host='127.0.0.1' port=11434 local_address=None timeout=None socket_options=None
2026-08-10 23:13:02  DEBUG     httpcore.connection  connect_tcp.started host='127.0.0.1' port=11434 local_address=None timeout=None socket_options=None
2026-08-10 23:13:02  DEBUG     httpcore.connection  connect_tcp.started host='127.0.0.1' port=11434 local_address=None timeout=None socket_options=None
2026-08-10 23:13:02  DEBUG     httpcore.connection  connect_tcp.started host='127.0.0.1' port=11434 local_address=None timeout=None socket_options=None
2026-08-10 23:13:02  DEBUG     httpcore.connection  connect_tcp.started host='127.0.0.1' port=11434 local_address=None timeout=None socket_options=None
2026-08-10 23:13:02  DEBUG     httpcore.connection  connect_tcp.started host='127.0.0.1' port=11434 local_address=None timeout=None socket_options=None
2026-08-10 23:13:02  DEBUG     httpcore.connection  connect_tcp.started host='127.0.0.1' port=11434 local_address=None timeout=None socket_options=None
2026-08-10 23:13:02  DEBUG     httpcore.connection  connect_tcp.started host='127.0.0.1' port=11434 local_address=None timeout=None socket_options=None
2026-08-10 23:13:04  DEBUG     httpcore.connection  connect_tcp.failed exception=ConnectError(ConnectionRefusedError(10061, 'No connection could be made because the target machine actively refused it', None, 10061, None))
2026-08-10 23:13:04  DEBUG     httpcore.connection  connect_tcp.failed exception=ConnectError(ConnectionRefusedError(10061, 'No connection could be made because the target machine actively refused it', None, 10061, None))
2026-08-10 23:13:04  DEBUG     httpcore.connection  connect_tcp.started host='127.0.0.1' port=11434 local_address=None timeout=None socket_options=None
2026-08-10 23:13:04  DEBUG     httpcore.connection  connect_tcp.started host='127.0.0.1' port=11434 local_address=None timeout=None socket_options=None
2026-08-10 23:13:04  DEBUG     httpcore.connection  connect_tcp.failed exception=ConnectError(ConnectionRefusedError(10061, 'No connection could be made because the target machine actively refused it', None, 10061, None))
2026-08-10 23:13:04  DEBUG     httpcore.connection  connect_tcp.started host='127.0.0.1' port=11434 local_address=None timeout=None socket_options=None
2026-08-10 23:13:04  DEBUG     httpcore.connection  connect_tcp.failed exception=ConnectError(ConnectionRefusedError(10061, 'No connection could be made because the target machine actively refused it', None, 10061, None))
2026-08-10 23:13:04  DEBUG     httpcore.connection  connect_tcp.started host='127.0.0.1' port=11434 local_address=None timeout=None socket_options=None
2026-08-10 23:13:04  DEBUG     httpcore.connection  connect_tcp.failed exception=ConnectError(ConnectionRefusedError(10061, 'No connection could be made because the target machine actively refused it', None, 10061, None))
2026-08-10 23:13:04  DEBUG     httpcore.connection  connect_tcp.started host='127.0.0.1' port=11434 local_address=None timeout=None socket_options=None
2026-08-10 23:13:04  DEBUG     httpcore.connection  connect_tcp.failed exception=ConnectError(ConnectionRefusedError(10061, 'No connection could be made because the target machine actively refused it', None, 10061, None))
2026-08-10 23:13:04  DEBUG     httpcore.connection  connect_tcp.started host='127.0.0.1' port=11434 local_address=None timeout=None socket_options=None
2026-08-10 23:13:04  DEBUG     httpcore.connection  connect_tcp.failed exception=ConnectError(ConnectionRefusedError(10061, 'No connection could be made because the target machine actively refused it', None, 10061, None))
2026-08-10 23:13:04  DEBUG     httpcore.connection  connect_tcp.failed exception=ConnectError(ConnectionRefusedError(10061, 'No connection could be made because the target machine actively refused it', None, 10061, None))
2026-08-10 23:13:04  DEBUG     httpcore.connection  connect_tcp.started host='127.0.0.1' port=11434 local_address=None timeout=None socket_options=None
2026-08-10 23:13:04  DEBUG     httpcore.connection  connect_tcp.started host='127.0.0.1' port=11434 local_address=None timeout=None socket_options=None
2026-08-10 23:13:06  DEBUG     httpcore.connection  connect_tcp.failed exception=ConnectError(ConnectionRefusedError(10061, 'No connection could be made because the target machine actively refused it', None, 10061, None))
2026-08-10 23:13:06  DEBUG     httpcore.connection  connect_tcp.failed exception=ConnectError(ConnectionRefusedError(10061, 'No connection could be made because the target machine actively refused it', None, 10061, None))
2026-08-10 23:13:06  DEBUG     httpcore.connection  connect_tcp.started host='127.0.0.1' port=11434 local_address=None timeout=None socket_options=None
2026-08-10 23:13:06  DEBUG     httpcore.connection  connect_tcp.failed exception=ConnectError(ConnectionRefusedError(10061, 'No connection could be made because the target machine actively refused it', None, 10061, None))
2026-08-10 23:13:06  DEBUG     httpcore.connection  connect_tcp.started host='127.0.0.1' port=11434 local_address=None timeout=None socket_options=None
2026-08-10 23:13:06  DEBUG     httpcore.connection  connect_tcp.started host='127.0.0.1' port=11434 local_address=None timeout=None socket_options=None
2026-08-10 23:13:06  DEBUG     httpcore.connection  connect_tcp.failed exception=ConnectError(ConnectionRefusedError(10061, 'No connection could be made because the target machine actively refused it', None, 10061, None))
2026-08-10 23:13:06  DEBUG     httpcore.connection  connect_tcp.started host='127.0.0.1' port=11434 local_address=None timeout=None socket_options=None
2026-08-10 23:13:06  DEBUG     httpcore.connection  connect_tcp.failed exception=ConnectError(ConnectionRefusedError(10061, 'No connection could be made because the target machine actively refused it', None, 10061, None))
2026-08-10 23:13:06  DEBUG     httpcore.connection  connect_tcp.failed exception=ConnectError(ConnectionRefusedError(10061, 'No connection could be made because the target machine actively refused it', None, 10061, None))
2026-08-10 23:13:06  DEBUG     httpcore.connection  connect_tcp.failed exception=ConnectError(ConnectionRefusedError(10061, 'No connection could be made because the target machine actively refused it', None, 10061, None))
2026-08-10 23:13:06  DEBUG     httpcore.connection  connect_tcp.failed exception=ConnectError(ConnectionRefusedError(10061, 'No connection could be made because the target machine actively refused it', None, 10061, None))
2026-08-10 23:13:06  DEBUG     httpcore.connection  connect_tcp.started host='127.0.0.1' port=11434 local_address=None timeout=None socket_options=None
2026-08-10 23:13:06  DEBUG     httpcore.connection  connect_tcp.started host='127.0.0.1' port=11434 local_address=None timeout=None socket_options=None
2026-08-10 23:13:06  DEBUG     httpcore.connection  connect_tcp.started host='127.0.0.1' port=11434 local_address=None timeout=None socket_options=None
2026-08-10 23:13:06  DEBUG     httpcore.connection  connect_tcp.started host='127.0.0.1' port=11434 local_address=None timeout=None socket_options=None
2026-08-10 23:13:08  DEBUG     httpcore.connection  connect_tcp.failed exception=ConnectError(ConnectionRefusedError(10061, 'No connection could be made because the target machine actively refused it', None, 10061, None))
2026-08-10 23:13:08  DEBUG     httpcore.connection  connect_tcp.started host='127.0.0.1' port=11434 local_address=None timeout=None socket_options=None
2026-08-10 23:13:08  DEBUG     httpcore.connection  connect_tcp.failed exception=ConnectError(ConnectionRefusedError(10061, 'No connection could be made because the target machine actively refused it', None, 10061, None))
2026-08-10 23:13:08  DEBUG     httpcore.connection  connect_tcp.started host='127.0.0.1' port=11434 local_address=None timeout=None socket_options=None
2026-08-10 23:13:08  DEBUG     httpcore.connection  connect_tcp.failed exception=ConnectError(ConnectionRefusedError(10061, 'No connection could be made because the target machine actively refused it', None, 10061, None))
2026-08-10 23:13:08  DEBUG     httpcore.connection  connect_tcp.started host='127.0.0.1' port=11434 local_address=None timeout=None socket_options=None
2026-08-10 23:13:08  DEBUG     httpcore.connection  connect_tcp.failed exception=ConnectError(ConnectionRefusedError(10061, 'No connection could be made because the target machine actively refused it', None, 10061, None))
2026-08-10 23:13:08  DEBUG     httpcore.connection  connect_tcp.failed exception=ConnectError(ConnectionRefusedError(10061, 'No connection could be made because the target machine actively refused it', None, 10061, None))
2026-08-10 23:13:08  DEBUG     httpcore.connection  connect_tcp.failed exception=ConnectError(ConnectionRefusedError(10061, 'No connection could be made because the target machine actively refused it', None, 10061, None))
2026-08-10 23:13:08  DEBUG     httpcore.connection  connect_tcp.started host='127.0.0.1' port=11434 local_address=None timeout=None socket_options=None
2026-08-10 23:13:08  DEBUG     httpcore.connection  connect_tcp.failed exception=ConnectError(ConnectionRefusedError(10061, 'No connection could be made because the target machine actively refused it', None, 10061, None))
2026-08-10 23:13:08  DEBUG     httpcore.connection  connect_tcp.started host='127.0.0.1' port=11434 local_address=None timeout=None socket_options=None
2026-08-10 23:13:08  DEBUG     httpcore.connection  connect_tcp.started host='127.0.0.1' port=11434 local_address=None timeout=None socket_options=None
2026-08-10 23:13:08  DEBUG     httpcore.connection  connect_tcp.started host='127.0.0.1' port=11434 local_address=None timeout=None socket_options=None
2026-08-10 23:13:08  DEBUG     httpcore.connection  connect_tcp.failed exception=ConnectError(ConnectionRefusedError(10061, 'No connection could be made because the target machine actively refused it', None, 10061, None))
2026-08-10 23:13:08  DEBUG     httpcore.connection  connect_tcp.started host='127.0.0.1' port=11434 local_address=None timeout=None socket_options=None
2026-08-10 23:13:10  DEBUG     httpcore.connection  connect_tcp.failed exception=ConnectError(ConnectionRefusedError(10061, 'No connection could be made because the target machine actively refused it', None, 10061, None))
2026-08-10 23:13:10  DEBUG     httpcore.connection  connect_tcp.failed exception=ConnectError(ConnectionRefusedError(10061, 'No connection could be made because the target machine actively refused it', None, 10061, None))
2026-08-10 23:13:11  DEBUG     httpcore.connection  connect_tcp.started host='127.0.0.1' port=11434 local_address=None timeout=None socket_options=None
2026-08-10 23:13:10  DEBUG     httpcore.connection  connect_tcp.started host='127.0.0.1' port=11434 local_address=None timeout=None socket_options=None
2026-08-10 23:13:10  DEBUG     httpcore.connection  connect_tcp.failed exception=ConnectError(ConnectionRefusedError(10061, 'No connection could be made because the target machine actively refused it', None, 10061, None))
2026-08-10 23:13:11  DEBUG     httpcore.connection  connect_tcp.started host='127.0.0.1' port=11434 local_address=None timeout=None socket_options=None
2026-08-10 23:13:11  DEBUG     httpcore.connection  connect_tcp.failed exception=ConnectError(ConnectionRefusedError(10061, 'No connection could be made because the target machine actively refused it', None, 10061, None))
2026-08-10 23:13:11  DEBUG     httpcore.connection  connect_tcp.failed exception=ConnectError(ConnectionRefusedError(10061, 'No connection could be made because the target machine actively refused it', None, 10061, None))
2026-08-10 23:13:11  DEBUG     httpcore.connection  connect_tcp.started host='127.0.0.1' port=11434 local_address=None timeout=None socket_options=None
2026-08-10 23:13:11  DEBUG     httpcore.connection  connect_tcp.failed exception=ConnectError(ConnectionRefusedError(10061, 'No connection could be made because the target machine actively refused it', None, 10061, None))
2026-08-10 23:13:11  DEBUG     httpcore.connection  connect_tcp.failed exception=ConnectError(ConnectionRefusedError(10061, 'No connection could be made because the target machine actively refused it', None, 10061, None))
2026-08-10 23:13:11  DEBUG     httpcore.connection  connect_tcp.started host='127.0.0.1' port=11434 local_address=None timeout=None socket_options=None
2026-08-10 23:13:11  DEBUG     httpcore.connection  connect_tcp.failed exception=ConnectError(ConnectionRefusedError(10061, 'No connection could be made because the target machine actively refused it', None, 10061, None))
2026-08-10 23:13:11  DEBUG     httpcore.connection  connect_tcp.started host='127.0.0.1' port=11434 local_address=None timeout=None socket_options=None
2026-08-10 23:13:11  DEBUG     httpcore.connection  connect_tcp.started host='127.0.0.1' port=11434 local_address=None timeout=None socket_options=None
2026-08-10 23:13:11  DEBUG     httpcore.connection  connect_tcp.started host='127.0.0.1' port=11434 local_address=None timeout=None socket_options=None
2026-08-10 23:13:13  DEBUG     httpcore.connection  connect_tcp.failed exception=ConnectError(ConnectionRefusedError(10061, 'No connection could be made because the target machine actively refused it', None, 10061, None))
2026-08-10 23:13:13  DEBUG     httpcore.connection  connect_tcp.started host='127.0.0.1' port=11434 local_address=None timeout=None socket_options=None
2026-08-10 23:13:13  DEBUG     httpcore.connection  connect_tcp.failed exception=ConnectError(ConnectionRefusedError(10061, 'No connection could be made because the target machine actively refused it', None, 10061, None))
2026-08-10 23:13:13  DEBUG     httpcore.connection  connect_tcp.failed exception=ConnectError(ConnectionRefusedError(10061, 'No connection could be made because the target machine actively refused it', None, 10061, None))
2026-08-10 23:13:13  DEBUG     httpcore.connection  connect_tcp.started host='127.0.0.1' port=11434 local_address=None timeout=None socket_options=None
2026-08-10 23:13:13  DEBUG     httpcore.connection  connect_tcp.started host='127.0.0.1' port=11434 local_address=None timeout=None socket_options=None
2026-08-10 23:13:13  DEBUG     httpcore.connection  connect_tcp.failed exception=ConnectError(ConnectionRefusedError(10061, 'No connection could be made because the target machine actively refused it', None, 10061, None))
2026-08-10 23:13:13  DEBUG     httpcore.connection  connect_tcp.failed exception=ConnectError(ConnectionRefusedError(10061, 'No connection could be made because the target machine actively refused it', None, 10061, None))
2026-08-10 23:13:13  DEBUG     httpcore.connection  connect_tcp.started host='127.0.0.1' port=11434 local_address=None timeout=None socket_options=None
2026-08-10 23:13:13  DEBUG     httpcore.connection  connect_tcp.started host='127.0.0.1' port=11434 local_address=None timeout=None socket_options=None
2026-08-10 23:13:13  DEBUG     httpcore.connection  connect_tcp.failed exception=ConnectError(ConnectionRefusedError(10061, 'No connection could be made because the target machine actively refused it', None, 10061, None))
2026-08-10 23:13:13  DEBUG     httpcore.connection  connect_tcp.started host='127.0.0.1' port=11434 local_address=None timeout=None socket_options=None
2026-08-10 23:13:13  DEBUG     httpcore.connection  connect_tcp.failed exception=ConnectError(ConnectionRefusedError(10061, 'No connection could be made because the target machine actively refused it', None, 10061, None))
2026-08-10 23:13:13  DEBUG     httpcore.connection  connect_tcp.failed exception=ConnectError(ConnectionRefusedError(10061, 'No connection could be made because the target machine actively refused it', None, 10061, None))
2026-08-10 23:13:13  DEBUG     httpcore.connection  connect_tcp.started host='127.0.0.1' port=11434 local_address=None timeout=None socket_options=None
2026-08-10 23:13:13  DEBUG     httpcore.connection  connect_tcp.started host='127.0.0.1' port=11434 local_address=None timeout=None socket_options=None
2026-08-10 23:13:15  DEBUG     httpcore.connection  connect_tcp.failed exception=ConnectError(ConnectionRefusedError(10061, 'No connection could be made because the target machine actively refused it', None, 10061, None))
2026-08-10 23:13:15  DEBUG     httpcore.connection  connect_tcp.started host='127.0.0.1' port=11434 local_address=None timeout=None socket_options=None
2026-08-10 23:13:15  DEBUG     httpcore.connection  connect_tcp.failed exception=ConnectError(ConnectionRefusedError(10061, 'No connection could be made because the target machine actively refused it', None, 10061, None))
2026-08-10 23:13:15  DEBUG     httpcore.connection  connect_tcp.failed exception=ConnectError(ConnectionRefusedError(10061, 'No connection could be made because the target machine actively refused it', None, 10061, None))
2026-08-10 23:13:15  DEBUG     httpcore.connection  connect_tcp.started host='127.0.0.1' port=11434 local_address=None timeout=None socket_options=None
2026-08-10 23:13:15  DEBUG     httpcore.connection  connect_tcp.started host='127.0.0.1' port=11434 local_address=None timeout=None socket_options=None
2026-08-10 23:13:15  DEBUG     httpcore.connection  connect_tcp.failed exception=ConnectError(ConnectionRefusedError(10061, 'No connection could be made because the target machine actively refused it', None, 10061, None))
2026-08-10 23:13:15  DEBUG     httpcore.connection  connect_tcp.started host='127.0.0.1' port=11434 local_address=None timeout=None socket_options=None
2026-08-10 23:13:15  DEBUG     httpcore.connection  connect_tcp.failed exception=ConnectError(ConnectionRefusedError(10061, 'No connection could be made because the target machine actively refused it', None, 10061, None))
2026-08-10 23:13:15  DEBUG     httpcore.connection  connect_tcp.started host='127.0.0.1' port=11434 local_address=None timeout=None socket_options=None
2026-08-10 23:13:15  DEBUG     httpcore.connection  connect_tcp.failed exception=ConnectError(ConnectionRefusedError(10061, 'No connection could be made because the target machine actively refused it', None, 10061, None))
2026-08-10 23:13:15  DEBUG     httpcore.connection  connect_tcp.failed exception=ConnectError(ConnectionRefusedError(10061, 'No connection could be made because the target machine actively refused it', None, 10061, None))
2026-08-10 23:13:15  DEBUG     httpcore.connection  connect_tcp.failed exception=ConnectError(ConnectionRefusedError(10061, 'No connection could be made because the target machine actively refused it', None, 10061, None))
2026-08-10 23:13:17  DEBUG     httpcore.connection  connect_tcp.failed exception=ConnectError(ConnectionRefusedError(10061, 'No connection could be made because the target machine actively refused it', None, 10061, None))
2026-08-10 23:13:17  DEBUG     httpcore.connection  connect_tcp.failed exception=ConnectError(ConnectionRefusedError(10061, 'No connection could be made because the target machine actively refused it', None, 10061, None))
2026-08-10 23:13:17  DEBUG     httpcore.connection  connect_tcp.failed exception=ConnectError(ConnectionRefusedError(10061, 'No connection could be made because the target machine actively refused it', None, 10061, None))
2026-08-10 23:13:17  DEBUG     httpcore.connection  connect_tcp.failed exception=ConnectError(ConnectionRefusedError(10061, 'No connection could be made because the target machine actively refused it', None, 10061, None))
2026-08-10 23:13:17  DEBUG     httpcore.connection  connect_tcp.failed exception=ConnectError(ConnectionRefusedError(10061, 'No connection could be made because the target machine actively refused it', None, 10061, None))
2026-08-10 23:13:17  ERROR     __main__  Phase B FAIL TITAN LeAP - CS Dept.xlsx — Ollama embedding failed (model='nomic-embed-text'): Failed to connect to Ollama. Please check that Ollama is downloaded, running and accessible. https://ollama.com/download
2026-08-10 23:13:32  INFO      __main__  === Indexer run started (workers=None, embed_only=False) ===
2026-08-10 23:13:32  INFO      discovery  Scanning: C:\Users\acer\OneDrive\Documents\Aadhisesha
2026-08-10 23:13:32  INFO      __main__  Discovery complete: 14 file(s) found
2026-08-10 23:13:34  DEBUG     chromadb.config  Starting component System
2026-08-10 23:13:34  DEBUG     chromadb.config  Starting component Posthog
2026-08-10 23:13:34  INFO      __main__  Pruning missing/deleted file from index: C:\Users\acer\Downloads\Aadhi.jpg
2026-08-10 23:13:34  INFO      __main__  Pruning missing/deleted file from index: C:\Users\acer\Downloads\Aadhisesha_Resume.pdf
2026-08-10 23:13:34  INFO      __main__  Pruning missing/deleted file from index: C:\Users\acer\Downloads\aadhisesha_resume_.pdf
2026-08-10 23:13:34  INFO      __main__  Pruning missing/deleted file from index: C:\Users\acer\Downloads\Alleviate_An_AI-Powered_Mobile_Application_for_Personalized_Healthcare_Management_and_Doctor_Recommendation.pdf
2026-08-10 23:13:34  INFO      __main__  Pruning missing/deleted file from index: C:\Users\acer\Downloads\App2916831.pdf
2026-08-10 23:13:34  INFO      __main__  Pruning missing/deleted file from index: C:\Users\acer\Downloads\As We May Search Local First Information Retrieval.pdf
2026-08-10 23:13:34  INFO      __main__  Pruning missing/deleted file from index: C:\Users\acer\Downloads\Assignment_3623_3554.docx
2026-08-10 23:13:34  INFO      __main__  Pruning missing/deleted file from index: C:\Users\acer\Downloads\Assignment_3_3623&3554.pdf
2026-08-10 23:13:34  INFO      __main__  Pruning missing/deleted file from index: C:\Users\acer\Downloads\A_framework_for_personalized_Healthcare_Service_Recommendation.pdf
2026-08-10 23:13:34  INFO      __main__  Pruning missing/deleted file from index: C:\Users\acer\Downloads\Black and White Illustrative Linkedin Banner.png
2026-08-10 23:13:34  INFO      __main__  Pruning missing/deleted file from index: C:\Users\acer\Downloads\ceglogo.png
2026-08-10 23:13:34  INFO      __main__  Pruning missing/deleted file from index: C:\Users\acer\Downloads\community.jpeg
2026-08-10 23:13:34  INFO      __main__  Pruning missing/deleted file from index: C:\Users\acer\Downloads\communitypdf.pdf
2026-08-10 23:13:34  INFO      __main__  Pruning missing/deleted file from index: C:\Users\acer\Downloads\CSE Faculty - annauniv mail ids.docx
2026-08-10 23:13:34  INFO      __main__  Pruning missing/deleted file from index: C:\Users\acer\Downloads\CSE_CGPA_CALCULATOR.xlsx
2026-08-10 23:13:34  INFO      __main__  Pruning missing/deleted file from index: C:\Users\acer\Downloads\fee.pdf
2026-08-10 23:13:34  INFO      __main__  Pruning missing/deleted file from index: C:\Users\acer\Downloads\first_offline_meet.jpg
2026-08-10 23:13:34  INFO      __main__  Pruning missing/deleted file from index: C:\Users\acer\Downloads\Harry Potter.jpg
2026-08-10 23:13:34  INFO      __main__  Pruning missing/deleted file from index: C:\Users\acer\Downloads\Harry_Potter_upscaled.jpg
2026-08-10 23:13:34  INFO      __main__  Pruning missing/deleted file from index: C:\Users\acer\Downloads\IEEE Hackathon.xlsx
2026-08-10 23:13:34  INFO      __main__  Pruning missing/deleted file from index: C:\Users\acer\Downloads\IEEECS Event Proposal Abacus '26.docx
2026-08-10 23:13:34  INFO      __main__  Pruning missing/deleted file from index: C:\Users\acer\Downloads\IEEE_hackathon_perm_letter                                                                                                                                 Date.docx
2026-08-10 23:13:34  INFO      __main__  Pruning missing/deleted file from index: C:\Users\acer\Downloads\IEEE_Paper_Presentation_Report.pdf
2026-08-10 23:13:34  INFO      __main__  Pruning missing/deleted file from index: C:\Users\acer\Downloads\IMG_0421.JPG
2026-08-10 23:13:34  INFO      __main__  Pruning missing/deleted file from index: C:\Users\acer\Downloads\IMG_0531.JPG
2026-08-10 23:13:34  INFO      __main__  Pruning missing/deleted file from index: C:\Users\acer\Downloads\IMG_0532 (1).JPG
2026-08-10 23:13:34  INFO      __main__  Pruning missing/deleted file from index: C:\Users\acer\Downloads\IMG_0532.JPG
2026-08-10 23:13:34  INFO      __main__  Pruning missing/deleted file from index: C:\Users\acer\Downloads\IMG_0535.JPG
2026-08-10 23:13:34  INFO      __main__  Pruning missing/deleted file from index: C:\Users\acer\Downloads\IMG_0538.JPG
2026-08-10 23:13:34  INFO      __main__  Pruning missing/deleted file from index: C:\Users\acer\Downloads\IMG_0541.JPG
2026-08-10 23:13:34  INFO      __main__  Pruning missing/deleted file from index: C:\Users\acer\Downloads\IMG_0670.JPG
2026-08-10 23:13:34  INFO      __main__  Pruning missing/deleted file from index: C:\Users\acer\Downloads\IMG_0715.JPG
2026-08-10 23:13:34  INFO      __main__  Pruning missing/deleted file from index: C:\Users\acer\Downloads\IMG_9904.JPG
2026-08-10 23:13:34  INFO      __main__  Pruning missing/deleted file from index: C:\Users\acer\Downloads\Info_Document.pdf
2026-08-10 23:13:34  INFO      __main__  Pruning missing/deleted file from index: C:\Users\acer\Downloads\input.jpg
2026-08-10 23:13:34  INFO      __main__  Pruning missing/deleted file from index: C:\Users\acer\Downloads\Itrix IEEECS Event.docx
2026-08-10 23:13:34  INFO      __main__  Pruning missing/deleted file from index: C:\Users\acer\Downloads\lab2andlab3iot.pdf
2026-08-10 23:13:34  INFO      __main__  Pruning missing/deleted file from index: C:\Users\acer\Downloads\lab5iot.pdf
2026-08-10 23:13:34  INFO      __main__  Pruning missing/deleted file from index: C:\Users\acer\Downloads\marksheet.jpeg
2026-08-10 23:13:34  INFO      __main__  Pruning missing/deleted file from index: C:\Users\acer\Downloads\marksheetpdf.pdf
2026-08-10 23:13:34  INFO      __main__  Pruning missing/deleted file from index: C:\Users\acer\Downloads\mermaid-diagram-2026-08-05-220510.png
2026-08-10 23:13:34  INFO      __main__  Pruning missing/deleted file from index: C:\Users\acer\Downloads\mermaid-diagram-2026-08-05-220648.png
2026-08-10 23:13:34  INFO      __main__  Pruning missing/deleted file from index: C:\Users\acer\Downloads\Neonova onspot registration sheets (1).xlsx
2026-08-10 23:13:34  INFO      __main__  Pruning missing/deleted file from index: C:\Users\acer\Downloads\Neonova onspot registration sheets.xlsx
2026-08-10 23:13:34  INFO      __main__  Pruning missing/deleted file from index: C:\Users\acer\Downloads\NeoNova_Report_.pdf
2026-08-10 23:13:34  INFO      __main__  Pruning missing/deleted file from index: C:\Users\acer\Downloads\NeoNova_Report_Fixed.docx
2026-08-10 23:13:34  INFO      __main__  Pruning missing/deleted file from index: C:\Users\acer\Downloads\New LL Acknowledgement.pdf
2026-08-10 23:13:34  INFO      __main__  Pruning missing/deleted file from index: C:\Users\acer\Downloads\Offline_Meet_1 (1).docx
2026-08-10 23:13:34  INFO      __main__  Pruning missing/deleted file from index: C:\Users\acer\Downloads\Offline_Meet_1.pdf
2026-08-10 23:13:34  INFO      __main__  Pruning missing/deleted file from index: C:\Users\acer\Downloads\Offline_Meet_2_Report.pdf
2026-08-10 23:13:34  INFO      __main__  Pruning missing/deleted file from index: C:\Users\acer\Downloads\Online Test Shortlist.xlsx
2026-08-10 23:13:34  INFO      __main__  Pruning missing/deleted file from index: C:\Users\acer\Downloads\online-application.pdf
2026-08-10 23:13:34  INFO      __main__  Pruning missing/deleted file from index: C:\Users\acer\Downloads\Online_meet.docx
2026-08-10 23:13:34  INFO      __main__  Pruning missing/deleted file from index: C:\Users\acer\Downloads\Passport_Photo.jpeg
2026-08-10 23:13:34  INFO      __main__  Pruning missing/deleted file from index: C:\Users\acer\Downloads\Reprint_fdaef7f9430f04f97dabe53f2c96ba35a682312f0cf9d20cdb61a09906d05850.pdf
2026-08-10 23:13:34  INFO      __main__  Pruning missing/deleted file from index: C:\Users\acer\Downloads\Round -2 Registration Sheet IEEE Paper Presentation.xlsx
2026-08-10 23:13:34  INFO      __main__  Pruning missing/deleted file from index: C:\Users\acer\Downloads\SCHEDULE + AGENDA IEEE Paper Presentation Round 2.docx
2026-08-10 23:13:34  INFO      __main__  Pruning missing/deleted file from index: C:\Users\acer\Downloads\Screenshot 2026-03-03 212323.png
2026-08-10 23:13:34  INFO      __main__  Pruning missing/deleted file from index: C:\Users\acer\Downloads\Subject Specific Instructions_PNQT.pdf
2026-08-10 23:13:34  INFO      __main__  Pruning missing/deleted file from index: C:\Users\acer\Downloads\tc.jpeg
2026-08-10 23:13:34  INFO      __main__  Pruning missing/deleted file from index: C:\Users\acer\Downloads\tcpdf.pdf
2026-08-10 23:13:34  INFO      __main__  Pruning missing/deleted file from index: C:\Users\acer\Downloads\unnamed.png
2026-08-10 23:13:34  INFO      __main__  Pruning missing/deleted file from index: C:\Users\acer\Downloads\WhatsApp Image 2026-05-29 at 3.54.58 PM.jpeg
2026-08-10 23:13:34  INFO      __main__  Pruning missing/deleted file from index: C:\Users\acer\Downloads\WhatsApp Image 2026-06-15 at 3.02.23 PM.jpeg
2026-08-10 23:13:34  INFO      __main__  Pruning missing/deleted file from index: C:\Users\acer\Downloads\WhatsApp Image 2026-06-16 at 3.32.27 PM.jpeg
2026-08-10 23:13:34  INFO      __main__  Pruning missing/deleted file from index: C:\Users\acer\Downloads\WhatsApp Image 2026-06-21 at 10.44.28 PM.jpeg
2026-08-10 23:13:34  INFO      __main__  Pruning missing/deleted file from index: C:\Users\acer\Downloads\WhatsApp_Image_2026-06-16_at_3.32.27_PM-removebg-preview.png
2026-08-10 23:13:34  INFO      __main__  Pruning missing/deleted file from index: C:\Users\acer\Downloads\YNU Covering Letter.pdf
2026-08-10 23:13:34  INFO      __main__  Pruning missing/deleted file from index: C:\Users\acer\Downloads\YNU_Covering_Letter.pdf
2026-08-10 23:13:34  INFO      __main__  Pruning missing/deleted file from index: C:\Users\acer\Downloads\portfolio\assets\images\profile.jpg
2026-08-10 23:13:34  INFO      __main__  Pruning missing/deleted file from index: C:\Users\acer\Downloads\portfolio\assets\vendor\emailjs.min.js
2026-08-10 23:13:34  INFO      __main__  Pruning missing/deleted file from index: D:\ai_proj\nexus\data\test_samples\sample.py
2026-08-10 23:13:34  INFO      __main__  Pruning missing/deleted file from index: D:\ai_proj\nexus\data\test_samples\sample.xlsx
2026-08-10 23:13:35  INFO      __main__  [embed] Batch embedding mode active (batch_size=64)
2026-08-10 23:13:36  DEBUG     httpcore.connection  connect_tcp.started host='127.0.0.1' port=11434 local_address=None timeout=None socket_options=None
2026-08-10 23:13:36  DEBUG     httpcore.connection  connect_tcp.complete return_value=<httpcore._backends.sync.SyncStream object at 0x00000231FCCA5A90>
2026-08-10 23:13:36  DEBUG     httpcore.http11  send_request_headers.started request=<Request [b'POST']>
2026-08-10 23:13:36  DEBUG     httpcore.http11  send_request_headers.complete
2026-08-10 23:13:36  DEBUG     httpcore.http11  send_request_body.started request=<Request [b'POST']>
2026-08-10 23:13:36  DEBUG     httpcore.http11  send_request_body.complete
2026-08-10 23:13:36  DEBUG     httpcore.http11  receive_response_headers.started request=<Request [b'POST']>
2026-08-10 23:13:39  DEBUG     httpcore.http11  receive_response_headers.complete return_value=(b'HTTP/1.1', 200, b'OK', [(b'Content-Type', b'application/json; charset=utf-8'), (b'Date', b'Mon, 10 Aug 2026 17:43:39 GMT'), (b'Transfer-Encoding', b'chunked')])
2026-08-10 23:13:39  INFO      httpx  HTTP Request: POST http://127.0.0.1:11434/api/embed "HTTP/1.1 200 OK"
2026-08-10 23:13:39  DEBUG     httpcore.http11  receive_response_body.started request=<Request [b'POST']>
2026-08-10 23:13:39  DEBUG     httpcore.http11  receive_response_body.complete
2026-08-10 23:13:39  DEBUG     httpcore.http11  response_closed.started
2026-08-10 23:13:39  DEBUG     httpcore.http11  response_closed.complete
2026-08-10 23:13:39  INFO      __main__  [embed] Embedded 8 chunk(s) in 3.82s (2.1 chunks/sec)
2026-08-10 23:13:39  INFO      __main__  [embed] Batch embedding mode active (batch_size=64)
2026-08-10 23:13:39  DEBUG     httpcore.http11  send_request_headers.started request=<Request [b'POST']>
2026-08-10 23:13:39  DEBUG     httpcore.http11  send_request_headers.complete
2026-08-10 23:13:39  DEBUG     httpcore.http11  send_request_body.started request=<Request [b'POST']>
2026-08-10 23:13:39  DEBUG     httpcore.http11  send_request_body.complete
2026-08-10 23:13:39  DEBUG     httpcore.http11  receive_response_headers.started request=<Request [b'POST']>
2026-08-10 23:13:45  DEBUG     httpcore.http11  receive_response_headers.complete return_value=(b'HTTP/1.1', 200, b'OK', [(b'Content-Type', b'application/json; charset=utf-8'), (b'Date', b'Mon, 10 Aug 2026 17:43:45 GMT'), (b'Transfer-Encoding', b'chunked')])
2026-08-10 23:13:45  INFO      httpx  HTTP Request: POST http://127.0.0.1:11434/api/embed "HTTP/1.1 200 OK"
2026-08-10 23:13:45  DEBUG     httpcore.http11  receive_response_body.started request=<Request [b'POST']>
2026-08-10 23:13:45  DEBUG     httpcore.http11  receive_response_body.complete
2026-08-10 23:13:45  DEBUG     httpcore.http11  response_closed.started
2026-08-10 23:13:45  DEBUG     httpcore.http11  response_closed.complete
2026-08-10 23:13:45  INFO      __main__  [embed] Embedded 15 chunk(s) in 6.01s (2.5 chunks/sec)
2026-08-10 23:13:46  INFO      __main__  [embed] Batch embedding mode active (batch_size=64)
2026-08-10 23:13:46  DEBUG     httpcore.http11  send_request_headers.started request=<Request [b'POST']>
2026-08-10 23:13:46  DEBUG     httpcore.http11  send_request_headers.complete
2026-08-10 23:13:46  DEBUG     httpcore.http11  send_request_body.started request=<Request [b'POST']>
2026-08-10 23:13:46  DEBUG     httpcore.http11  send_request_body.complete
2026-08-10 23:13:46  DEBUG     httpcore.http11  receive_response_headers.started request=<Request [b'POST']>
2026-08-10 23:13:49  DEBUG     httpcore.http11  receive_response_headers.complete return_value=(b'HTTP/1.1', 200, b'OK', [(b'Content-Type', b'application/json; charset=utf-8'), (b'Date', b'Mon, 10 Aug 2026 17:43:49 GMT'), (b'Transfer-Encoding', b'chunked')])
2026-08-10 23:13:49  INFO      httpx  HTTP Request: POST http://127.0.0.1:11434/api/embed "HTTP/1.1 200 OK"
2026-08-10 23:13:49  DEBUG     httpcore.http11  receive_response_body.started request=<Request [b'POST']>
2026-08-10 23:13:49  DEBUG     httpcore.http11  receive_response_body.complete
2026-08-10 23:13:49  DEBUG     httpcore.http11  response_closed.started
2026-08-10 23:13:49  DEBUG     httpcore.http11  response_closed.complete
2026-08-10 23:13:49  INFO      __main__  [embed] Embedded 9 chunk(s) in 3.89s (2.3 chunks/sec)
2026-08-10 23:13:50  INFO      __main__  [embed] Batch embedding mode active (batch_size=64)
2026-08-10 23:13:50  DEBUG     httpcore.http11  send_request_headers.started request=<Request [b'POST']>
2026-08-10 23:13:50  DEBUG     httpcore.http11  send_request_headers.complete
2026-08-10 23:13:50  DEBUG     httpcore.http11  send_request_body.started request=<Request [b'POST']>
2026-08-10 23:13:50  DEBUG     httpcore.http11  send_request_body.complete
2026-08-10 23:13:50  DEBUG     httpcore.http11  receive_response_headers.started request=<Request [b'POST']>
2026-08-10 23:14:32  DEBUG     httpcore.http11  receive_response_headers.complete return_value=(b'HTTP/1.1', 200, b'OK', [(b'Content-Type', b'application/json; charset=utf-8'), (b'Date', b'Mon, 10 Aug 2026 17:44:32 GMT'), (b'Transfer-Encoding', b'chunked')])
2026-08-10 23:14:32  INFO      httpx  HTTP Request: POST http://127.0.0.1:11434/api/embed "HTTP/1.1 200 OK"
2026-08-10 23:14:32  DEBUG     httpcore.http11  receive_response_body.started request=<Request [b'POST']>
2026-08-10 23:14:32  DEBUG     httpcore.http11  receive_response_body.complete
2026-08-10 23:14:32  DEBUG     httpcore.http11  response_closed.started
2026-08-10 23:14:32  DEBUG     httpcore.http11  response_closed.complete
2026-08-10 23:14:32  INFO      __main__  [embed] Embedded 53 chunk(s) in 42.22s (1.3 chunks/sec)
